lambda_um,width_um,height_um,n_eff_TE,n_eff_TM
0.75,0.75,0.6,1.91773806183364,1.91149274611882
0.75,0.75,0.625,1.92145855000793,1.91661517545052
0.75,0.75,0.65,1.92486448610255,1.92122916872422
0.75,0.75,0.675,1.92796114742469,1.92541378071121
0.75,0.75,0.7,1.93081059697025,1.92920605364887
0.75,0.75,0.725,1.93341370125587,1.93266379740145
0.75,0.75,0.75,1.93584826431504,1.93578747074665
0.75,0.75,0.775,1.93803338910335,1.93870810854982
0.75,0.75,0.8,1.9400827477106,1.94135913135133
0.75,0.75,0.825,1.94198179693652,1.94379871020524
0.75,0.75,0.85,1.94374703570099,1.94604966059022
0.75,0.75,0.875,1.94539394921453,1.94813290252145
0.75,0.75,0.9,1.94693812814519,1.95006807758129
0.75,0.75,0.925,1.94839666878296,1.95187460870226
0.75,0.75,0.95,1.94979047536722,1.95357334762119
0.75,0.75,0.975,1.9511484945098,1.95518946140659
0.75,0.75,1,1.95251642104195,1.95675823519964
0.75,0.775,0.6,1.92064216309334,1.91371724424674
0.75,0.775,0.625,1.9243477471959,1.91881663313665
0.75,0.775,0.65,1.92776330019015,1.92344712054049
0.75,0.775,0.675,1.93084692914386,1.92761212581796
0.75,0.775,0.7,1.93370439274379,1.93141830223631
0.75,0.775,0.725,1.93629574033528,1.93485954519048
0.75,0.775,0.75,1.93870926110421,1.93802296585686
0.75,0.775,0.775,1.94094340922501,1.94089011152736
0.75,0.775,0.8,1.94296793878988,1.94356173367753
0.75,0.775,0.825,1.94486539493843,1.94599887720578
0.75,0.775,0.85,1.9466288280255,1.94824775879049
0.75,0.775,0.875,1.94827389570487,1.95032906285979
0.75,0.775,0.9,1.94981616487442,1.95226236517898
0.75,0.775,0.925,1.95127265277367,1.95406703272202
0.75,0.775,0.95,1.95266412313007,1.95576384126252
0.75,0.775,0.975,1.95401927267052,1.95737783450703
0.75,0.775,1,1.95538331317926,1.95894407178116
0.75,0.8,0.6,1.9233068341433,1.91578453393908
0.75,0.8,0.625,1.92702069905914,1.92090117420366
0.75,0.8,0.65,1.93042144724895,1.92550872656748
0.75,0.8,0.675,1.93351205146742,1.92968821662009
0.75,0.8,0.7,1.93635662479629,1.93347479577672
0.75,0.8,0.725,1.93895389471822,1.93692850263346
0.75,0.8,0.75,1.94135585958376,1.94007529860569
0.75,0.8,0.775,1.94356805199376,1.942959834736
0.75,0.8,0.8,1.9456348124875,1.94558491328044
0.75,0.8,0.825,1.94750498641553,1.94804524063172
0.75,0.8,0.85,1.94926665747709,1.95029195257487
0.75,0.8,0.875,1.95090972970377,1.95237142437691
0.75,0.8,0.9,1.95244993331489,1.95430298020326
0.75,0.8,0.925,1.95390423780132,1.95610590280119
0.75,0.8,0.95,1.95529328075469,1.95780088393206
0.75,0.8,0.975,1.95664552428355,1.95941284177558
0.75,0.8,1,1.95800572124111,1.96097661425116
0.75,0.825,0.6,1.92575605056385,1.91768654082551
0.75,0.825,0.625,1.92945681198123,1.92278235947649
0.75,0.825,0.65,1.9328660518522,1.92740487420313
0.75,0.825,0.675,1.93594523218812,1.93156666783311
0.75,0.825,0.7,1.93879699668349,1.93536577835554
0.75,0.825,0.725,1.9413842729068,1.93880430624855
0.75,0.825,0.75,1.94379231237819,1.94196187868733
0.75,0.825,0.775,1.94600232771789,1.94484471976579
0.75,0.825,0.8,1.94804546050308,1.94748976942751
0.75,0.825,0.825,1.94995363114247,1.94990862595258
0.75,0.825,0.85,1.95169624881429,1.95217105913732
0.75,0.825,0.875,1.95333802850464,1.95424858014741
0.75,0.825,0.9,1.95487668085873,1.95617845809776
0.75,0.825,0.925,1.95632928663666,1.95797975266421
0.75,0.825,0.95,1.95771639446931,1.95967306579401
0.75,0.825,0.975,1.95906626839426,1.96128320577964
0.75,0.825,1,1.96042326719537,1.96284481981895
0.75,0.85,0.6,1.9280150736558,1.91946196537089
0.75,0.85,0.625,1.93172307384421,1.92457332522937
0.75,0.85,0.65,1.93511916402726,1.92917509270236
0.75,0.85,0.675,1.93820448030828,1.93334993427175
0.75,0.85,0.7,1.9410448212126,1.9371313428821
0.75,0.85,0.725,1.94363736262736,1.9405810618529
0.75,0.85,0.75,1.94603543637194,1.94372337329567
0.75,0.85,0.775,1.9482432099229,1.94660439363862
0.75,0.85,0.8,1.95028400905836,1.94924794896227
0.75,0.85,0.825,1.95217557382294,1.95167978343447
0.75,0.85,0.85,1.95394939705556,1.95390754138556
0.75,0.85,0.875,1.95557087899932,1.95600199450962
0.75,0.85,0.9,1.95710801314311,1.95793005378984
0.75,0.85,0.925,1.9585587898596,1.95972975758105
0.75,0.85,0.95,1.95994383367399,1.96142145478035
0.75,0.85,0.975,1.96129124161243,1.9630298176828
0.75,0.85,1,1.96264499904065,1.96458929509252
0.75,0.875,0.6,1.93009888065588,1.92110069155491
0.75,0.875,0.625,1.9337952614753,1.9261931482739
0.75,0.875,0.65,1.93719895863897,1.93080859937166
0.75,0.875,0.675,1.94027415386963,1.93496740758018
0.75,0.875,0.7,1.94312097787686,1.93876026110738
0.75,0.875,0.725,1.94570468652403,1.94219623274354
0.75,0.875,0.75,1.94810832217969,1.94534831242809
0.75,0.875,0.775,1.95031452871436,1.94822753948418
0.75,0.875,0.8,1.95235378557468,1.95086946926207
0.75,0.875,0.825,1.95424363364082,1.95330001605278
0.75,0.875,0.85,1.95600030074658,1.95554205415916
0.75,0.875,0.875,1.95764824830183,1.95760724866588
0.75,0.875,0.9,1.95917218334606,1.95954573363474
0.75,0.875,0.925,1.96062177298939,1.96134377603328
0.75,0.875,0.95,1.96200524298237,1.96303397224151
0.75,0.875,0.975,1.96335068676783,1.96464073716977
0.75,0.875,1,1.96470178531708,1.96619832728396
0.75,0.9,0.6,1.93203030410276,1.92263660831215
0.75,0.9,0.625,1.93573311045921,1.92774317072965
0.75,0.9,0.65,1.9391250221224,1.93233975946183
0.75,0.9,0.675,1.9422056945094,1.9365104082394
0.75,0.9,0.7,1.94504228432229,1.94028720521424
0.75,0.9,0.725,1.94763071539337,1.94373332345249
0.75,0.9,0.75,1.95002544128031,1.94687157190568
0.75,0.9,0.775,1.95222970076177,1.94974911903289
0.75,0.9,0.8,1.95426710961925,1.95238948665347
0.75,0.9,0.825,1.95615516706496,1.95481859977248
0.75,0.9,0.85,1.95790994087638,1.95705945600514
0.75,0.9,0.875,1.95954683109649,1.95913273497765
0.75,0.9,0.9,1.96108946347019,1.96104958785964
0.75,0.9,0.925,1.96252644500372,1.96285724732005
0.75,0.9,0.95,1.96390839456442,1.96454576775202
0.75,0.9,0.975,1.96525177772785,1.96615093824768
0.75,0.9,1,1.96660013451883,1.96770667887545
0.75,0.925,0.6,1.93381739455587,1.92405833083571
0.75,0.925,0.625,1.93750981224068,1.92914765018024
0.75,0.925,0.65,1.94090862952681,1.93375683451929
0.75,0.925,0.675,1.94398025489617,1.93791288827502
0.75,0.925,0.7,1.94682275868678,1.941700210713
0.75,0.925,0.725,1.94940329709927,1.94513383310836
0.75,0.925,0.75,1.95180312223466,1.9482810475565
0.75,0.925,0.775,1.95400606249047,1.95115699239825
0.75,0.925,0.8,1.9560422115208,1.95379586957895
0.75,0.925,0.825,1.95792904758538,1.95622359960823
0.75,0.925,0.85,1.95968259545816,1.95846319283594
0.75,0.925,0.875,1.9613180865312,1.9605354586961
0.75,0.925,0.9,1.96285090793158,1.96245973319451
0.75,0.925,0.925,1.96430154364229,1.96425129201499
0.75,0.925,0.95,1.96567593862931,1.9659447357798
0.75,0.925,0.975,1.9670179330308,1.96754825885895
0.75,0.925,1,1.96836411270458,1.96910231626884
0.75,0.95,0.6,1.93548148844215,1.92539589492552
0.75,0.95,0.625,1.93917968922485,1.93049810467984
0.75,0.95,0.65,1.9425678550669,1.93509005683658
0.75,0.95,0.675,1.94564443547598,1.93925692582251
0.75,0.95,0.7,1.9484776883992,1.94302961374706
0.75,0.95,0.725,1.95106251628702,1.94647249553123
0.75,0.95,0.75,1.95345428928049,1.94960712644836
0.75,0.95,0.775,1.95565549232027,1.95248155745858
0.75,0.95,0.8,1.95769000442157,1.9551190203399
0.75,0.95,0.825,1.95957528593825,1.95754542554041
0.75,0.95,0.85,1.96132733705369,1.9597837753543
0.75,0.95,0.875,1.96296134538925,1.96185488195692
0.75,0.95,0.9,1.96449255848356,1.96377816526859
0.75,0.95,0.925,1.96593765119849,1.96557262873501
0.75,0.95,0.95,1.96731905254106,1.96725626107078
0.75,0.95,0.975,1.96865442481694,1.96886321687555
0.75,0.95,1,1.96999858297923,1.97041531266556
0.75,0.975,0.6,1.93702524540558,1.92663718592038
0.75,0.975,0.625,1.94071408527582,1.93172359540495
0.75,0.975,0.65,1.94410859423723,1.93632720649388
0.75,0.975,0.675,1.947177021619,1.94048072799938
0.75,0.975,0.7,1.95001572943778,1.94426315026614
0.75,0.975,0.725,1.95259344345909,1.94769462207896
0.75,0.975,0.75,1.95498993602394,1.95083753411455
0.75,0.975,0.775,1.95719001379212,1.95371054504616
0.75,0.975,0.8,1.95922345675577,1.95634668370826
0.75,0.975,0.825,1.9611077129088,1.95877185061158
0.75,0.975,0.85,1.96285876585876,1.96100903843487
0.75,0.975,0.875,1.96449177785586,1.96307905145201
0.75,0.975,0.9,1.96602194860223,1.96500131168375
0.75,0.975,0.925,1.9674658093081,1.96679489850468
0.75,0.975,0.95,1.96884340204339,1.96848007980207
0.75,0.975,0.975,1.9701828212291,1.97008039256092
0.75,0.975,1,1.97152171970035,1.97163446271134
0.75,1,0.6,1.93846911237047,1.9278091027522
0.75,1,0.625,1.94216322053106,1.93290736343304
0.75,1,0.65,1.94554802712007,1.93749515870308
0.75,1,0.675,1.94862098986672,1.94165861688895
0.75,1,0.7,1.9514512675642,1.94542763750201
0.75,1,0.725,1.95403292186486,1.94886760781293
0.75,1,0.75,1.95642207489245,1.95199901821008
0.75,1,0.775,1.95862059027168,1.95487066525437
0.75,1,0.8,1.96065256468813,1.95750553021712
0.75,1,0.825,1.96253543167395,1.95992950268506
0.75,1,0.85,1.96428515739299,1.96216556354868
0.75,1,0.875,1.96591688103365,1.9642345038174
0.75,1,0.9,1.96744576836526,1.96615573054576
0.75,1,0.925,1.96888829277292,1.96794830979909
0.75,1,0.95,1.97026436339469,1.96963253077865
0.75,1,0.975,1.97160121638238,1.97123259868036
0.75,1,1,1.97294139307415,1.97278189261698
0.75,1.025,0.6,1.93981149782582,1.92889915896205
0.75,1.025,0.625,1.94349710823366,1.93398288062287
0.75,1.025,0.65,1.94688780180593,1.9385815224416
0.75,1.025,0.675,1.94995336051546,1.94273272080806
0.75,1.025,0.7,1.95278871962467,1.9465107887086
0.75,1.025,0.725,1.95536391090408,1.94994029460719
0.75,1.025,0.75,1.95775747291461,1.953079391881
0.75,1.025,0.775,1.95995502543189,1.95594977924665
0.75,1.025,0.8,1.96198608679328,1.95858346930338
0.75,1.025,0.825,1.96386808057861,1.96100634193313
0.75,1.025,0.85,1.96561696042966,1.96324136765435
0.75,1.025,0.875,1.96724784842381,1.96530932568135
0.75,1.025,0.9,1.96877588506633,1.96722960873531
0.75,1.025,0.925,1.97021750343415,1.96902126461543
0.75,1.025,0.95,1.97159254188803,1.97070456001347
0.75,1.025,0.975,1.97292809095667,1.97230368482403
0.75,1.025,1,1.97426626559992,1.97385213763172
0.75,1.05,0.6,1.94107235458404,1.92993168238368
0.75,1.05,0.625,1.94476281634179,1.935026357264
0.75,1.05,0.65,1.94814460662085,1.93961041822714
0.75,1.05,0.675,1.95121435993047,1.94377079354517
0.75,1.05,0.7,1.95404197858839,1.94753653303297
0.75,1.05,0.725,1.95662082599143,1.95097387907247
0.75,1.05,0.75,1.95900764588986,1.9541024157832
0.75,1.05,0.775,1.961203785026,1.95697157154778
0.75,1.05,0.8,1.96323351996291,1.95960411280933
0.75,1.05,0.825,1.96511426153985,1.96202590915788
0.75,1.05,0.85,1.96686194843088,1.96425991991874
0.75,1.05,0.875,1.968491683653,1.96632691125993
0.75,1.05,0.9,1.97001858136293,1.96824625946725
0.75,1.05,0.925,1.97145903523316,1.97003698995937
0.75,1.05,0.95,1.97283281996251,1.97171933661468
0.75,1.05,0.975,1.97416691428677,1.97331743737798
0.75,1.05,1,1.97550321741308,1.97486469863668
0.75,1.075,0.6,1.94224670123023,1.93089404512711
0.75,1.075,0.625,1.94592939451457,1.93597528673915
0.75,1.075,0.65,1.94931669814249,1.94056948283574
0.75,1.075,0.675,1.95237967902783,1.94471855019171
0.75,1.075,0.7,1.95521207234867,1.94849273502497
0.75,1.075,0.725,1.95778500468288,1.95192044320057
0.75,1.075,0.75,1.96017597767543,1.95505614633918
0.75,1.075,0.775,1.96237129208726,1.95792418228078
0.75,1.075,0.8,1.96440024578663,1.96055567933132
0.75,1.075,0.825,1.96628024113542,1.96297649821894
0.75,1.075,0.85,1.96802720631752,1.96520958871573
0.75,1.075,0.875,1.96965623026893,1.96727570590344
0.75,1.075,0.9,1.97118240682719,1.96919421202196
0.75,1.075,0.925,1.97262209841424,1.97098411296097
0.75,1.075,0.95,1.97399502860072,1.97266561280807
0.75,1.075,0.975,1.9753280863723,1.9742627994263
0.75,1.075,1,1.97666299831091,1.97580898446097
0.75,1.1,0.6,1.94335425441094,1.9318084323463
0.75,1.1,0.625,1.94704145783546,1.93689984696326
0.75,1.1,0.65,1.95042053485767,1.94148054536432
0.75,1.1,0.675,1.95348743079255,1.94563812867566
0.75,1.1,0.7,1.9563126668687,1.94940092439931
0.75,1.1,0.725,1.95888902174208,1.95283589949561
0.75,1.1,0.75,1.9612737571312,1.95596186451542
0.75,1.1,0.775,1.96346778615858,1.9588287848638
0.75,1.1,0.8,1.9654955350239,1.96145924258775
0.75,1.1,0.825,1.96737439464093,1.96387908886808
0.75,1.1,0.85,1.96912027991564,1.96611126318508
0.75,1.1,0.875,1.97074826309351,1.96817650869594
0.75,1.1,0.9,1.97227341522556,1.97009417263176
0.75,1.1,0.925,1.97371206507548,1.97188324030546
0.75,1.1,0.95,1.9750838825713,1.97356388510562
0.75,1.1,0.975,1.97641566393182,1.97516014486449
0.75,1.1,1,1.97774895816819,1.97670524065262
0.75,1.125,0.6,1.9443872999773,1.93266224579348
0.75,1.125,0.625,1.94806735445862,1.93774120128147
0.75,1.125,0.65,1.95145163587615,1.94233140683232
0.75,1.125,0.675,1.95451229520629,1.94647851927365
0.75,1.125,0.7,1.95734205167749,1.95024922900224
0.75,1.125,0.725,1.95991295583024,1.9536752921752
0.75,1.125,0.75,1.96230163167928,1.95680796443389
0.75,1.125,0.775,1.96449495434327,1.95967388673594
0.75,1.125,0.8,1.96652203453254,1.962303414126
0.75,1.125,0.825,1.96840025583871,1.96472238981656
0.75,1.125,0.85,1.97014552418457,1.96695374472564
0.75,1.125,0.875,1.97177289983095,1.96901821209324
0.75,1.125,0.9,1.97329743660635,1.9709351265872
0.75,1.125,0.925,1.97473543686179,1.97272345602121
0.75,1.125,0.95,1.97610652738694,1.97440334701742
0.75,1.125,0.975,1.97743742861819,1.97599879241433
0.75,1.125,1,1.97876954269482,1.97754292916685
0.75,1.15,0.6,1.9453654848245,1.93347585797106
0.75,1.15,0.625,1.9490497677819,1.93856430337992
0.75,1.15,0.65,1.95242639889065,1.94314196628424
0.75,1.15,0.675,1.95549074188117,1.94729701547127
0.75,1.15,0.7,1.95831383726196,1.95105716243057
0.75,1.15,0.725,1.96088797016915,1.95448999010803
0.75,1.15,0.75,1.96327083723665,1.95761364656561
0.75,1.15,0.775,1.96546298497031,1.96047855510046
0.75,1.15,0.8,1.96748896498302,1.96310713908622
0.75,1.15,0.825,1.96936615048627,1.96552523287656
0.75,1.15,0.85,1.97111043547598,1.96775575792251
0.75,1.15,0.875,1.97273686535108,1.96981943657645
0.75,1.15,0.9,1.97426047378924,1.9717355898762
0.75,1.15,0.925,1.97569753350831,1.97352316700385
0.75,1.15,0.95,1.97706762416004,1.97520228681223
0.75,1.15,0.975,1.97839738460162,1.97679689691458
0.75,1.15,1,1.97972806020409,1.97834005264146
0.75,1.175,0.6,1.94627887156376,1.93423681546823
0.75,1.175,0.625,1.9499565345053,1.93931366375168
0.75,1.175,0.65,1.9533381123388,1.94390027655255
0.75,1.175,0.675,1.95639667567231,1.94804559435167
0.75,1.175,0.7,1.95922407897092,1.95181318370944
0.75,1.175,0.725,1.96179315680966,1.95523773996651
0.75,1.175,0.75,1.96417978633341,1.95836769617362
0.75,1.175,0.775,1.9663713296608,1.96123171280595
0.75,1.175,0.8,1.96839673776243,1.96385946566529
0.75,1.175,0.825,1.97027337749932,1.9662767819594
0.75,1.175,0.85,1.97201713512315,1.96850657549837
0.75,1.175,0.875,1.97364304573361,1.97056955982909
0.75,1.175,0.9,1.97516612821887,1.97248504488912
0.75,1.175,0.925,1.97660263259209,1.97427196447082
0.75,1.175,0.95,1.97797210133283,1.97595041399685
0.75,1.175,0.975,1.97930110775026,1.97754430190919
0.75,1.175,1,1.98063076953288,1.97908661081207
0.75,1.2,0.6,1.94714714144822,1.93496394473995
0.75,1.2,0.625,1.95082879865629,1.94004968090673
0.75,1.2,0.65,1.95420321962884,1.94462459634534
0.75,1.2,0.675,1.95726527371748,1.94877734016069
0.75,1.2,0.7,1.96008644032338,1.95253509676815
0.75,1.2,0.725,1.96265858502421,1.95596597449376
0.75,1.2,0.75,1.96503977226948,1.95908755210279
0.75,1.2,0.775,1.96723023634575,1.96195064456459
0.75,1.2,0.8,1.96925463474176,1.96457753830612
0.75,1.2,0.825,1.97113032484395,1.96699405230919
0.75,1.2,0.85,1.97287318210349,1.96922309166347
0.75,1.2,0.875,1.97449822826409,1.97128535995687
0.75,1.2,0.9,1.97602046421863,1.97320015472316
0.75,1.2,0.925,1.9774561136331,1.97498639284349
0.75,1.2,0.95,1.97882467718418,1.97666414453789
0.75,1.2,0.975,1.98015265591783,1.97825727712205
0.75,1.2,1,1.98148102868311,1.97979869871023
0.75,1.225,0.6,1.94795853216792,1.93564500746609
0.75,1.225,0.625,1.95163402370869,1.94071991322007
0.75,1.225,0.65,1.95501317523434,1.94530328160408
0.75,1.225,0.675,1.95806984165417,1.94944695039589
0.75,1.225,0.7,1.96089513747123,1.95321172862494
0.75,1.225,0.725,1.96346256619149,1.95663490262998
0.75,1.225,0.75,1.96584736587337,1.95976241646106
0.75,1.225,0.775,1.9680373136402,1.96262470964587
0.75,1.225,0.8,1.97006122355164,1.96525085870047
0.75,1.225,0.825,1.97193644745278,1.96766667614944
0.75,1.225,0.85,1.9736788540625,1.96989506017876
0.75,1.225,0.875,1.97530345618225,1.97195670640985
0.75,1.225,0.9,1.9768252418569,1.97387090230558
0.75,1.225,0.925,1.9782604149947,1.97565655072894
0.75,1.225,0.95,1.97962844384404,1.97733370045877
0.75,1.225,0.975,1.98095577207926,1.9789261827901
0.75,1.225,1,1.98228326631509,1.98046683863779
0.75,1.25,0.6,1.948732828402,1.93629750624891
0.75,1.25,0.625,1.9524121175453,1.94138076530241
0.75,1.25,0.65,1.95578453644975,1.94595318727127
0.75,1.25,0.675,1.9588445313865,1.95010382880767
0.75,1.25,0.7,1.961663955215,1.95385942189216
0.75,1.25,0.725,1.96423431444162,1.95728852438176
0.75,1.25,0.75,1.9666139866632,1.96040822416303
0.75,1.25,0.775,1.96880293848821,1.96326967229201
0.75,1.25,0.8,1.97082591739677,1.9658950366311
0.75,1.25,0.825,1.97270026656365,1.96831012210199
0.75,1.25,0.85,1.97444184490111,1.97053781892283
0.75,1.25,0.875,1.97606565317662,1.97259881372777
0.75,1.25,0.9,1.97758666332442,1.97451238292362
0.75,1.25,0.925,1.97902105577073,1.97629741446748
0.75,1.25,0.95,1.98038826160798,1.97797393513314
0.75,1.25,0.975,1.98171466038123,1.9795657405833
0.75,1.25,1,1.98304099565813,1.98110560758191
0.75,1.275,0.6,1.94945675402362,1.93690945998315
0.75,1.275,0.625,1.95313026912646,1.94198257252487
0.75,1.275,0.65,1.95650723567659,1.94656300067403
0.75,1.275,0.675,1.95956218062333,1.95070515192505
0.75,1.275,0.7,1.96238558217313,1.95446738862379
0.75,1.275,0.725,1.96495151740277,1.95788929260119
0.75,1.275,0.75,1.96733467467597,1.96101460231063
0.75,1.275,0.775,1.96952318671689,1.96387533232832
0.75,1.275,0.8,1.97154574953272,1.9665000277252
0.75,1.275,0.825,1.97341970146581,1.96891448760784
0.75,1.275,0.85,1.97516089557638,1.97114159599229
0.75,1.275,0.875,1.97678432486494,1.97320203237003
0.75,1.275,0.9,1.97830495009667,1.97511506412927
0.75,1.275,0.925,1.97973893449244,1.97689956667698
0.75,1.275,0.95,1.98110568084486,1.97857554757839
0.75,1.275,0.975,1.9824315185099,1.98016677017779
0.75,1.275,1,1.98375709260863,1.98170595080404
0.75,1.3,0.6,1.9501502355959,1.93749721963196
0.75,1.3,0.625,1.9538273825485,1.94257820882979
0.75,1.3,0.65,1.95719798320338,1.94714836161751
0.75,1.3,0.675,1.96025611954312,1.95129708135193
0.75,1.3,0.7,1.96307396416462,1.95505071042036
0.75,1.3,0.725,1.9656427143876,1.95847819249183
0.75,1.3,0.75,1.96802101604363,1.96159619077615
0.75,1.3,0.775,1.97020860483657,1.96445614560071
0.75,1.3,0.8,1.97223030521767,1.96708012185581
0.75,1.3,0.825,1.97410344754866,1.96949391157742
0.75,1.3,0.85,1.97584387592309,1.97172039143313
0.75,1.3,0.875,1.97746657241163,1.97378023269633
0.75,1.3,0.9,1.97898648322944,1.9756926927252
0.75,1.3,0.925,1.98041975047362,1.97747663349166
0.75,1.3,0.95,1.98178574358684,1.97915204281962
0.75,1.3,0.975,1.98311073441816,1.980742652181
0.75,1.3,1,1.98443525776291,1.98228112061145
0.75,1.325,0.6,1.95079873603854,1.9380490960953
0.75,1.325,0.625,1.95447044812107,1.94312055078603
0.75,1.325,0.65,1.95784544072993,1.94769830664512
0.75,1.325,0.675,1.96089881933764,1.95183905879737
0.75,1.325,0.7,1.96372051249215,1.95559899058832
0.75,1.325,0.725,1.9662850913073,1.95901972535112
0.75,1.325,0.75,1.9686667692154,1.96214303950778
0.75,1.325,0.775,1.97085398490542,1.96500234748663
0.75,1.325,0.8,1.97287533220515,1.96762572129648
0.75,1.325,0.825,1.97474813726162,1.97003894774596
0.75,1.325,0.85,1.97648823907756,1.97226489795126
0.75,1.325,0.875,1.97811061296841,1.97432423682234
0.75,1.325,0.9,1.97963019542407,1.97623621372064
0.75,1.325,0.925,1.9810631135354,1.97801967953716
0.75,1.325,0.95,1.98242871202065,1.97969460519535
0.75,1.325,0.975,1.98375321881412,1.98128469380943
0.75,1.325,1,1.98507708247241,1.98282255148483
0.75,1.35,0.6,1.95142234407764,1.93858042908231
0.75,1.35,0.625,1.95509754731743,1.94365933341333
0.75,1.35,0.65,1.95846649231819,1.94822741527491
0.75,1.35,0.675,1.96152294566359,1.95237437367647
0.75,1.35,0.7,1.96433935520569,1.9561262144925
0.75,1.35,0.725,1.9669066505633,1.95955221348331
0.75,1.35,0.75,1.96928370859331,1.96266866525857
0.75,1.35,0.775,1.97147006470378,1.96552725984932
0.75,1.35,0.8,1.97349060955744,1.96814997243895
0.75,1.35,0.825,1.97536266192168,1.97056258322543
0.75,1.35,0.85,1.97710205255674,1.97278795649457
0.75,1.35,0.875,1.97872374679137,1.97484674955805
0.75,1.35,0.9,1.98024266788859,1.97675820254047
0.75,1.35,0.925,1.98167492380235,1.97854115398481
0.75,1.35,0.95,1.9830398290882,1.98021555666578
0.75,1.35,0.975,1.98436355967722,1.98180508432836
0.75,1.35,1,1.98568646424969,1.9833422900769
0.75,1.375,0.6,1.95200546411594,1.93907983841576
0.75,1.375,0.625,1.95567552742219,1.94414975880815
0.75,1.375,0.65,1.95904873108703,1.94872507832159
0.75,1.375,0.675,1.96210068071025,1.9528645385558
0.75,1.375,0.7,1.96492082795868,1.95662237315323
0.75,1.375,0.725,1.96748417136931,1.96004202952688
0.75,1.375,0.75,1.9698645121577,1.96316353085957
0.75,1.375,0.775,1.97205055344561,1.9660215411471
0.75,1.375,0.8,1.97407080023571,1.9686437095739
0.75,1.375,0.825,1.97594256761582,1.9710558116011
0.75,1.375,0.85,1.97768168190665,1.97328070648661
0.75,1.375,0.875,1.97930310253682,1.97533904577838
0.75,1.375,0.9,1.98082174424924,1.97725006235335
0.75,1.375,0.925,1.98225370180328,1.97903258470125
0.75,1.375,0.95,1.9836182679289,1.98070655024624
0.75,1.375,0.975,1.98494157962158,1.98229560695067
0.75,1.375,1,1.98626390871397,1.98383225976898
0.75,1.4,0.6,1.9525683565895,1.93956177595453
0.75,1.4,0.625,1.95624179089368,1.94463876032732
0.75,1.4,0.65,1.95960922420502,1.94920494652957
0.75,1.4,0.675,1.96266414871966,1.9533502862295
0.75,1.4,0.7,1.96547925038212,1.95710049376603
0.75,1.4,0.725,1.96804522591179,1.96052513153486
0.75,1.4,0.75,1.97042115208892,1.96364017320294
0.75,1.4,0.775,1.97260638971698,1.96649752494077
0.75,1.4,0.8,1.97462588670388,1.96911908354477
0.75,1.4,0.825,1.97649695128818,1.97153061830661
0.75,1.4,0.85,1.97823540218543,1.97375498216254
0.75,1.4,0.875,1.97985618966859,1.97581281969075
0.75,1.4,0.9,1.98137421642613,1.97772335536845
0.75,1.4,0.925,1.98280555985997,1.97950540653644
0.75,1.4,0.95,1.98416948543888,1.98117889431254
0.75,1.4,0.975,1.98549208328604,1.98276744033347
0.75,1.4,1,1.9868135354449,1.9843035020363
0.75,1.425,0.6,1.95309453167593,1.94001517413746
0.75,1.425,0.625,1.9567630833984,1.9450836707892
0.75,1.425,0.65,1.96013466054484,1.94965676155095
0.75,1.425,0.675,1.96318530290898,1.95379502568342
0.75,1.425,0.7,1.96600404662248,1.95755094561401
0.75,1.425,0.725,1.96856626160169,1.96096960476957
0.75,1.425,0.75,1.97094538971625,1.96408945367075
0.75,1.425,0.775,1.97313036358212,1.96694627607782
0.75,1.425,0.8,1.97514961067077,1.96956734173793
0.75,1.425,0.825,1.97702043601059,1.97197841563866
0.75,1.425,0.85,1.97875865444655,1.97420234614795
0.75,1.425,0.875,1.98037921109736,1.9762597726026
0.75,1.425,0.9,1.9818970011846,1.9781699128762
0.75,1.425,0.925,1.98332809050633,1.97995157512329
0.75,1.425,0.95,1.98469172527043,1.98162466638325
0.75,1.425,0.975,1.98601396111524,1.98321278454513
0.75,1.425,1,1.98733491173627,1.98474834248243
0.75,1.45,0.6,1.95360442339809,1.9404536986308
0.75,1.45,0.625,1.95727624289814,1.94552890959796
0.75,1.45,0.65,1.96064229202165,1.95009335484834
0.75,1.45,0.675,1.96369582331386,1.95423720236066
0.75,1.45,0.7,1.96650972945141,1.95798591316444
0.75,1.45,0.725,1.96907450373118,1.9614092976842
0.75,1.45,0.75,1.97144939659792,1.96452304927624
0.75,1.45,0.775,1.97363361601087,1.96737926166978
0.75,1.45,0.8,1.97565215958282,1.96999976296389
0.75,1.45,0.825,1.97752232595678,1.97241031236789
0.75,1.45,0.85,1.97925992292496,1.97463375237694
0.75,1.45,0.875,1.98087988716445,1.97669071591243
0.75,1.45,0.9,1.98239710284165,1.97860041318996
0.75,1.45,0.925,1.98382761990219,1.98038164229005
0.75,1.45,0.95,1.98519065972737,1.98205429562892
0.75,1.45,0.975,1.98651223535032,1.98364194762853
0.75,1.45,1,1.98783237897895,1.98517696899524
0.75,1.475,0.6,1.95408078283791,1.9408665977294
0.75,1.475,0.625,1.95774794497564,1.94593376908175
0.75,1.475,0.65,1.96111803836643,1.95050481358727
0.75,1.475,0.675,1.96416748138698,1.95464196688465
0.75,1.475,0.7,1.96698494648244,1.95839613247501
0.75,1.475,0.725,1.96954612767606,1.96181386663868
0.75,1.475,0.75,1.97192415216756,1.96493220389125
0.75,1.475,0.775,1.97410815260809,1.96778793519472
0.75,1.475,0.8,1.9761264885065,1.97040798851191
0.75,1.475,0.825,1.97799645570708,1.9728181191396
0.75,1.475,0.85,1.9797338586284,1.9750411654295
0.75,1.475,0.875,1.98135362944406,1.97709775555924
0.75,1.475,0.9,1.98287064577359,1.9790070937788
0.75,1.475,0.925,1.98430094735403,1.98078796988031
0.75,1.475,0.95,1.98566373857159,1.98246026358475
0.75,1.475,0.975,1.9869850019514,1.98404752789609
0.75,1.475,1,1.9883047090858,1.98558209329077
0.75,1.5,0.6,1.9545442147525,1.94126683484978
0.75,1.5,0.625,1.9582145554048,1.94634040179425
0.75,1.5,0.65,1.96157933312513,1.9509032420333
0.75,1.5,0.675,1.96463159057516,1.95504570898948
0.75,1.5,0.7,1.96744440037176,1.95879304296455
0.75,1.5,0.725,1.97000807764949,1.96221526949033
0.75,1.5,0.75,1.97238202407133,1.96532783636071
0.75,1.5,0.775,1.97456531338257,1.96818300042447
0.75,1.5,0.8,1.9765829864905,1.97080252940181
0.75,1.5,0.825,1.97845233325974,1.97321217314114
0.75,1.5,0.85,1.980189151536,1.97543476449044
0.75,1.5,0.875,1.98180836566742,1.97749092565352
0.75,1.5,0.9,1.98332484307538,1.97939985379218
0.75,1.5,0.925,1.98475460892731,1.98118032941861
0.75,1.5,0.95,1.98611684484257,1.98285221882379
0.75,1.5,0.975,1.98743749431265,1.98443905348486
0.75,1.5,1,1.98875645426975,1.98597312518413
0.775,0.75,0.6,1.9095970954939,1.90290139791813
0.775,0.75,0.625,1.91349952082513,1.90827244127496
0.775,0.75,0.65,1.91704330274566,1.9131373267394
0.775,0.75,0.675,1.92029884127606,1.91753950375218
0.775,0.75,0.7,1.92326832063421,1.92154651809705
0.775,0.75,0.725,1.92600986030366,1.9251902064831
0.775,0.75,0.75,1.92849057800749,1.92855428123156
0.775,0.75,0.775,1.93084559382604,1.93157557891141
0.775,0.75,0.8,1.9329963182387,1.9343773491217
0.775,0.75,0.825,1.93498903691818,1.93695597193481
0.775,0.75,0.85,1.93684016820456,1.93933480550332
0.775,0.75,0.875,1.9385645644181,1.94153493482385
0.775,0.75,0.9,1.94017631613599,1.94357555105394
0.775,0.75,0.925,1.94168952958363,1.94547461128624
0.775,0.75,0.95,1.94312035005783,1.94724987327411
0.775,0.75,0.975,1.9444851166345,1.94891946124276
0.775,0.75,1,1.94580900415579,1.95050546233235
0.775,0.775,0.6,1.91266569704411,1.90524243773487
0.775,0.775,0.625,1.91656513113475,1.91061051983126
0.775,0.775,0.65,1.9201056971118,1.9154725123985
0.775,0.775,0.675,1.92335864446938,1.91987147636562
0.775,0.775,0.7,1.92632491605415,1.92387601180254
0.775,0.775,0.725,1.92906358178894,1.92751723573099
0.775,0.775,0.75,1.93157229407512,1.93084824792673
0.775,0.775,0.775,1.93392637684732,1.93386564452715
0.775,0.775,0.8,1.93604295288196,1.93669690191038
0.775,0.775,0.825,1.93803385408858,1.93927291800877
0.775,0.775,0.85,1.93988293034831,1.94164958340296
0.775,0.775,0.875,1.94160526777326,1.94384770386767
0.775,0.775,0.9,1.94321496220041,1.94588640496452
0.775,0.775,0.925,1.94472607803089,1.94778360110292
0.775,0.775,0.95,1.94615459781218,1.94955695214838
0.775,0.775,0.975,1.9475169058322,1.95122463274264
0.775,0.775,1,1.94883786530929,1.95280853846603
0.775,0.8,0.6,1.91547606383851,1.90738991326157
0.775,0.8,0.625,1.91937000941666,1.9127532842287
0.775,0.8,0.65,1.92290577053094,1.91760404096513
0.775,0.8,0.675,1.92616823631805,1.92201954218745
0.775,0.8,0.7,1.92912184883379,1.92600474713757
0.775,0.8,0.725,1.93186848704788,1.92965996028723
0.775,0.8,0.75,1.93436571934583,1.93297468318774
0.775,0.8,0.775,1.93669885601479,1.9360318302754
0.775,0.8,0.8,1.93886411074698,1.9388101989024
0.775,0.8,0.825,1.94083082260728,1.94140640118941
0.775,0.8,0.85,1.94267732112134,1.9437805118013
0.775,0.8,0.875,1.94439812136854,1.94597652946691
0.775,0.8,0.9,1.94600623726387,1.94801325077171
0.775,0.8,0.925,1.94751571978932,1.94990853041215
0.775,0.8,0.95,1.94894067472721,1.95167865558908
0.775,0.8,0.975,1.95030114295349,1.95334465394455
0.775,0.8,1,1.95161973694606,1.95492653372934
0.775,0.825,0.6,1.91807326979198,1.90941131695849
0.775,0.825,0.625,1.92196716142204,1.91477363771567
0.775,0.825,0.65,1.92550190399798,1.91963024969975
0.775,0.825,0.675,1.92875002273235,1.92402299454479
0.775,0.825,0.7,1.93171065178683,1.92802290955531
0.775,0.825,0.725,1.93444474933175,1.93165869260215
0.775,0.825,0.75,1.93694796959092,1.93498605287401
0.775,0.825,0.775,1.9392698031634,1.93802673847525
0.775,0.825,0.8,1.9414137574123,1.94082213981146
0.775,0.825,0.825,1.94342259428733,1.94337219009318
0.775,0.825,0.85,1.94524263636178,1.94577024093402
0.775,0.825,0.875,1.94696166780725,1.94796431815577
0.775,0.825,0.9,1.94856777200753,1.94999945261068
0.775,0.825,0.925,1.95007518351217,1.95189323992293
0.775,0.825,0.95,1.95149967980849,1.95366316050075
0.775,0.825,0.975,1.95285773874392,1.95532754135644
0.775,0.825,1,1.95417349328025,1.95690754506888
0.775,0.85,0.6,1.9204575125883,1.91125451889328
0.775,0.85,0.625,1.92434657430243,1.91661271506851
0.775,0.85,0.65,1.92787717303892,1.92145919958483
0.775,0.85,0.675,1.93113342151115,1.92586691230393
0.775,0.85,0.7,1.93408315452552,1.92984938442355
0.775,0.85,0.725,1.93682416409369,1.93349772928808
0.775,0.85,0.75,1.93931781547411,1.93681010714157
0.775,0.85,0.775,1.9416455025615,1.93986161179287
0.775,0.85,0.8,1.94378740529295,1.94265536788805
0.775,0.85,0.825,1.94577248142875,1.94522567325295
0.775,0.85,0.85,1.94762900648484,1.94758278049589
0.775,0.85,0.875,1.94933011448608,1.94979161109363
0.775,0.85,0.9,1.95093514498005,1.95182473149282
0.775,0.85,0.925,1.9524412210896,1.95371678706787
0.775,0.85,0.95,1.95386272621834,1.95548384678414
0.775,0.85,0.975,1.95521916201111,1.95714662134844
0.775,0.85,1,1.95653301838775,1.95872501472409
0.775,0.875,0.6,1.92266942056778,1.91300074779493
0.775,0.875,0.625,1.92655826924317,1.91835780322966
0.775,0.875,0.65,1.93008779302559,1.92320951198319
0.775,0.875,0.675,1.93333161118557,1.92759662283172
0.775,0.875,0.7,1.93628725331656,1.93159235804564
0.775,0.875,0.725,1.93901742194524,1.93522314003288
0.775,0.875,0.75,1.94151616561779,1.93854686636173
0.775,0.875,0.775,1.94383435600865,1.94158324295656
0.775,0.875,0.8,1.94597409524445,1.94437538066031
0.775,0.875,0.825,1.94795689356918,1.9469444022317
0.775,0.875,0.85,1.94979894832651,1.94931372537852
0.775,0.875,0.875,1.95153095961382,1.95148838852271
0.775,0.875,0.9,1.95311488021847,1.9535394611393
0.775,0.875,0.925,1.95461945574646,1.9554299016892
0.775,0.875,0.95,1.95604059454773,1.95719673193124
0.775,0.875,0.975,1.95739498123564,1.95885806642556
0.775,0.875,1,1.95870642719825,1.96043481828809
0.775,0.9,0.6,1.92470892704829,1.91459406105005
0.775,0.9,0.625,1.92859352415761,1.91994750920566
0.775,0.9,0.65,1.93211948732436,1.92479006054287
0.775,0.9,0.675,1.93537026998539,1.92919084157999
0.775,0.9,0.7,1.93831649921392,1.93317076783808
0.775,0.9,0.725,1.94105262046617,1.93681299357405
0.775,0.9,0.75,1.94354311666078,1.94012315536391
0.775,0.9,0.775,1.94586642674278,1.94316930080331
0.775,0.9,0.8,1.94800469710687,1.94595965730961
0.775,0.9,0.825,1.94998604890882,1.94852704973084
0.775,0.9,0.85,1.95182558525668,1.95089499859507
0.775,0.9,0.875,1.95353994515717,1.95308454339411
0.775,0.9,0.9,1.95515035709412,1.95510643380919
0.775,0.9,0.925,1.95664270446352,1.95700643749091
0.775,0.9,0.95,1.95806157211509,1.95877046663161
0.775,0.9,0.975,1.95941462963471,1.96043034781003
0.775,0.9,1,1.96072448391346,1.9620056703045
0.775,0.925,0.6,1.92660744394963,1.91611098282907
0.775,0.925,0.625,1.93049188711254,1.9214634223766
0.775,0.925,0.65,1.93401685281183,1.92631254352361
0.775,0.925,0.675,1.93725683704526,1.93069457100421
0.775,0.925,0.7,1.94020804857932,1.93468654696607
0.775,0.925,0.725,1.94293475569348,1.9383128250662
0.775,0.925,0.75,1.94542956387356,1.94163328115422
0.775,0.925,0.775,1.94774464493819,1.94466570390405
0.775,0.925,0.8,1.94988104896968,1.94745456402397
0.775,0.925,0.825,1.95186061761009,1.95002057807839
0.775,0.925,0.85,1.95369929783007,1.95238736133993
0.775,0.925,0.875,1.95541175581854,1.9545759234591
0.775,0.925,0.9,1.95701204306678,1.95660515569241
0.775,0.925,0.925,1.95852324056313,1.95848357318374
0.775,0.925,0.95,1.9599296361259,1.96025891053573
0.775,0.925,0.975,1.96128116110169,1.96191730919813
0.775,0.925,1,1.96258898719546,1.96349119265428
0.775,0.95,0.6,1.92836551598111,1.9174992758375
0.775,0.95,0.625,1.93224605097172,1.92284838051198
0.775,0.95,0.65,1.93576785201983,1.92768732564059
0.775,0.95,0.675,1.93901381504783,1.93208193028182
0.775,0.95,0.7,1.9419568804751,1.93605950287886
0.775,0.95,0.725,1.94468871820636,1.93969628977263
0.775,0.95,0.75,1.94717638958477,1.94300441396149
0.775,0.95,0.775,1.94949590405797,1.94604578074761
0.775,0.95,0.8,1.95163105427643,1.94883303208763
0.775,0.95,0.825,1.95360943030959,1.95139753444946
0.775,0.95,0.85,1.95544620217885,1.95376281586708
0.775,0.95,0.875,1.95715754662326,1.95595006508767
0.775,0.95,0.9,1.95875653071111,1.9579782485828
0.775,0.95,0.925,1.96025706977343,1.95986500161086
0.775,0.95,0.95,1.9616766271538,1.96162339205031
0.775,0.95,0.975,1.9630213748363,1.96328614394635
0.775,0.95,1,1.96432811974825,1.96485847717916
0.775,0.975,0.6,1.93000704342961,1.91882709778039
0.775,0.975,0.625,1.93388734680114,1.92417516677129
0.775,0.975,0.65,1.93740788552986,1.92901698067718
0.775,0.975,0.675,1.94064472242456,1.93339747636067
0.775,0.975,0.7,1.94359176022578,1.93738357300155
0.775,0.975,0.725,1.94631563106262,1.94100830113879
0.775,0.975,0.75,1.94880675789962,1.944323759026
0.775,0.975,0.775,1.95111930469654,1.94735469409756
0.775,0.975,0.8,1.95325279871638,1.95014060018149
0.775,0.975,0.825,1.9552296038701,1.95270385545204
0.775,0.975,0.85,1.95706563054824,1.95506806452288
0.775,0.975,0.875,1.95877547895159,1.95725424780794
0.775,0.975,0.9,1.96037298047875,1.95928144745529
0.775,0.975,0.925,1.96187191414005,1.96116738747956
0.775,0.975,0.95,1.9632874923503,1.96292869525707
0.775,0.975,0.975,1.96463904468212,1.96458199574164
0.775,0.975,1,1.96593889800956,1.96615819886981
0.775,1,0.6,1.93153278263282,1.92004217657892
0.775,1,0.625,1.93540963239002,1.92538731230388
0.775,1,0.65,1.9389276962759,1.93022295691064
0.775,1,0.675,1.94216939742971,1.93461204585905
0.775,1,0.7,1.94510960716736,1.93858745009361
0.775,1,0.725,1.94783767344725,1.94221939408855
0.775,1,0.75,1.95032280975591,1.94552565189269
0.775,1,0.775,1.9526389971061,1.94856276792093
0.775,1,0.8,1.95477140377291,1.95134723401931
0.775,1,0.825,1.95674718095825,1.95390913313298
0.775,1,0.85,1.95858157423353,1.95627197612196
0.775,1,0.875,1.9602905102895,1.95845693937203
0.775,1,0.9,1.96188710139207,1.96048298677701
0.775,1,0.925,1.96338508003315,1.962367849665
0.775,1,0.95,1.96479864110818,1.96412788890055
0.775,1,0.975,1.96614619447593,1.96578308554813
0.775,1,1,1.96745071015603,1.96735234770988
0.775,1.025,0.6,1.93296148780036,1.92121121171477
0.775,1.025,0.625,1.93683805652957,1.92655530843838
0.775,1.025,0.65,1.94035483242314,1.9313936130057
0.775,1.025,0.675,1.94358865167173,1.93576963261896
0.775,1.025,0.7,1.94653213847187,1.9397529609636
0.775,1.025,0.725,1.94925331766459,1.94337377012461
0.775,1.025,0.75,1.95174131885508,1.94668682966689
0.775,1.025,0.775,1.95405147915983,1.94971434037163
0.775,1.025,0.8,1.95618240518871,1.9524975979765
0.775,1.025,0.825,1.95815678133061,1.95505837638567
0.775,1.025,0.85,1.95999049359793,1.95742026223917
0.775,1.025,0.875,1.96169811133277,1.95960425793396
0.775,1.025,0.9,1.96329342186211,1.96162938909821
0.775,1.025,0.925,1.96479012812235,1.96351337493601
0.775,1.025,0.95,1.96620321135874,1.96527291519712
0.775,1.025,0.975,1.96754925183901,1.96692728436691
0.775,1.025,1,1.96885118785684,1.96849646974149
0.775,1.05,0.6,1.93429397415156,1.92228047755353
0.775,1.05,0.625,1.93816748253801,1.9276219919486
0.775,1.05,0.65,1.94168218472391,1.93245462046712
0.775,1.05,0.675,1.94492010614783,1.93683877193486
0.775,1.05,0.7,1.94785773552748,1.9408121827846
0.775,1.05,0.725,1.95058246859765,1.94443980282045
0.775,1.05,0.75,1.95306532440616,1.94774435336608
0.775,1.05,0.775,1.95537857996071,1.95077767989099
0.775,1.05,0.8,1.95750855812854,1.9535596476374
0.775,1.05,0.825,1.95948143663451,1.95611913669129
0.775,1.05,0.85,1.96131433578376,1.95847986465629
0.775,1.05,0.875,1.96302116809978,1.96066276451449
0.775,1.05,0.9,1.96461570510731,1.96268685200924
0.775,1.05,0.925,1.96611162718073,1.96456983455064
0.775,1.05,0.95,1.96752313515459,1.96632808294246
0.775,1.05,0.975,1.96886826785235,1.96798151947276
0.775,1.05,1,1.9701690813846,1.96954983051884
0.775,1.075,0.6,1.93554495850524,1.9233152147815
0.775,1.075,0.625,1.93941815654191,1.92865569917653
0.775,1.075,0.65,1.94293155871662,1.93349080871601
0.775,1.075,0.675,1.94616267320404,1.93786279797558
0.775,1.075,0.7,1.94910298717064,1.94184361506299
0.775,1.075,0.725,1.95182176519556,1.94546090472724
0.775,1.075,0.75,1.95430698121388,1.94877179778924
0.775,1.075,0.775,1.95661502059759,1.951796237705
0.775,1.075,0.8,1.95874366857564,1.95457711783937
0.775,1.075,0.825,1.96071589401893,1.95713567365901
0.775,1.075,0.85,1.96254756241189,1.95949547426582
0.775,1.075,0.875,1.96425321846441,1.96167750324621
0.775,1.075,0.9,1.96584661751791,1.96370076486472
0.775,1.075,0.925,1.96734141755816,1.96558295256043
0.775,1.075,0.95,1.9687524803886,1.96734074655517
0.775,1.075,0.975,1.97009637136868,1.96899335140577
0.775,1.075,1,1.97139578815955,1.97056078704533
0.775,1.1,0.6,1.93671544003957,1.92426089041728
0.775,1.1,0.625,1.94058591832749,1.92959909515745
0.775,1.1,0.65,1.94409759128465,1.93442896488738
0.775,1.1,0.675,1.94733215011472,1.93880868197409
0.775,1.1,0.7,1.95026744454083,1.94278026068733
0.775,1.1,0.725,1.95298922067594,1.94640400733578
0.775,1.1,0.75,1.95547002055497,1.94970699534125
0.775,1.1,0.775,1.95778068112981,1.95273693307893
0.775,1.1,0.8,1.95990849971121,1.95551665534837
0.775,1.1,0.825,1.96187941674632,1.95807404595632
0.775,1.1,0.85,1.96371037583662,1.96043280904016
0.775,1.1,0.875,1.96541534845136,1.96261385602236
0.775,1.1,0.9,1.96700807685516,1.96463618158137
0.775,1.1,0.925,1.9685022009748,1.96651746702614
0.775,1.1,0.95,1.96991193451203,1.96827407975905
0.775,1.1,0.975,1.97125506608038,1.96992582697845
0.775,1.1,1,1.97255357531847,1.9714923498515
0.775,1.125,0.6,1.93781687277687,1.92518126533167
0.775,1.125,0.625,1.94168702507014,1.930518461476
0.775,1.125,0.65,1.94519739549635,1.93535065949874
0.775,1.125,0.675,1.94842608259009,1.93971900964926
0.775,1.125,0.7,1.95136355225128,1.94369754621835
0.775,1.125,0.725,1.9540801838502,1.94731166571555
0.775,1.125,0.75,1.95656290881994,1.95062059849408
0.775,1.125,0.775,1.95886905802789,1.95364227659334
0.775,1.125,0.8,1.96099567693494,1.95642101734281
0.775,1.125,0.825,1.9629659892162,1.95897757450422
0.775,1.125,0.85,1.96479584230977,1.96133550092019
0.775,1.125,0.875,1.96649975962896,1.96351576270177
0.775,1.125,0.9,1.96809146937423,1.96553734404054
0.775,1.125,0.925,1.96958459226624,1.96741791345533
0.775,1.125,0.95,1.97099388857296,1.96917413043414
0.775,1.125,0.975,1.97233592586869,1.9708251245245
0.775,1.125,1,1.97363321631159,1.97239085009695
0.775,1.15,0.6,1.93884498344374,1.9260268922819
0.775,1.15,0.625,1.94271346919147,1.93136426843238
0.775,1.15,0.65,1.94622201933842,1.93619423230616
0.775,1.15,0.675,1.94945201979654,1.94056483827259
0.775,1.15,0.7,1.95238664107741,1.94453987741583
0.775,1.15,0.725,1.95510448973909,1.94815539839187
0.775,1.15,0.75,1.9575846421291,1.95146170444944
0.775,1.15,0.775,1.95989191031393,1.95448416161287
0.775,1.15,0.8,1.96201778765119,1.95726202210803
0.775,1.15,0.825,1.96398740159807,1.95981775736403
0.775,1.15,0.85,1.96581659170511,1.96217491447112
0.775,1.15,0.875,1.96751987236622,1.96435445275045
0.775,1.15,0.9,1.96911096052655,1.96637534797564
0.775,1.15,0.925,1.97060346165704,1.96825525756374
0.775,1.15,0.95,1.97201173910598,1.97001065055041
0.775,1.15,0.975,1.97335309738869,1.97166101338686
0.775,1.15,1,1.97464959316131,1.97322605026259
0.775,1.175,0.6,1.93981457864393,1.92684701563322
0.775,1.175,0.625,1.94368156160445,1.93218018845186
0.775,1.175,0.65,1.94718790632361,1.93700927518827
0.775,1.175,0.675,1.95042176719887,1.94137461395908
0.775,1.175,0.7,1.95335096867647,1.94535035942261
0.775,1.175,0.725,1.95607212948922,1.94896203346851
0.775,1.175,0.75,1.95854754221205,1.95226846318692
0.775,1.175,0.775,1.96085759115302,1.95528808380595
0.775,1.175,0.8,1.96298252143831,1.95806482494881
0.775,1.175,0.825,1.96495079494354,1.96061952315274
0.775,1.175,0.85,1.96677917807638,1.96297568625858
0.775,1.175,0.875,1.96848168918937,1.96515428860692
0.775,1.175,0.9,1.97007203314389,1.96717429624328
0.775,1.175,0.925,1.97156379896865,1.96905335563097
0.775,1.175,0.95,1.97297144101012,1.9708079452535
0.775,1.175,0.975,1.97431197081748,1.97245745881285
0.775,1.175,1,1.97560752144246,1.97402162783994
0.775,1.2,0.6,1.94074388869175,1.92760389934344
0.775,1.2,0.625,1.94460966830204,1.93293772158837
0.775,1.2,0.65,1.94811622808989,1.93776609707235
0.775,1.2,0.675,1.95134068862924,1.94213062900449
0.775,1.2,0.7,1.95427534272847,1.9461057560746
0.775,1.2,0.725,1.95698831819333,1.94971621113256
0.775,1.2,0.75,1.95946853444257,1.95302249408433
0.775,1.2,0.775,1.96177151958618,1.95604069596844
0.775,1.2,0.8,1.96389552913215,1.9588166491361
0.775,1.2,0.825,1.96586337950128,1.96137060689171
0.775,1.2,0.85,1.96769089555371,1.96372610084836
0.775,1.2,0.875,1.96939257410623,1.96590407416265
0.775,1.2,0.9,1.97098210951736,1.96792348450708
0.775,1.2,0.925,1.9724730761068,1.96980196727355
0.775,1.2,0.95,1.97388006202946,1.97155622703668
0.775,1.2,0.975,1.97521973977487,1.97320515379192
0.775,1.2,1,1.97651429438279,1.97476861036951
0.775,1.225,0.6,1.94159840348833,1.92833488321587
0.775,1.225,0.625,1.94546290916248,1.93366529133802
0.775,1.225,0.65,1.94896692352534,1.93849202987977
0.775,1.225,0.675,1.95219855233152,1.94285420302737
0.775,1.225,0.7,1.95512573010456,1.94682821668745
0.775,1.225,0.725,1.95784482175991,1.95043707697997
0.775,1.225,0.75,1.96031857888286,1.95374209404484
0.775,1.225,0.775,1.96262681921937,1.95675927378425
0.775,1.225,0.8,1.96475014964822,1.9595342737778
0.775,1.225,0.825,1.96671736918208,1.9620873386472
0.775,1.225,0.85,1.96854392238297,1.96444198841946
0.775,1.225,0.875,1.9702450669696,1.96661915746135
0.775,1.225,0.9,1.97183408668943,1.96863780353483
0.775,1.225,0.925,1.9733245766831,1.97051556653843
0.775,1.225,0.95,1.97473086207554,1.97226888595765
0.775,1.225,0.975,1.97606995499786,1.9739170955431
0.775,1.225,1,1.97736386963736,1.97547988141588
0.775,1.25,0.6,1.9424279986776,1.92901420279745
0.775,1.25,0.625,1.94629143331993,1.9343452574554
0.775,1.25,0.65,1.94979572774312,1.93917120423172
0.775,1.25,0.675,1.95301811572969,1.94353308945097
0.775,1.25,0.7,1.95595074713328,1.94750617929308
0.775,1.25,0.725,1.95866190458074,1.95111436590715
0.775,1.25,0.75,1.96114035884061,1.95441888369527
0.775,1.25,0.775,1.96344175177479,1.95743514016976
0.775,1.25,0.8,1.9655642183273,1.96020941745568
0.775,1.25,0.825,1.96753061703634,1.96276181161943
0.775,1.25,0.85,1.96935675914644,1.96511584112208
0.775,1.25,0.875,1.97105712571361,1.96729243520855
0.775,1.25,0.9,1.97264539134387,1.96931053578372
0.775,1.25,0.925,1.97413510357791,1.97118775884458
0.775,1.25,0.95,1.97554080935476,1.97294078300454
0.775,1.25,0.975,1.97687911833336,1.97458846125687
0.775,1.25,1,1.97817212386331,1.97615060336199
0.775,1.275,0.6,1.94318981638967,1.92967127258097
0.775,1.275,0.625,1.94705232037089,1.93499939930414
0.775,1.275,0.65,1.95055413174306,1.93982394176539
0.775,1.275,0.675,1.95378386662594,1.94418331352158
0.775,1.275,0.7,1.95670909419046,1.94815567004858
0.775,1.275,0.725,1.95942652991567,1.95176210069553
0.775,1.275,0.75,1.96189858514987,1.95506570753878
0.775,1.275,0.775,1.96420537890236,1.95808077640409
0.775,1.275,0.8,1.96632725489626,1.96085418536573
0.775,1.275,0.825,1.96829310682045,1.96340576707573
0.775,1.275,0.85,1.97011840421931,1.96575902497545
0.775,1.275,0.875,1.9718183111586,1.96793488901177
0.775,1.275,0.9,1.9734061338874,1.96995229645805
0.775,1.275,0.925,1.97489540798714,1.97182885482539
0.775,1.275,0.95,1.97630050572738,1.97358103482107
0.775,1.275,0.975,1.97763831316978,1.97522806271717
0.775,1.275,1,1.97893076798995,1.97678959444776
0.775,1.3,0.6,1.94393387988953,1.93028347601642
0.775,1.3,0.625,1.94779517720303,1.93561200712931
0.775,1.3,0.65,1.95129740772385,1.94043573728719
0.775,1.3,0.675,1.95451793346287,1.94479518821188
0.775,1.3,0.7,1.95744871688118,1.94876643906691
0.775,1.3,0.725,1.96015824417147,1.95237254163536
0.775,1.3,0.75,1.96263509142122,1.95567547094845
0.775,1.3,0.775,1.96493505892902,1.95868994094109
0.775,1.3,0.8,1.96705613274208,1.96146269632859
0.775,1.3,0.825,1.96902122213025,1.96401367152639
0.775,1.3,0.85,1.97084612604291,1.96636637291496
0.775,1.3,0.875,1.97254531139847,1.96854171703617
0.775,1.3,0.9,1.97413243518442,1.97055863147986
0.775,1.3,0.925,1.97562102115153,1.97243471472451
0.775,1.3,0.95,1.97702557755935,1.97418662064946
0.775,1.3,0.975,1.97836266272057,1.97583317185349
0.775,1.3,1,1.97965428622195,1.97739412879477
0.775,1.325,0.6,1.94461577292362,1.9308764438696
0.775,1.325,0.625,1.94847628849876,1.93620227095598
0.775,1.325,0.65,1.95197610369582,1.94102479772919
0.775,1.325,0.675,1.95520413042003,1.9453816203634
0.775,1.325,0.7,1.95812758467388,1.94935245546914
0.775,1.325,0.725,1.96084353045371,1.95295667876829
0.775,1.325,0.75,1.96331404016316,1.95625899418722
0.775,1.325,0.775,1.96561953469525,1.95927214732486
0.775,1.325,0.8,1.96774009822077,1.96204410932487
0.775,1.325,0.825,1.96970471686998,1.96459434301038
0.775,1.325,0.85,1.97152888173167,1.96694633695113
0.775,1.325,0.875,1.97322767453338,1.96912101645578
0.775,1.325,0.9,1.9748144209212,1.9711373005914
0.775,1.325,0.925,1.97630263408236,1.97301278014394
0.775,1.325,0.95,1.97770663956633,1.97476391581756
0.775,1.325,0.975,1.97904329715181,1.9764098772936
0.775,1.325,1,1.98033444938381,1.97797028055808
0.775,1.35,0.6,1.94528579477832,1.93142991879273
0.775,1.35,0.625,1.94914513986956,1.93675614156323
0.775,1.35,0.65,1.95264548553504,1.94157784297569
0.775,1.35,0.675,1.95586433367513,1.94593505275033
0.775,1.35,0.7,1.95879342427675,1.94990463613101
0.775,1.35,0.725,1.96150148582037,1.95350882210779
0.775,1.35,0.75,1.96397686324629,1.95681031515372
0.775,1.35,0.775,1.9662755509447,1.95982314301137
0.775,1.35,0.8,1.96839536366011,1.96259451225156
0.775,1.35,0.825,1.97035926828504,1.965144195856
0.775,1.35,0.85,1.97218305262622,1.96749568908982
0.775,1.35,0.875,1.97388117086706,1.96966989687031
0.775,1.35,0.9,1.97546726420667,1.97168573375816
0.775,1.35,0.925,1.97695483515704,1.9735607823633
0.775,1.35,0.95,1.97835835574398,1.97531167307964
0.775,1.35,0.975,1.97969434214462,1.97695720350638
0.775,1.35,1,1.98098472728579,1.97851708829164
0.775,1.375,0.6,1.94589827166969,1.93196686515782
0.775,1.375,0.625,1.94975697389451,1.9372905790889
0.775,1.375,0.65,1.95325497554625,1.942111251752
0.775,1.375,0.675,1.95648145938485,1.94646574898731
0.775,1.375,0.7,1.95940329596083,1.95043518371591
0.775,1.375,0.725,1.96211789888525,1.95403739630867
0.775,1.375,0.75,1.964587000255,1.95733852581931
0.775,1.375,0.775,1.96689132578703,1.96034993558465
0.775,1.375,0.8,1.96901070141005,1.96312057782318
0.775,1.375,0.825,1.97097420450406,1.9656695826847
0.775,1.375,0.85,1.97279734479138,1.96802042533349
0.775,1.375,0.875,1.97449513132529,1.97019402634008
0.775,1.375,0.9,1.9760809064977,1.9722092884991
0.775,1.375,0.925,1.97756816348108,1.97408378751945
0.775,1.375,0.95,1.97897118882378,1.97583397412895
0.775,1.375,0.975,1.98030681342047,1.97747896948935
0.775,1.375,1,1.98159679792085,1.97903835301018
0.775,1.4,0.6,1.94650402574027,1.93246889947645
0.775,1.4,0.625,1.95036158372762,1.93779300426126
0.775,1.4,0.65,1.9538602038779,1.94261284369779
0.775,1.4,0.675,1.9570775370191,1.94696798694576
0.775,1.4,0.7,1.960005072773,1.95093605231602
0.775,1.4,0.725,1.96271181294507,1.95453847294097
0.775,1.4,0.75,1.96518584218003,1.95783866185821
0.775,1.4,0.775,1.96748337767824,1.96084997796144
0.775,1.4,0.8,1.96960204499248,1.96362008098695
0.775,1.4,0.825,1.97156487421241,1.96616858543239
0.775,1.4,0.85,1.97338764301245,1.96851897631352
0.775,1.4,0.875,1.97508479406017,1.97069214788295
0.775,1.4,0.9,1.97666995434663,1.97270700280841
0.775,1.4,0.925,1.9781566073386,1.97458110928088
0.775,1.4,0.95,1.97955919116436,1.9763310754512
0.775,1.4,0.975,1.98089418729095,1.97797567831685
0.775,1.4,1,1.98218345837237,1.97953458994167
0.775,1.425,0.6,1.9470559142191,1.9329566757892
0.775,1.425,0.625,1.95091295933902,1.93827844424963
0.775,1.425,0.65,1.95440930900675,1.94309740777495
0.775,1.425,0.675,1.95763439713377,1.94744977782764
0.775,1.425,0.7,1.96055475328281,1.95141792074901
0.775,1.425,0.725,1.96326814387542,1.9550182964955
0.775,1.425,0.75,1.96573595764502,1.95831833420862
0.775,1.425,0.775,1.96803922943051,1.96132815284586
0.775,1.425,0.8,1.97015752680188,1.96409758768856
0.775,1.425,0.825,1.9721200178609,1.96664546888466
0.775,1.425,0.85,1.97394222848485,1.96899525941518
0.775,1.425,0.875,1.97563910335519,1.97116787503567
0.775,1.425,0.9,1.97722399933,1.97318220381208
0.775,1.425,0.925,1.97871039158438,1.97505580761357
0.775,1.425,0.95,1.98011253410707,1.97680512696972
0.775,1.425,0.975,1.98144722677396,1.97844924067691
0.775,1.425,1,1.98273615922322,1.9800076934026
0.775,1.45,0.6,1.94760563518251,1.9334134731527
0.775,1.45,0.625,1.95146155342911,1.93873562851676
0.775,1.45,0.65,1.95495859003049,1.9435537540724
0.775,1.45,0.675,1.95817455169991,1.9479069880107
0.775,1.45,0.7,1.96110065541438,1.95187366617372
0.775,1.45,0.725,1.96380620135145,1.9554744575155
0.775,1.45,0.75,1.96627899040001,1.95877345757902
0.775,1.45,0.775,1.96857548587322,1.96178337924813
0.775,1.45,0.8,1.97069310974142,1.96455232214411
0.775,1.45,0.825,1.97265495984129,1.96709974681555
0.775,1.45,0.85,1.97447680460334,1.96944912880261
0.775,1.45,0.875,1.97617307624334,1.97162135254545
0.775,1.45,0.9,1.97775738891576,1.97363530982187
0.775,1.45,0.925,1.97924320893858,1.97550855567757
0.775,1.45,0.95,1.98064494276332,1.9772576772336
0.775,1.45,0.975,1.98197902574044,1.9789013955911
0.775,1.45,1,1.98326730821169,1.98045945984307
0.775,1.475,0.6,1.94810439654727,1.93385792775008
0.775,1.475,0.625,1.95195992398785,1.93917789885448
0.775,1.475,0.65,1.95545468201884,1.94399515222011
0.775,1.475,0.675,1.95867858831336,1.9483457007096
0.775,1.475,0.7,1.96159751473266,1.95231254377063
0.775,1.475,0.725,1.96430987952126,1.95591134096295
0.775,1.475,0.75,1.96677645155285,1.95921028524302
0.775,1.475,0.775,1.96907883240951,1.96221873250384
0.775,1.475,0.8,1.97119614828103,1.96498705945561
0.775,1.475,0.825,1.97315771857579,1.96753391011514
0.775,1.475,0.85,1.97497908321227,1.96988273636263
0.775,1.475,0.875,1.97667512968061,1.97205444917721
0.775,1.475,0.9,1.97825922736863,1.97406792329742
0.775,1.475,0.925,1.97974483523895,1.9759407079544
0.775,1.475,0.95,1.98114618026521,1.97768923356183
0.775,1.475,0.975,1.9824800298378,1.97933254207252
0.775,1.475,1,1.98376801225797,1.98089014565019
0.775,1.5,0.6,1.94860506408293,1.93427479643218
0.775,1.5,0.625,1.95245947409735,1.93959515143476
0.775,1.5,0.65,1.95595505370889,1.94441169437122
0.775,1.5,0.675,1.95916977078892,1.94876315992943
0.775,1.5,0.7,1.96209455184696,1.95272856549329
0.775,1.5,0.725,1.96479901572055,1.95632784949748
0.775,1.5,0.75,1.96727066058503,1.95962576146932
0.775,1.5,0.775,1.96956621486066,1.96263439388924
0.775,1.5,0.8,1.97168288530474,1.9654022704662
0.775,1.5,0.825,1.97364384123664,1.96794870320773
0.775,1.5,0.85,1.97546484262531,1.9702971588657
0.775,1.5,0.875,1.97716031216589,1.97246851282142
0.775,1.5,0.9,1.97874385237054,1.97448164684626
0.775,1.5,0.925,1.98022891405481,1.97635410395898
0.775,1.5,0.95,1.98162987410023,1.97810245141739
0.775,1.5,0.975,1.98296314653583,1.97974540091122
0.775,1.5,1,1.98425051469439,1.98130265061372
0.8,0.75,0.6,1.90153033906506,1.89432581485957
0.8,0.75,0.625,1.90557652382648,1.89998734478494
0.8,0.75,0.65,1.90928942460681,1.9050834338172
0.8,0.75,0.675,1.91267153915916,1.90972687624259
0.8,0.75,0.7,1.91578916463252,1.91392905048374
0.8,0.75,0.725,1.91864214355851,1.91777782700837
0.8,0.75,0.75,1.92131738635665,1.92124304720526
0.8,0.75,0.775,1.9237058437346,1.92449853539941
0.8,0.75,0.8,1.92596088935594,1.92744967836043
0.8,0.75,0.825,1.92804888518181,1.93017005123352
0.8,0.75,0.85,1.9299882049972,1.93267996958629
0.8,0.75,0.875,1.93179363079673,1.93500101962672
0.8,0.75,0.9,1.93348009499119,1.93715271889171
0.8,0.75,0.925,1.93505799248119,1.93915232608958
0.8,0.75,0.95,1.93654139586803,1.94101668549505
0.8,0.75,0.975,1.93794384798773,1.94276156406155
0.8,0.75,1,1.93928105577584,1.94440367687269
0.8,0.775,0.6,1.9047653327702,1.89677758027022
0.8,0.775,0.625,1.90880844198317,1.90243573244023
0.8,0.775,0.65,1.91251843692081,1.90752899860391
0.8,0.775,0.675,1.91589750679439,1.91216922973934
0.8,0.775,0.7,1.91901223963936,1.91636884834518
0.8,0.775,0.725,1.92186187196189,1.92021517241483
0.8,0.775,0.75,1.92450118592072,1.92371138303495
0.8,0.775,0.775,1.92689395333795,1.92695752108814
0.8,0.775,0.8,1.92917352206332,1.92987936943166
0.8,0.775,0.825,1.93125964322315,1.93259696919443
0.8,0.775,0.85,1.93319682821445,1.93510460097162
0.8,0.775,0.875,1.93500013138007,1.93742354605825
0.8,0.775,0.9,1.93668438155442,1.93957319110846
0.8,0.775,0.925,1.9382601929367,1.94157092471943
0.8,0.775,0.95,1.93974146904622,1.9434334424205
0.8,0.775,0.975,1.94114169284001,1.94517648952565
0.8,0.775,1,1.94247647573207,1.94681671564894
0.8,0.8,0.6,1.90773616256084,1.89904532120867
0.8,0.8,0.625,1.91177631106563,1.90470020977277
0.8,0.8,0.65,1.91548352107171,1.90979073769209
0.8,0.8,0.675,1.91885971725437,1.91442787552384
0.8,0.8,0.7,1.92197177329489,1.91862496928364
0.8,0.8,0.725,1.92481863682622,1.92246856707508
0.8,0.8,0.75,1.92745513626626,1.9259629002779
0.8,0.8,0.775,1.92987605222158,1.92917613804705
0.8,0.8,0.8,1.93215488587233,1.93209420969175
0.8,0.8,0.825,1.93420697440868,1.93484147144466
0.8,0.8,0.85,1.93614249304686,1.93734661812997
0.8,0.8,0.875,1.93794387680671,1.93966351946386
0.8,0.8,0.9,1.93962609110078,1.94181121474488
0.8,0.8,0.925,1.94119996919369,1.94380718269798
0.8,0.8,0.95,1.9426792762076,1.94566797208611
0.8,0.8,0.975,1.94407744277908,1.94740930563992
0.8,0.8,1,1.94540999431014,1.94904777189201
0.8,0.825,0.6,1.91046024079871,1.90112601906034
0.8,0.825,0.625,1.91450250288596,1.90678163731033
0.8,0.825,0.65,1.91820440676127,1.91186749151081
0.8,0.825,0.675,1.92158204731451,1.91650504578303
0.8,0.825,0.7,1.92468935011197,1.92069776664492
0.8,0.825,0.725,1.92753719579571,1.92454169960052
0.8,0.825,0.75,1.93017651490389,1.92804026021478
0.8,0.825,0.775,1.93258620242532,1.93123740236874
0.8,0.825,0.8,1.93484417847988,1.9341952192109
0.8,0.825,0.825,1.93694464968803,1.93689011543097
0.8,0.825,0.85,1.93885529361593,1.93941485208531
0.8,0.825,0.875,1.94065558324611,1.94172917725384
0.8,0.825,0.9,1.94233435601751,1.94387294270321
0.8,0.825,0.925,1.94390703002617,1.94586711736431
0.8,0.825,0.95,1.94538497696588,1.94772592594727
0.8,0.825,0.975,1.94678146772066,1.94946509234759
0.8,0.825,1,1.94811196284287,1.95110171457768
0.8,0.85,0.6,1.91299222669144,1.90309863788702
0.8,0.85,0.625,1.91702674046475,1.90874752358618
0.8,0.85,0.65,1.92072883427366,1.91383255449146
0.8,0.85,0.675,1.9240996651111,1.91846408277447
0.8,0.85,0.7,1.92720690365275,1.92265611711034
0.8,0.85,0.725,1.93004878973838,1.92649469464767
0.8,0.85,0.75,1.93268100635634,1.92998435957412
0.8,0.85,0.775,1.93509672675172,1.93319430586908
0.8,0.85,0.8,1.93734364340673,1.93613580034669
0.8,0.85,0.825,1.93942339911487,1.93884742280604
0.8,0.85,0.85,1.94137740488142,1.94132652298103
0.8,0.85,0.875,1.94314954734133,1.94366546175936
0.8,0.85,0.9,1.94482859844854,1.94580925531087
0.8,0.85,0.925,1.94639910527117,1.9478019080473
0.8,0.85,0.95,1.94787492457102,1.94965949696707
0.8,0.85,0.975,1.94926944670672,1.95139768047236
0.8,0.85,1,1.95059802896114,1.95303294608516
0.8,0.875,0.6,1.91531659530125,1.90489126648267
0.8,0.875,0.625,1.91935278832129,1.91054064490283
0.8,0.875,0.65,1.92305019887228,1.91562160232648
0.8,0.875,0.675,1.92642218389151,1.92025337360876
0.8,0.875,0.7,1.92952526239568,1.92444160891617
0.8,0.875,0.725,1.93236795856913,1.92828035148124
0.8,0.875,0.75,1.93500253939601,1.93177389664149
0.8,0.875,0.775,1.93740909102547,1.93496903853582
0.8,0.875,0.8,1.93966164091874,1.93792139612628
0.8,0.875,0.825,1.94173948702177,1.94063139768683
0.8,0.875,0.85,1.94366844731396,1.94313089439556
0.8,0.875,0.875,1.94547780643732,1.9454293804822
0.8,0.875,0.9,1.94713822245496,1.94758540878748
0.8,0.875,0.925,1.9487079397575,1.94957619971842
0.8,0.875,0.95,1.95018264291707,1.95143199830213
0.8,0.875,0.975,1.95157576858158,1.95316828130569
0.8,0.875,1,1.95290260149836,1.95480194155502
0.8,0.9,0.6,1.91748166677952,1.90660166791792
0.8,0.9,0.625,1.92151090124846,1.91224528508564
0.8,0.9,0.65,1.92520850544322,1.91732553271611
0.8,0.9,0.675,1.92857440992431,1.92195214923151
0.8,0.9,0.7,1.93167746849838,1.92613978859432
0.8,0.9,0.725,1.93451487030179,1.92997394428483
0.8,0.9,0.75,1.93714366059129,1.9334608639378
0.8,0.9,0.775,1.93955484900079,1.93666481453252
0.8,0.9,0.8,1.94179863155022,1.93960484845467
0.8,0.9,0.825,1.94387435632062,1.94231344352358
0.8,0.9,0.85,1.94580219682432,1.94481203179232
0.8,0.9,0.875,1.94759700102994,1.94712196123155
0.8,0.9,0.9,1.94928802141669,1.94924662850005
0.8,0.9,0.925,1.95083747049128,1.95125453023805
0.8,0.9,0.95,1.95231058884472,1.95310901811427
0.8,0.9,0.975,1.9537020284733,1.95484441165233
0.8,0.9,1,1.95502722486923,1.95647690555827
0.8,0.925,0.6,1.91948077676508,1.90815897046677
0.8,0.925,0.625,1.92351150317788,1.91380263916606
0.8,0.925,0.65,1.92720478849981,1.91887911625373
0.8,0.925,0.675,1.93057173837477,1.92350564977977
0.8,0.925,0.7,1.93367099393898,1.92768982272427
0.8,0.925,0.725,1.93650914957049,1.93152388267912
0.8,0.925,0.75,1.93913957273432,1.93501290533372
0.8,0.925,0.775,1.94154333183771,1.93820615663863
0.8,0.925,0.8,1.9437915362488,1.94115327017755
0.8,0.925,0.825,1.94586592185551,1.94386007293494
0.8,0.925,0.85,1.94779148339711,1.94635683623142
0.8,0.925,0.875,1.94958481409787,1.9486653790224
0.8,0.925,0.9,1.95125778390919,1.95080346350004
0.8,0.925,0.925,1.95283158905641,1.95278460141313
0.8,0.925,0.95,1.95429401496627,1.95464690419183
0.8,0.925,0.975,1.95568469889621,1.9563804705535
0.8,0.925,1,1.95700845436102,1.95801145146035
0.8,0.95,0.6,1.92134588665964,1.90965412071169
0.8,0.95,0.625,1.92537052461622,1.91529253227437
0.8,0.95,0.65,1.92906385850829,1.92036825327003
0.8,0.95,0.675,1.93242550306893,1.92499012483273
0.8,0.95,0.7,1.93552465183022,1.92917367141649
0.8,0.95,0.725,1.93835819854195,1.93300360846066
0.8,0.95,0.75,1.94098378453341,1.93648645365815
0.8,0.95,0.775,1.94339106507256,1.93968778422958
0.8,0.95,0.8,1.94563209006958,1.94262362445421
0.8,0.95,0.825,1.94770464303238,1.94532912909706
0.8,0.95,0.85,1.94962940403333,1.94782488417436
0.8,0.95,0.875,1.95142095973133,1.95013245245275
0.8,0.95,0.9,1.95309336250535,1.95227030714629
0.8,0.95,0.925,1.95465835289279,1.95425749947248
0.8,0.95,0.95,1.95613837891094,1.9560999584649
0.8,0.95,0.975,1.957515217716,1.95784479200568
0.8,0.95,1,1.95883783066698,1.95947447234751
0.8,0.975,0.6,1.92307761766433,1.91101286154371
0.8,0.975,0.625,1.92710342649807,1.91665131334522
0.8,0.975,0.65,1.93079294098951,1.92172369836915
0.8,0.975,0.675,1.93415540264289,1.92634548980592
0.8,0.975,0.7,1.9372512010077,1.93052598649095
0.8,0.975,0.725,1.94008533553949,1.93435582796526
0.8,0.975,0.75,1.94271208048278,1.9378407927118
0.8,0.975,0.775,1.94511329973175,1.94103231132808
0.8,0.975,0.8,1.94735774557957,1.9439747170404
0.8,0.975,0.825,1.94942828466819,1.94667846410168
0.8,0.975,0.85,1.95135200604572,1.94917261009053
0.8,0.975,0.875,1.95314255537338,1.95147864929893
0.8,0.975,0.9,1.95481280585724,1.95361466818238
0.8,0.975,0.925,1.95637668742667,1.95560082696385
0.8,0.975,0.95,1.95784596537714,1.95745152874832
0.8,0.975,0.975,1.95923731700469,1.95917958492996
0.8,0.975,1,1.9605529991118,1.96081362063547
0.8,1,0.6,1.92469275307901,1.9123283096449
0.8,1,0.625,1.92871545048427,1.91796294685121
0.8,1,0.65,1.93240292741189,1.92303331612203
0.8,1,0.675,1.93576262611981,1.92765173747085
0.8,1,0.7,1.93885656734037,1.93183058065983
0.8,1,0.725,1.94168827697207,1.93565744744359
0.8,1,0.75,1.94431182911273,1.93913762605078
0.8,1,0.775,1.9467131647007,1.94233371929915
0.8,1,0.8,1.94895404323715,1.9452683110888
0.8,1,0.825,1.95102296052157,1.94797094045629
0.8,1,0.85,1.9529451031871,1.95046392295093
0.8,1,0.875,1.95473412979051,1.95276889518739
0.8,1,0.9,1.95640378984043,1.95490424878285
0.8,1,0.925,1.95796612128769,1.95688947452563
0.8,1,0.95,1.95943384012432,1.95873956853212
0.8,1,0.975,1.96082022931111,1.96047016740746
0.8,1,1,1.96214329758673,1.96209437387969
0.8,1.025,0.6,1.92620518303793,1.9135375086056
0.8,1.025,0.625,1.93022423611745,1.91916814753989
0.8,1.025,0.65,1.93391135774659,1.92423934644126
0.8,1.025,0.675,1.93726786549361,1.92885404980736
0.8,1.025,0.7,1.94036140310974,1.93303359785237
0.8,1.025,0.725,1.94319033042468,1.93685705254514
0.8,1.025,0.75,1.94581056640147,1.94033577025183
0.8,1.025,0.775,1.9482134428856,1.94353452224715
0.8,1.025,0.8,1.95045033910242,1.94646411758906
0.8,1.025,0.825,1.95251889904255,1.94916558885663
0.8,1.025,0.85,1.95443985492897,1.95165759045123
0.8,1.025,0.875,1.95622774808357,1.95396167145182
0.8,1.025,0.9,1.95789629294132,1.95609658119706
0.8,1.025,0.925,1.95945750056003,1.95808092085799
0.8,1.025,0.95,1.96092415637672,1.95993034969686
0.8,1.025,0.975,1.96230933752949,1.96166041222568
0.8,1.025,1,1.96362817808996,1.96328718929121
0.8,1.05,0.6,1.92760109188661,1.91468613120061
0.8,1.05,0.625,1.93162093754212,1.92031609029945
0.8,1.05,0.65,1.93530595917875,1.92538247241961
0.8,1.05,0.675,1.93866298481224,1.9299967479232
0.8,1.05,0.7,1.94175464660081,1.93417205982467
0.8,1.05,0.725,1.94458391567828,1.93799530494465
0.8,1.05,0.75,1.9472082176864,1.94147085638218
0.8,1.05,0.775,1.94960292396505,1.94466637864108
0.8,1.05,0.8,1.95184598841235,1.94759595181354
0.8,1.05,0.825,1.953913401179,1.9502960982596
0.8,1.05,0.85,1.95583261416865,1.95278679178115
0.8,1.05,0.875,1.95761955695184,1.95508960484631
0.8,1.05,0.9,1.95928691905685,1.95722283829226
0.8,1.05,0.925,1.96084727369183,1.95920612331585
0.8,1.05,0.95,1.96231300380765,1.96105438779065
0.8,1.05,0.975,1.96369721721685,1.96278334534365
0.8,1.05,1,1.9650147193903,1.96440918540095
0.8,1.075,0.6,1.9289392237744,1.91575401315666
0.8,1.075,0.625,1.93295459292243,1.92138071607326
0.8,1.075,0.65,1.93663846294376,1.92644803113809
0.8,1.075,0.675,1.93999163232974,1.93105922056519
0.8,1.075,0.7,1.94308224250709,1.93523531360102
0.8,1.075,0.725,1.94590819371251,1.9390556900978
0.8,1.075,0.75,1.94852586304472,1.94253129572475
0.8,1.075,0.775,1.95092618249679,1.9457275450545
0.8,1.075,0.8,1.95316068559114,1.94865433570997
0.8,1.075,0.825,1.95522693956639,1.95135338501039
0.8,1.075,0.85,1.95714571419498,1.95384311280202
0.8,1.075,0.875,1.95893153060014,1.95614505343016
0.8,1.075,0.9,1.96059808322527,1.95827797116782
0.8,1.075,0.925,1.96215733560263,1.96026041470479
0.8,1.075,0.95,1.96362202463049,1.96210800456657
0.8,1.075,0.975,1.96500516533223,1.96383630035398
0.8,1.075,1,1.96632170453058,1.96546144119026
0.8,1.1,0.6,1.93016390799796,1.91677133798082
0.8,1.1,0.625,1.93418000092519,1.92239694226739
0.8,1.1,0.65,1.93786233161722,1.92746023650918
0.8,1.1,0.675,1.94121597896038,1.93207065102599
0.8,1.1,0.7,1.94430520424576,1.93624320082008
0.8,1.1,0.725,1.94713147325269,1.94006306911844
0.8,1.1,0.75,1.94975370369115,1.9435357790699
0.8,1.1,0.775,1.95214577719946,1.94672948330822
0.8,1.1,0.8,1.95438687657501,1.94965586107481
0.8,1.1,0.825,1.95645212591988,1.95235372234385
0.8,1.1,0.85,1.95836937361766,1.95484226670466
0.8,1.1,0.875,1.96015436868315,1.95714307776386
0.8,1.1,0.9,1.96181978148279,1.95927447084291
0.8,1.1,0.925,1.96337830779248,1.96125596358446
0.8,1.1,0.95,1.96484222476973,1.96310250753652
0.8,1.1,0.975,1.96622458119145,1.96482978912303
0.8,1.1,1,1.96754009878115,1.96645397588603
0.8,1.125,0.6,1.93134474423776,1.91772085510217
0.8,1.125,0.625,1.93535678729826,1.92334390997506
0.8,1.125,0.65,1.93903769995978,1.9284077389996
0.8,1.125,0.675,1.94238787218846,1.93301569091183
0.8,1.125,0.7,1.94547583420023,1.93718869871573
0.8,1.125,0.725,1.94829912359153,1.9410062485007
0.8,1.125,0.75,1.95091451858106,1.94447903090346
0.8,1.125,0.775,1.95331248549029,1.94767309657297
0.8,1.125,0.8,1.95554490585493,1.95059728768286
0.8,1.125,0.825,1.95760909912596,1.95329416058037
0.8,1.125,0.85,1.95952592773236,1.95578184748582
0.8,1.125,0.875,1.9613098952333,1.95808186844323
0.8,1.125,0.9,1.96297466615611,1.96021299268185
0.8,1.125,0.925,1.96453218903232,1.96219373263242
0.8,1.125,0.95,1.96599515360882,1.96403966335332
0.8,1.125,0.975,1.96737653645598,1.96576633894791
0.8,1.125,1,1.96869120086144,1.96738986667902
0.8,1.15,0.6,1.93242439795466,1.91862599417746
0.8,1.15,0.625,1.93643737744958,1.92424793249205
0.8,1.15,0.65,1.94011700913884,1.92930810424804
0.8,1.15,0.675,1.94346785499768,1.9339152567978
0.8,1.15,0.7,1.94655466193283,1.9380850591578
0.8,1.15,0.725,1.94937844480776,1.9419020669939
0.8,1.15,0.75,1.95199863543867,1.94537200985995
0.8,1.15,0.775,1.95438835237824,1.94856408027594
0.8,1.15,0.8,1.95662770333821,1.95148756798001
0.8,1.15,0.825,1.95869102451725,1.95418337246426
0.8,1.15,0.85,1.96060652142363,1.9566699845807
0.8,1.15,0.875,1.96238978481877,1.95896899604955
0.8,1.15,0.9,1.9640534792606,1.96109873103321
0.8,1.15,0.925,1.96561038704388,1.96307861359602
0.8,1.15,0.95,1.96707270542071,1.96492361024994
0.8,1.15,0.975,1.96845343602402,1.96664937900921
0.8,1.15,1,1.96976723960452,1.96827205424348
0.8,1.175,0.6,1.93347218987358,1.91947411456376
0.8,1.175,0.625,1.93748122685792,1.92509379830315
0.8,1.175,0.65,1.94115944813152,1.93015448056633
0.8,1.175,0.675,1.9445069244652,1.93475945577373
0.8,1.175,0.7,1.94759248745997,1.93892969154056
0.8,1.175,0.725,1.95041339031458,1.9427446498025
0.8,1.175,0.75,1.95302676509066,1.94621486700594
0.8,1.175,0.775,1.95542256499886,1.94940700719383
0.8,1.175,0.8,1.95765316758607,1.95232880023035
0.8,1.175,0.825,1.95971551288854,1.95502371128324
0.8,1.175,0.85,1.96163059862115,1.95750956051118
0.8,1.175,0.875,1.96341291268757,1.95980785455271
0.8,1.175,0.9,1.96507608296058,1.96193736074271
0.8,1.175,0.925,1.96663206478614,1.96391656903011
0.8,1.175,0.95,1.96809349877591,1.96576100897686
0.8,1.175,0.975,1.96947332838609,1.96748622697398
0.8,1.175,1,1.97078634631735,1.96910829737513
0.8,1.2,0.6,1.93443486779653,1.92026822598846
0.8,1.2,0.625,1.93844505704075,1.92588820685272
0.8,1.2,0.65,1.94212109548793,1.93094706837329
0.8,1.2,0.675,1.9454694836147,1.93555223182837
0.8,1.2,0.7,1.94855315807304,1.93972076507961
0.8,1.2,0.725,1.95137479678139,1.94353587355501
0.8,1.2,0.75,1.95399025535873,1.94700900050361
0.8,1.2,0.775,1.95638074051283,1.95019245210442
0.8,1.2,0.8,1.95861537861091,1.95312098945694
0.8,1.2,0.825,1.96067703703376,1.9558149059091
0.8,1.2,0.85,1.96259103201112,1.95829973910092
0.8,1.2,0.875,1.96437280582448,1.96059707344258
0.8,1.2,0.9,1.96603477889518,1.96272472017489
0.8,1.2,0.925,1.96759032459929,1.96470320539011
0.8,1.2,0.95,1.9690512967105,1.96654683812329
0.8,1.2,0.975,1.97043065711795,1.96827125376702
0.8,1.2,1,1.97174295253237,1.9698924895255
0.8,1.225,0.6,1.93536271210485,1.92104359611256
0.8,1.225,0.625,1.93936902900506,1.9266601673772
0.8,1.225,0.65,1.94304479836608,1.9317179972513
0.8,1.225,0.675,1.94638984522649,1.93632023617726
0.8,1.225,0.7,1.94947323120336,1.94048796972983
0.8,1.225,0.725,1.95229198933935,1.94430055186639
0.8,1.225,0.75,1.95490356562454,1.94776843319335
0.8,1.225,0.775,1.95729736649191,1.95095886353048
0.8,1.225,0.8,1.95952637874281,1.95387844718832
0.8,1.225,0.825,1.96158706156578,1.9565715844059
0.8,1.225,0.85,1.96350058108118,1.95905577368983
0.8,1.225,0.875,1.96528141110191,1.96135250923171
0.8,1.225,0.9,1.9669431387629,1.96348055169162
0.8,1.225,0.925,1.96849774131773,1.96545837894642
0.8,1.225,0.95,1.96995780907315,1.96730147661259
0.8,1.225,0.975,1.97133625591837,1.96902538283988
0.8,1.225,1,1.97264781205971,1.97064614141357
0.8,1.25,0.6,1.9362215906346,1.92175485305645
0.8,1.25,0.625,1.9402289431511,1.92737167632789
0.8,1.25,0.65,1.94390275386713,1.9324279257571
0.8,1.25,0.675,1.94724862384673,1.93703031587801
0.8,1.25,0.7,1.95033031732873,1.94119657132022
0.8,1.25,0.725,1.95314974209826,1.94500926826598
0.8,1.25,0.75,1.95576311956973,1.94847996481952
0.8,1.25,0.775,1.95815230238046,1.95166234801928
0.8,1.25,0.8,1.96038480605512,1.954588223077
0.8,1.25,0.825,1.962444886541,1.9572804514677
0.8,1.25,0.85,1.96435744415518,1.95976370438699
0.8,1.25,0.875,1.9661378008403,1.96205956789649
0.8,1.25,0.9,1.96779849663548,1.9641859165561
0.8,1.25,0.925,1.96935271307155,1.96616308498176
0.8,1.25,0.95,1.97081237712571,1.96800545523427
0.8,1.25,0.975,1.97219035326229,1.96972856935585
0.8,1.25,1,1.9735013375281,1.97134865615064
0.8,1.275,0.6,1.93705014166338,1.92245409285463
0.8,1.275,0.625,1.94105387469598,1.92806681042411
0.8,1.275,0.65,1.94472747981617,1.93312212880662
0.8,1.275,0.675,1.94807028142737,1.93772195189391
0.8,1.275,0.7,1.95115174676981,1.94188748145409
0.8,1.275,0.725,1.95396853036978,1.94569796088437
0.8,1.275,0.75,1.95657858552914,1.94916436354912
0.8,1.275,0.775,1.95897046794459,1.95235213733953
0.8,1.275,0.8,1.96119815742369,1.95527081501213
0.8,1.275,0.825,1.96325734022447,1.95796234366265
0.8,1.275,0.85,1.96516944792809,1.96044502897608
0.8,1.275,0.875,1.96694894159378,1.96274035361658
0.8,1.275,0.9,1.96860936325171,1.96486669169325
0.8,1.275,0.925,1.97016272256121,1.9668432973665
0.8,1.275,0.95,1.97162155771489,1.96868520582586
0.8,1.275,0.975,1.97299875935618,1.97040795037959
0.8,1.275,1,1.97430900578697,1.97202754869852
0.8,1.3,0.6,1.93781975388068,1.92309340981733
0.8,1.3,0.625,1.94182452371383,1.92870733772375
0.8,1.3,0.65,1.94549629716907,1.9337611956136
0.8,1.3,0.675,1.94883988208385,1.93836105087438
0.8,1.3,0.7,1.95191976999572,1.94252522804416
0.8,1.3,0.725,1.95473719040862,1.94633572540825
0.8,1.3,0.75,1.95734868367132,1.94980420898904
0.8,1.3,0.775,1.95973667095122,1.95298562049706
0.8,1.3,0.8,1.96196725722527,1.9559090729298
0.8,1.3,0.825,1.96402591198072,1.95859976874282
0.8,1.3,0.85,1.96593717029081,1.96108158771631
0.8,1.3,0.875,1.96771624820308,1.96337611732005
0.8,1.3,0.9,1.96937578638389,1.96550128613076
0.8,1.3,0.925,1.97092880628731,1.96747726136308
0.8,1.3,0.95,1.97238723955661,1.96931841753119
0.8,1.3,0.975,1.97376409368177,1.97104049747381
0.8,1.3,1,1.97507383566381,1.97265946789496
0.8,1.325,0.6,1.9385623987075,1.92372534312731
0.8,1.325,0.625,1.94256396211061,1.9293364979867
0.8,1.325,0.65,1.9462355203321,1.93438945107046
0.8,1.325,0.675,1.94957634683186,1.93898694086759
0.8,1.325,0.7,1.9526560063417,1.94315041042747
0.8,1.325,0.725,1.95547105366937,1.94695887368474
0.8,1.325,0.75,1.95807969407473,1.95042327418353
0.8,1.325,0.775,1.96046982492992,1.95360977466276
0.8,1.325,0.8,1.96269633229991,1.95652647873434
0.8,1.325,0.825,1.96475415796809,1.95921654458302
0.8,1.325,0.85,1.96666498942687,1.96169786330234
0.8,1.325,0.875,1.96844327614662,1.96399190687745
0.8,1.325,0.9,1.97010250124587,1.96611707223632
0.8,1.325,0.925,1.97165474433318,1.96809254162396
0.8,1.325,0.95,1.97311247937149,1.96993334864442
0.8,1.325,0.975,1.97448857182605,1.9716550186932
0.8,1.325,1,1.9757976502933,1.97327354448169
0.8,1.35,0.6,1.93925495914462,1.92430293637368
0.8,1.35,0.625,1.94325737189945,1.9299142026212
0.8,1.35,0.65,1.94692727755659,1.93496586322222
0.8,1.35,0.675,1.95026878342473,1.93956339586038
0.8,1.35,0.7,1.95334702110079,1.94372567026204
0.8,1.35,0.725,1.95616262179265,1.94753415639516
0.8,1.35,0.75,1.9587724073323,1.95100061780244
0.8,1.35,0.775,1.96115928924452,1.95418114319789
0.8,1.35,0.8,1.96338815237604,1.95710238449208
0.8,1.35,0.825,1.96544516284699,1.95979163667852
0.8,1.35,0.85,1.96735559404346,1.96227219946343
0.8,1.35,0.875,1.96913351408679,1.96456551620257
0.8,1.35,0.9,1.97079199980665,1.96668960892478
0.8,1.35,0.925,1.97234393889778,1.96866450085825
0.8,1.35,0.95,1.97380132089432,1.97050463071826
0.8,1.35,0.975,1.97517710440462,1.97222569862904
0.8,1.35,1,1.97648573004174,1.9738436592532
0.8,1.375,0.6,1.93992299627631,1.92487695636978
0.8,1.375,0.625,1.94392253710112,1.93048563340422
0.8,1.375,0.65,1.94759222356571,1.93553642505175
0.8,1.375,0.675,1.95093125955906,1.94013176115687
0.8,1.375,0.7,1.9540092720311,1.94429335384786
0.8,1.375,0.725,1.95682274832617,1.94809995985695
0.8,1.375,0.75,1.95943011948878,1.9515625244099
0.8,1.375,0.775,1.96181863395784,1.95474788009184
0.8,1.375,0.8,1.96404409661544,1.95766276227071
0.8,1.375,0.825,1.96610069134064,1.96035149437495
0.8,1.375,0.85,1.96801036608012,1.96283156800495
0.8,1.375,0.875,1.96978755974287,1.96512444522961
0.8,1.375,0.9,1.97144570116473,1.96724854028186
0.8,1.375,0.925,1.97299693531518,1.96922297499637
0.8,1.375,0.95,1.97445367748999,1.97106278163232
0.8,1.375,0.975,1.97582877045828,1.97278347648083
0.8,1.375,1,1.97713679819456,1.97440102937135
0.8,1.4,0.6,1.94055308990258,1.92540841740749
0.8,1.4,0.625,1.94455190770381,1.93101568861016
0.8,1.4,0.65,1.94822045358182,1.93606635249094
0.8,1.4,0.675,1.95155885097784,1.94066036497532
0.8,1.4,0.7,1.95463586467963,1.94482187648691
0.8,1.4,0.725,1.95744878375633,1.94862725383452
0.8,1.4,0.75,1.9600547975432,1.95209011069108
0.8,1.4,0.775,1.96244321874907,1.95527462118181
0.8,1.4,0.8,1.96466759012755,1.95818909169651
0.8,1.4,0.825,1.9667236588598,1.96087722789503
0.8,1.4,0.85,1.96863283382337,1.96335675299828
0.8,1.4,0.875,1.97040954984966,1.9656491251225
0.8,1.4,0.9,1.97206717818072,1.96777278489817
0.8,1.4,0.925,1.97361795013548,1.96974676949076
0.8,1.4,0.95,1.97507425853504,1.97158618196139
0.8,1.4,0.975,1.97644891082457,1.97330649466817
0.8,1.4,1,1.97775652426663,1.97492362185941
0.8,1.425,0.6,1.94113960103886,1.92592520635809
0.8,1.425,0.625,1.94513914527063,1.93153185764928
0.8,1.425,0.65,1.94880698758113,1.93657985451055
0.8,1.425,0.675,1.9521458877312,1.94117344006651
0.8,1.425,0.7,1.95522228090456,1.94533265048192
0.8,1.425,0.725,1.95803559114075,1.94913778044872
0.8,1.425,0.75,1.96064497823373,1.95259807407787
0.8,1.425,0.775,1.9630278475646,1.95578224442492
0.8,1.425,0.8,1.96525707881892,1.95869537660148
0.8,1.425,0.825,1.96731259691298,1.96138287924675
0.8,1.425,0.85,1.96922098741257,1.96386178734409
0.8,1.425,0.875,1.97099729978949,1.96615357453877
0.8,1.425,0.9,1.97265439439037,1.9682765277391
0.8,1.425,0.925,1.97420480274262,1.97024999435672
0.8,1.425,0.95,1.97566073351257,1.97208883899801
0.8,1.425,0.975,1.97703501472873,1.97380860529517
0.8,1.425,1,1.97834216649877,1.9754252154932
0.8,1.45,0.6,1.94172190372395,1.92640705726793
0.8,1.45,0.625,1.94571888038978,1.93201223578198
0.8,1.45,0.65,1.94938581134408,1.93706083940418
0.8,1.45,0.675,1.95272258779873,1.94165304596504
0.8,1.45,0.7,1.95579818463225,1.94581277223743
0.8,1.45,0.725,1.958609686821,1.94961660292893
0.8,1.45,0.75,1.96121447875506,1.95307784012003
0.8,1.45,0.775,1.96360170073018,1.95626115782002
0.8,1.45,0.8,1.96582494960347,1.95917418592778
0.8,1.45,0.825,1.96787995426395,1.9618611355441
0.8,1.45,0.85,1.9697881287941,1.96433955149907
0.8,1.45,0.875,1.97156389913754,1.96663088343529
0.8,1.45,0.9,1.97322063093567,1.96875358995737
0.8,1.45,0.925,1.97477053059493,1.97072665359504
0.8,1.45,0.95,1.9762259790857,1.9725651737815
0.8,1.45,0.975,1.97759976706669,1.97428461842905
0.8,1.45,1,1.97890647552989,1.97590088447103
0.8,1.475,0.6,1.94225187021791,1.92687783023634
0.8,1.475,0.625,1.9462496281126,1.93248219922833
0.8,1.475,0.65,1.94991604557794,1.93752846969499
0.8,1.475,0.675,1.95325343401016,1.94212012256262
0.8,1.475,0.7,1.9563285739188,1.94627783581072
0.8,1.475,0.725,1.95914056190458,1.95008130592499
0.8,1.475,0.75,1.96174908181107,1.95354013121453
0.8,1.475,0.775,1.96413056220422,1.95672335171148
0.8,1.475,0.8,1.96635903714125,1.95963491778278
0.8,1.475,0.825,1.96841355159336,1.9623212885557
0.8,1.475,0.85,1.9703210246207,1.96479913599401
0.8,1.475,0.875,1.97209641633799,1.96708992547159
0.8,1.475,0.9,1.97375266669549,1.9692119857853
0.8,1.475,0.925,1.97530225403607,1.97118457631497
0.8,1.475,0.95,1.9767573821002,1.97302258252648
0.8,1.475,0.975,1.97813085721925,1.97474153299086
0.8,1.475,1,1.9794371680323,1.9763573344658
0.8,1.5,0.6,1.94278254332927,1.92731786734854
0.8,1.5,0.625,1.9467778338076,1.93292108433953
0.8,1.5,0.65,1.95044327488831,1.93796780898935
0.8,1.5,0.675,1.95377857011018,1.94255832693316
0.8,1.5,0.7,1.95685286275058,1.94671642960803
0.8,1.5,0.725,1.95966307220976,1.95051881591695
0.8,1.5,0.75,1.96226676507103,1.95397855448487
0.8,1.5,0.775,1.96465285338851,1.95716081453288
0.8,1.5,0.8,1.96687510999849,1.96007247975007
0.8,1.5,0.825,1.96892914025155,1.96275834180466
0.8,1.5,0.85,1.97083639935279,1.96523574231911
0.8,1.5,0.875,1.97261130506665,1.96752612293601
0.8,1.5,0.9,1.97426721299593,1.96964795462353
0.8,1.5,0.925,1.97581631639231,1.97162017714495
0.8,1.5,0.95,1.97727098135342,1.97345788321129
0.8,1.5,0.975,1.97864398288969,1.97517653616934
0.8,1.5,1,1.97994986856252,1.97679201680459
0.825,0.75,0.6,1.89348472672178,1.88580181330961
0.825,0.75,0.625,1.89770789807498,1.89171244333306
0.825,0.75,0.65,1.90155519560591,1.89706604005516
0.825,0.75,0.675,1.90509328712681,1.90192493239386
0.825,0.75,0.7,1.90831678184562,1.90635851935841
0.825,0.75,0.725,1.9113069355543,1.9103795683257
0.825,0.75,0.75,1.91402931037143,1.91410598489918
0.825,0.75,0.775,1.91659739440115,1.91745559033764
0.825,0.75,0.8,1.91894332941353,1.92055917471296
0.825,0.75,0.825,1.92114151579156,1.92342722219303
0.825,0.75,0.85,1.92316879777081,1.92607047390998
0.825,0.75,0.875,1.92505771632507,1.92851494204465
0.825,0.75,0.9,1.92682038607015,1.93077893171331
0.825,0.75,0.925,1.92846826381764,1.93288375853925
0.825,0.75,0.95,1.93001346178393,1.93484362426605
0.825,0.75,0.975,1.93146500906149,1.93667661299834
0.825,0.75,1,1.93284108359885,1.93839440034148
0.825,0.775,0.6,1.89688800714701,1.88836393917699
0.825,0.775,0.625,1.90110825828506,1.89427128439916
0.825,0.775,0.65,1.90495272491255,1.89962227116359
0.825,0.775,0.675,1.90848778945334,1.9044778746932
0.825,0.775,0.7,1.91170858226167,1.90890869379087
0.825,0.775,0.725,1.91469574461,1.91292774479372
0.825,0.775,0.75,1.91744062647011,1.91662560165916
0.825,0.775,0.775,1.91995737333412,1.92002191328457
0.825,0.775,0.8,1.92232443451169,1.92309983163028
0.825,0.775,0.825,1.92452028541205,1.92596417565278
0.825,0.775,0.85,1.9265454793996,1.92860505628104
0.825,0.775,0.875,1.92843215477665,1.93104736012194
0.825,0.775,0.9,1.93019256865805,1.93330939398957
0.825,0.775,0.925,1.93183829624044,1.93541231363531
0.825,0.775,0.95,1.93338136984908,1.93737035556361
0.825,0.775,0.975,1.93483105224276,1.93920136487557
0.825,0.775,1,1.93620486390047,1.94091722122616
0.825,0.8,0.6,1.90002825933847,1.89073207837104
0.825,0.8,0.625,1.90424396555312,1.8966344800521
0.825,0.8,0.65,1.90808534095418,1.90198604579677
0.825,0.8,0.675,1.91161607895105,1.9068367917325
0.825,0.8,0.7,1.91483763284228,1.91126441858073
0.825,0.8,0.725,1.91782342299388,1.91528379616816
0.825,0.8,0.75,1.92056216555494,1.9189774698871
0.825,0.8,0.775,1.9231053032561,1.92234629456039
0.825,0.8,0.8,1.92541696972625,1.92548041200948
0.825,0.8,0.825,1.92762584582258,1.92830911635974
0.825,0.8,0.85,1.92965109106424,1.93094746980428
0.825,0.8,0.875,1.931535591189,1.9333879276501
0.825,0.8,0.9,1.93329452686304,1.93564976561279
0.825,0.8,0.925,1.9349382292137,1.93775130456856
0.825,0.8,0.95,1.93647927878544,1.93970804346888
0.825,0.8,0.975,1.93792860250424,1.94153651044127
0.825,0.8,1,1.93930006500728,1.9432500907487
0.825,0.825,0.6,1.90290717819007,1.89293061773475
0.825,0.825,0.625,1.90712020835253,1.89883007649016
0.825,0.825,0.65,1.91095889369712,1.90417896196044
0.825,0.825,0.675,1.91448695481471,1.90902680356869
0.825,0.825,0.7,1.91770590970049,1.9134517702655
0.825,0.825,0.725,1.92068919861402,1.91746881186043
0.825,0.825,0.75,1.92342533996456,1.92115993983963
0.825,0.825,0.775,1.92596571848746,1.92452709824345
0.825,0.825,0.8,1.9283057669401,1.92762842549127
0.825,0.825,0.825,1.9305140888875,1.93045346435179
0.825,0.825,0.85,1.93250540128979,1.93312164456501
0.825,0.825,0.875,1.93438837537733,1.93555972918577
0.825,0.825,0.9,1.93614540702649,1.93781958854831
0.825,0.825,0.925,1.93778727136729,1.93991937546356
0.825,0.825,0.95,1.93932649711657,1.94187445746486
0.825,0.825,0.975,1.94077404969224,1.94370123195083
0.825,0.825,1,1.94214359820608,1.94541313808412
0.825,0.85,0.6,1.90555838856899,1.89495194202144
0.825,0.85,0.625,1.90977003389461,1.90085303318532
0.825,0.85,0.65,1.91360667865509,1.90619649445837
0.825,0.85,0.675,1.91713320909484,1.91104541548065
0.825,0.85,0.7,1.92034928630221,1.91546705766984
0.825,0.85,0.725,1.92332797727894,1.91947978155553
0.825,0.85,0.75,1.92606519415176,1.9231714629923
0.825,0.85,0.775,1.92860138819638,1.9265347426861
0.825,0.85,0.8,1.93093751367868,1.92962830125909
0.825,0.85,0.825,1.93312506019936,1.93249307278282
0.825,0.85,0.85,1.93516323835443,1.93510907430257
0.825,0.85,0.875,1.93702314115533,1.9375665165854
0.825,0.85,0.9,1.93877719034976,1.939822028881
0.825,0.85,0.925,1.94041796698442,1.94191950659903
0.825,0.85,0.95,1.94195584299137,1.94387214375736
0.825,0.85,0.975,1.94340038062117,1.94569849890944
0.825,0.85,1,1.9447688255722,1.94740916271502
0.825,0.875,0.6,1.90801998274524,1.896873774045
0.825,0.875,0.625,1.91222787661833,1.90276760985806
0.825,0.875,0.65,1.91606152903642,1.90811118202922
0.825,0.875,0.675,1.9195844961397,1.91295118975232
0.825,0.875,0.7,1.92279806467311,1.91737175692236
0.825,0.875,0.725,1.92577716741978,1.92138612674602
0.825,0.875,0.75,1.92850837194111,1.9250708422512
0.825,0.875,0.775,1.9310447751988,1.92843553865226
0.825,0.875,0.8,1.93338015928702,1.9315336151497
0.825,0.875,0.825,1.93555688086886,1.9343821828373
0.825,0.875,0.85,1.93757613070947,1.93701491464109
0.825,0.875,0.875,1.93947815746916,1.93942682147832
0.825,0.875,0.9,1.94120576620978,1.94170842895941
0.825,0.875,0.925,1.94284461031974,1.94380553358526
0.825,0.875,0.95,1.94438065192468,1.94575743504936
0.825,0.875,0.975,1.94582481910025,1.94758130902704
0.825,0.875,1,1.94719084448415,1.94928937543514
0.825,0.9,0.6,1.91029468058129,1.89862137268652
0.825,0.9,0.625,1.91450114696581,1.90451641718334
0.825,0.9,0.65,1.91833292578745,1.90985527288108
0.825,0.9,0.675,1.92185446465972,1.91469846692197
0.825,0.9,0.7,1.92506573823037,1.91911573098642
0.825,0.9,0.725,1.92804052758886,1.9231241919823
0.825,0.9,0.75,1.9307728183841,1.92681103171499
0.825,0.9,0.775,1.93330539796827,1.93017052299133
0.825,0.9,0.8,1.93563787520198,1.93326129736635
0.825,0.9,0.825,1.93782001493241,1.93612077301158
0.825,0.9,0.85,1.93983629784006,1.93875175279581
0.825,0.9,0.875,1.94171430275177,1.94118437689689
0.825,0.9,0.9,1.9434757097734,1.94342664986971
0.825,0.9,0.925,1.945099846907,1.94553417651954
0.825,0.9,0.95,1.94663523305475,1.94748387223327
0.825,0.9,0.975,1.9480767865291,1.94930734730742
0.825,0.9,1,1.94944199330668,1.95101509319541
0.825,0.925,0.6,1.91240749846047,1.90029550958105
0.825,0.925,0.625,1.91661075066073,1.90618440518278
0.825,0.925,0.65,1.92043972385255,1.91152336188784
0.825,0.925,0.675,1.92395828731091,1.91636103920066
0.825,0.925,0.7,1.92716724779161,1.92077728163007
0.825,0.925,0.725,1.93014219888768,1.92478532314488
0.825,0.925,0.75,1.93286940938823,1.92846770911555
0.825,0.925,0.775,1.93540201827582,1.93182688784029
0.825,0.925,0.8,1.93773342534636,1.93492036943651
0.825,0.925,0.825,1.93990740460423,1.93776762730302
0.825,0.925,0.85,1.94192279068055,1.94039755462587
0.825,0.925,0.875,1.94379848667217,1.94282948378102
0.825,0.925,0.9,1.94554897168956,1.94508214239286
0.825,0.925,0.925,1.94720108676305,1.94715916735827
0.825,0.925,0.95,1.94871526533919,1.94912737613633
0.825,0.925,0.975,1.95015682830404,1.95094837704102
0.825,0.925,1,1.95152007140808,1.95265460275313
0.825,0.95,0.6,1.91437409407916,1.90181865111732
0.825,0.95,0.625,1.91857547283698,1.90770755376533
0.825,0.95,0.65,1.92240311573721,1.91304273430254
0.825,0.95,0.675,1.9259198632805,1.91788026343919
0.825,0.95,0.7,1.9291271078712,1.92229397781374
0.825,0.95,0.725,1.93209834839699,1.92629858946007
0.825,0.95,0.75,1.93482628179402,1.92998103960712
0.825,0.95,0.775,1.93735562490858,1.93333710993388
0.825,0.95,0.8,1.93968488472465,1.93642530499564
0.825,0.95,0.825,1.9418627233164,1.93927963533358
0.825,0.95,0.85,1.94387589519336,1.94190757302851
0.825,0.95,0.875,1.94575046273448,1.94433768318437
0.825,0.95,0.9,1.94749822562792,1.94658835409341
0.825,0.95,0.925,1.94913295983837,1.94867993488653
0.825,0.95,0.95,1.95067194148685,1.95062077425871
0.825,0.95,0.975,1.95210205489784,1.95245050926738
0.825,0.95,1,1.95346480476077,1.95415532290866
0.825,0.975,0.6,1.91618736489759,1.90329296542509
0.825,0.975,0.625,1.92038704551442,1.90917748855971
0.825,0.975,0.65,1.92421267385654,1.9145103464565
0.825,0.975,0.675,1.9277277918539,1.91934396539717
0.825,0.975,0.7,1.93093196175302,1.92375588396547
0.825,0.975,0.725,1.9339021614399,1.92775873909883
0.825,0.975,0.75,1.93662816068816,1.93143782820056
0.825,0.975,0.775,1.9391565057713,1.93479247927692
0.825,0.975,0.8,1.9414830881066,1.93788220013728
0.825,0.975,0.825,1.94366187714098,1.94072672140787
0.825,0.975,0.85,1.9456734315635,1.94335382025731
0.825,0.975,0.875,1.94754624205667,1.94578296642661
0.825,0.975,0.9,1.94929301131216,1.94803295399201
0.825,0.975,0.925,1.95092594797909,1.95012408483271
0.825,0.975,0.95,1.95245675400599,1.95207063169511
0.825,0.975,0.975,1.95390885017935,1.95387597200081
0.825,0.975,1,1.95525442797219,1.95559533722443
0.825,1,0.6,1.91790495248818,1.90464385222256
0.825,1,0.625,1.92210189768595,1.91052546843634
0.825,1,0.65,1.92592470258451,1.91585848581466
0.825,1,0.675,1.9294373137561,1.92068922584262
0.825,1,0.7,1.93264201393701,1.92509803452924
0.825,1,0.725,1.93561107684317,1.92910187875148
0.825,1,0.75,1.93833339935579,1.93277746890736
0.825,1,0.775,1.94086070849766,1.93613299154134
0.825,1,0.8,1.94318702885914,1.93922322696023
0.825,1,0.825,1.94535663779599,1.94206349272599
0.825,1,0.85,1.94736769227612,1.94468919972013
0.825,1,0.875,1.94923917302491,1.94711728420276
0.825,1,0.9,1.95098502104223,1.9493670736649
0.825,1,0.925,1.95261660928299,1.95145728153777
0.825,1,0.95,1.95414600025994,1.95340332537294
0.825,1,0.975,1.9555845567663,1.95522028277901
0.825,1,1,1.95695226359841,1.95691471928361
0.825,1.025,0.6,1.919486184421,1.90592454762891
0.825,1.025,0.625,1.92368235378685,1.91180470525198
0.825,1.025,0.65,1.92750398507614,1.91713326798754
0.825,1.025,0.675,1.93101576963065,1.92196280512305
0.825,1.025,0.7,1.93421596748059,1.92637095781042
0.825,1.025,0.725,1.93718326507845,1.93037051494402
0.825,1.025,0.75,1.93990585211344,1.93404576689191
0.825,1.025,0.775,1.94243157117446,1.93739747870862
0.825,1.025,0.8,1.94475521875401,1.94048467533482
0.825,1.025,0.825,1.94693187457511,1.94332533375604
0.825,1.025,0.85,1.94894077791109,1.94594964589067
0.825,1.025,0.875,1.95081112334735,1.94837630033206
0.825,1.025,0.9,1.95255544311666,1.95062406946831
0.825,1.025,0.925,1.9541860141264,1.95271303714683
0.825,1.025,0.95,1.95571430942371,1.95465774629018
0.825,1.025,0.975,1.95715063865378,1.95647465315857
0.825,1.025,1,1.95850927296623,1.95817634135915
0.825,1.05,0.6,1.92098919700815,1.90711891210138
0.825,1.05,0.625,1.92518233668428,1.91299626114816
0.825,1.05,0.65,1.92900146050411,1.91832513824359
0.825,1.05,0.675,1.93251052685055,1.92315195867026
0.825,1.05,0.7,1.93571164278447,1.92755742329345
0.825,1.05,0.725,1.93867765766633,1.93155758643492
0.825,1.05,0.75,1.94139680744609,1.9352299984047
0.825,1.05,0.775,1.94392138197768,1.93858225781288
0.825,1.05,0.8,1.94624503446132,1.94166979984252
0.825,1.05,0.825,1.9484120921777,1.9445070208388
0.825,1.05,0.85,1.95042066784709,1.94713015688156
0.825,1.05,0.875,1.95228979796142,1.94955581899045
0.825,1.05,0.9,1.95403333281966,1.95180323605302
0.825,1.05,0.925,1.95566279855083,1.95389149074061
0.825,1.05,0.95,1.95718998732254,1.95583554382013
0.825,1.05,0.975,1.95862606815606,1.95765094019003
0.825,1.05,1,1.95998343692984,1.95935163311089
0.825,1.075,0.6,1.92237373437173,1.90824986681014
0.825,1.075,0.625,1.92656631810501,1.91412569877687
0.825,1.075,0.65,1.93038467324841,1.91945059681454
0.825,1.075,0.675,1.93389312416059,1.92427616958094
0.825,1.075,0.7,1.93709005755242,1.92868121815045
0.825,1.075,0.725,1.94005459049064,1.93267756379098
0.825,1.075,0.75,1.94277425645358,1.9363495257857
0.825,1.075,0.775,1.94529749297746,1.93969840913062
0.825,1.075,0.8,1.9476182256249,1.94278307577022
0.825,1.075,0.825,1.94979316466871,1.94562043611904
0.825,1.075,0.85,1.95179985342833,1.94824230562583
0.825,1.075,0.875,1.9536679972867,1.9506667064607
0.825,1.075,0.9,1.9554100908914,1.95291243081901
0.825,1.075,0.925,1.95703862987583,1.95499941376092
0.825,1.075,0.95,1.95856494339232,1.95694225413224
0.825,1.075,0.975,1.95999912590722,1.9587573358827
0.825,1.075,1,1.96135567596116,1.9604575251848
0.825,1.1,0.6,1.92369685116092,1.90931106105569
0.825,1.1,0.625,1.92788650129128,1.91518444792687
0.825,1.1,0.65,1.93170228660145,1.92050958498904
0.825,1.1,0.675,1.935208131839,1.92533279562157
0.825,1.1,0.7,1.93840599896189,1.92973520572449
0.825,1.1,0.725,1.94136924558888,1.93373211119247
0.825,1.1,0.75,1.94408556468066,1.93740157787376
0.825,1.1,0.775,1.94660766663994,1.94075096056605
0.825,1.1,0.8,1.9489288826583,1.94383610833215
0.825,1.1,0.825,1.95109377884753,1.94667046556485
0.825,1.1,0.85,1.95310013832135,1.94929129619874
0.825,1.1,0.875,1.95496717377854,1.95171478919815
0.825,1.1,0.9,1.9567087102815,1.95396023663526
0.825,1.1,0.925,1.95833622558608,1.95604655946933
0.825,1.1,0.95,1.9598615202013,1.95798878250861
0.825,1.1,0.975,1.96129563158853,1.95980253413759
0.825,1.1,1,1.96265103375652,1.96150156396939
0.825,1.125,0.6,1.92492223374244,1.91030003313331
0.825,1.125,0.625,1.92911081793768,1.91617430234618
0.825,1.125,0.65,1.93292574674842,1.9214965095182
0.825,1.125,0.675,1.93643058381316,1.92632035006892
0.825,1.125,0.7,1.93962663143729,1.93072057353327
0.825,1.125,0.725,1.94258754006012,1.93471530280101
0.825,1.125,0.75,1.94530462902145,1.93838502774279
0.825,1.125,0.775,1.94782468867111,1.94173240520506
0.825,1.125,0.8,1.95014407331583,1.94481263659368
0.825,1.125,0.825,1.95231327829483,1.94765474370519
0.825,1.125,0.85,1.95431816031918,1.95027425589742
0.825,1.125,0.875,1.95618449967073,1.95269643203494
0.825,1.125,0.9,1.95792446915873,1.95493954281625
0.825,1.125,0.925,1.95955140586411,1.95702467934248
0.825,1.125,0.95,1.96107605380395,1.95896562154035
0.825,1.125,0.975,1.96250878018148,1.96077913546953
0.825,1.125,1,1.96386369780592,1.96247752627203
0.825,1.15,0.6,1.92608658204064,1.91126174009335
0.825,1.15,0.625,1.93027299970335,1.91712993251235
0.825,1.15,0.65,1.93408579823497,1.92245320272454
0.825,1.15,0.675,1.937588684686,1.92727186173556
0.825,1.15,0.7,1.94078350321467,1.93167160347624
0.825,1.15,0.725,1.9437443692815,1.93566671512186
0.825,1.15,0.75,1.94645804457653,1.93933254673368
0.825,1.15,0.775,1.94897797733829,1.9426794388516
0.825,1.15,0.8,1.95129701331535,1.9457632968005
0.825,1.15,0.825,1.95346007419277,1.9485949831035
0.825,1.15,0.85,1.95546444508794,1.95121374064903
0.825,1.15,0.875,1.95732960501215,1.95363528634625
0.825,1.15,0.9,1.95906936448873,1.95587847281771
0.825,1.15,0.925,1.96069509572756,1.95796300760573
0.825,1.15,0.95,1.96221872904701,1.95990412281335
0.825,1.15,0.975,1.96365110381911,1.96171636822893
0.825,1.15,1,1.96500475801785,1.96341342473763
0.825,1.175,0.6,1.92717375018146,1.91214185230127
0.825,1.175,0.625,1.93135921494519,1.91801230807787
0.825,1.175,0.65,1.9351711853262,1.92333149035941
0.825,1.175,0.675,1.93867317561634,1.92815190272607
0.825,1.175,0.7,1.94186653069738,1.93254948994488
0.825,1.175,0.725,1.94482517322012,1.93654160583615
0.825,1.175,0.75,1.94753960493699,1.94020854924525
0.825,1.175,0.775,1.95005764570631,1.94355364223864
0.825,1.175,0.8,1.9523751387452,1.94663216893571
0.825,1.175,0.825,1.95454168499693,1.94947101974265
0.825,1.175,0.85,1.95654476995006,1.95208854501248
0.825,1.175,0.875,1.95840932394581,1.9545088910421
0.825,1.175,0.9,1.96014771008427,1.95675043232315
0.825,1.175,0.925,1.96177289653013,1.95883383384908
0.825,1.175,0.95,1.96329605094767,1.96077338462018
0.825,1.175,0.975,1.96472716173111,1.96258543324084
0.825,1.175,1,1.96608045906223,1.96428230519385
0.825,1.2,0.6,1.92820589890105,1.91300352700508
0.825,1.2,0.625,1.9323894986325,1.91887003351229
0.825,1.2,0.65,1.93619948425167,1.92418881655699
0.825,1.2,0.675,1.93969980018069,1.92900579687531
0.825,1.2,0.7,1.94289196530295,1.933402958749
0.825,1.2,0.725,1.94585049082093,1.93739444278761
0.825,1.2,0.75,1.94856196786378,1.9410587752616
0.825,1.2,0.775,1.95107986906976,1.94440338625016
0.825,1.2,0.8,1.95339673117158,1.94748379474893
0.825,1.2,0.825,1.95555841912702,1.9503144489324
0.825,1.2,0.85,1.95756100097097,1.9529313370935
0.825,1.2,0.875,1.95942447621724,1.95535112959291
0.825,1.2,0.9,1.96116254785544,1.95759273986341
0.825,1.2,0.925,1.9627867407046,1.95967573289632
0.825,1.2,0.95,1.96430884722272,1.96161486390885
0.825,1.2,0.975,1.96573967082455,1.96342577647617
0.825,1.2,1,1.96709187714948,1.96512188064019
0.825,1.225,0.6,1.92916943943243,1.91379778302321
0.825,1.225,0.625,1.93335182548689,1.91966332245128
0.825,1.225,0.65,1.93716131912593,1.92498156765669
0.825,1.225,0.675,1.94066053555107,1.92979751037795
0.825,1.225,0.7,1.9438524165727,1.93419212424946
0.825,1.225,0.725,1.94680961402409,1.9381839835419
0.825,1.225,0.75,1.94952104018871,1.94184663299581
0.825,1.225,0.775,1.95203776909266,1.94519159442474
0.825,1.225,0.8,1.95435314389413,1.9482708336321
0.825,1.225,0.825,1.95651626609908,1.95110225533193
0.825,1.225,0.85,1.95851809831846,1.95371834522113
0.825,1.225,0.875,1.96038088834474,1.95613740802719
0.825,1.225,0.9,1.96211787697106,1.95837808422532
0.825,1.225,0.925,1.96374147936937,1.96046048498664
0.825,1.225,0.95,1.96526306417648,1.96239911131205
0.825,1.225,0.975,1.96669383560543,1.96420888543008
0.825,1.225,1,1.96804557668145,1.96590419139761
0.825,1.25,0.6,1.93008386040144,1.91457119718872
0.825,1.25,0.625,1.93426540770994,1.9204347602665
0.825,1.25,0.65,1.93807367461333,1.9257497223915
0.825,1.25,0.675,1.94157210328784,1.93056411688639
0.825,1.25,0.7,1.944761097768,1.93495886720722
0.825,1.25,0.725,1.94771715524387,1.93894713444838
0.825,1.25,0.75,1.95042818132197,1.94260951502826
0.825,1.25,0.775,1.95294389816844,1.94595135342556
0.825,1.25,0.8,1.95525781254926,1.94902970105489
0.825,1.25,0.825,1.95742365572151,1.95185826632673
0.825,1.25,0.85,1.9594241044057,1.95447348864081
0.825,1.25,0.875,1.96128613687769,1.95689167733985
0.825,1.25,0.9,1.96302244029848,1.95913159508705
0.825,1.25,0.925,1.96464529112072,1.96121314976814
0.825,1.25,0.95,1.96616609716415,1.96315085844646
0.825,1.25,0.975,1.96759561521459,1.96496040020776
0.825,1.25,1,1.9689466300074,1.96665534806232
0.825,1.275,0.6,1.93096134357354,1.9152885241117
0.825,1.275,0.625,1.93514108645668,1.92115057586012
0.825,1.275,0.65,1.93894740592414,1.92646562224635
0.825,1.275,0.675,1.94244423294812,1.93127852208214
0.825,1.275,0.7,1.94563398621792,1.93567116188862
0.825,1.275,0.725,1.9485891590031,1.93966010680337
0.825,1.275,0.75,1.95129788031541,1.94332056379295
0.825,1.275,0.775,1.95381282027328,1.94666300109574
0.825,1.275,0.8,1.95612703287629,1.9497412184102
0.825,1.275,0.825,1.95828598466142,1.95256855269922
0.825,1.275,0.85,1.96028627105681,1.9551829717888
0.825,1.275,0.875,1.96214757093531,1.95760047065149
0.825,1.275,0.9,1.96388344448715,1.95984012943705
0.825,1.275,0.925,1.96550562422271,1.9619211135968
0.825,1.275,0.95,1.96702580753268,1.96385838664055
0.825,1.275,0.975,1.96845514138167,1.96566698234985
0.825,1.275,1,1.96980546404675,1.96736108031755
0.825,1.3,0.6,1.93177213643935,1.91598067812836
0.825,1.3,0.625,1.93595152805933,1.92184145337624
0.825,1.3,0.65,1.93975748216032,1.92715369764238
0.825,1.3,0.675,1.94325394825754,1.93196558953173
0.825,1.3,0.7,1.94644059944212,1.93635808305771
0.825,1.3,0.725,1.94939496690498,1.94034431797319
0.825,1.3,0.75,1.9521041394744,1.94400444279167
0.825,1.3,0.775,1.95461835699918,1.94734450316872
0.825,1.3,0.8,1.9569306176715,1.95042133523348
0.825,1.3,0.825,1.95909548474665,1.95324765075235
0.825,1.3,0.85,1.96109454540091,1.95586129128934
0.825,1.3,0.875,1.96295517142671,1.9582779990523
0.825,1.3,0.9,1.96469017302733,1.96051661567804
0.825,1.3,0.925,1.96631179617309,1.96259688265624
0.825,1.3,0.95,1.9678314233327,1.96453337205233
0.825,1.3,0.975,1.96925973985762,1.96634180207223
0.825,1.3,1,1.97060951767761,1.96803550581239
0.825,1.325,0.6,1.93256156338393,1.916629669644
0.825,1.325,0.625,1.93673898856281,1.92248897865866
0.825,1.325,0.65,1.94054309400217,1.92780141464268
0.825,1.325,0.675,1.94403783372312,1.93261188492959
0.825,1.325,0.7,1.94722549447291,1.9370024939042
0.825,1.325,0.725,1.9501788939887,1.94098920566734
0.825,1.325,0.75,1.95288580644116,1.94464775140913
0.825,1.325,0.775,1.95539918173855,1.94798823878176
0.825,1.325,0.8,1.95771187701447,1.95106488649126
0.825,1.325,0.825,1.95986942322159,1.9538903322055
0.825,1.325,0.85,1.96186833175934,1.95650325185429
0.825,1.325,0.875,1.96372833382175,1.95891934180544
0.825,1.325,0.9,1.96546294448527,1.96115763726055
0.825,1.325,0.925,1.96708397683767,1.96323747132339
0.825,1.325,0.95,1.96860301117857,1.96517355321915
0.825,1.325,0.975,1.97003116678387,1.96698108868142
0.825,1.325,1,1.97138034958941,1.96867409386548
0.825,1.35,0.6,1.93328855235489,1.91725470482177
0.825,1.35,0.625,1.93746579851272,1.92311274026313
0.825,1.35,0.65,1.94126982314369,1.92842263315136
0.825,1.35,0.675,1.94476435412418,1.93323209280283
0.825,1.35,0.7,1.94794902522816,1.93762269707456
0.825,1.35,0.725,1.95090179170315,1.94160694707963
0.825,1.35,0.75,1.95360935399637,1.94526511009833
0.825,1.35,0.775,1.95612215578126,1.94860344773265
0.825,1.35,0.8,1.95843276706315,1.95167875614204
0.825,1.35,0.825,1.96059686866352,1.95450311935738
0.825,1.35,0.85,1.96259468094669,1.95711532480838
0.825,1.35,0.875,1.96445408981905,1.95953071038253
0.825,1.35,0.9,1.96618788137078,1.96176812344366
0.825,1.35,0.925,1.96780840019915,1.96384722517675
0.825,1.35,0.95,1.96932696778011,1.96578261177503
0.825,1.35,0.975,1.97075414523454,1.96758996094477
0.825,1.35,1,1.97210294657453,1.96928266578312
0.825,1.375,0.6,1.93400179682739,1.91784382533341
0.825,1.375,0.625,1.93817708643908,1.92370058249801
0.825,1.375,0.65,1.94197917354156,1.92901064034746
0.825,1.375,0.675,1.94547199798831,1.93381885840149
0.825,1.375,0.7,1.94865773318729,1.93820760028959
0.825,1.375,0.725,1.95160950576581,1.94219230596217
0.825,1.375,0.75,1.95431478396466,1.9458490667842
0.825,1.375,0.775,1.95682672670846,1.94918780696553
0.825,1.375,0.8,1.95913801402812,1.95226304041095
0.825,1.375,0.825,1.96129436372959,1.9550866963866
0.825,1.375,0.85,1.96329201624227,1.9576982539638
0.825,1.375,0.875,1.96515083705322,1.96011306678346
0.825,1.375,0.9,1.96688432785488,1.9623502150979
0.825,1.375,0.925,1.96850427699673,1.964428913352
0.825,1.375,0.95,1.970022270592,1.96636391891772
0.825,1.375,0.975,1.97144935509051,1.96817048500167
0.825,1.375,1,1.97279751018645,1.96986249272335
0.825,1.4,0.6,1.93466209326577,1.91839773843128
0.825,1.4,0.625,1.93883670444846,1.92425517835307
0.825,1.4,0.65,1.94263856280289,1.92956358741174
0.825,1.4,0.675,1.94613077860448,1.93437231865188
0.825,1.4,0.7,1.94931517277208,1.93875954141349
0.825,1.4,0.725,1.9522656468789,1.94274312723564
0.825,1.4,0.75,1.95497163621035,1.94640008359223
0.825,1.4,0.775,1.95748245413834,1.94973777987175
0.825,1.4,0.8,1.95979264777245,1.95280975725891
0.825,1.4,0.825,1.96195233818868,1.95563900416884
0.825,1.4,0.85,1.96394914406462,1.95824976744857
0.825,1.4,0.875,1.96580756666017,1.96066378487371
0.825,1.4,0.9,1.96754029263773,1.96289939861523
0.825,1.4,0.925,1.96915992961327,1.96497740302641
0.825,1.4,0.95,1.97067759349242,1.96691165512825
0.825,1.4,0.975,1.97210396372261,1.96871806870769
0.825,1.4,1,1.97345190797873,1.97040969281883
0.825,1.425,0.6,1.93530262690319,1.91894652903101
0.825,1.425,0.625,1.93947592471967,1.92480003210193
0.825,1.425,0.65,1.94327614466699,1.93010800377245
0.825,1.425,0.675,1.94676724121019,1.93491421260528
0.825,1.425,0.7,1.94995114570947,1.9393013053877
0.825,1.425,0.725,1.9529014706931,1.94328424575422
0.825,1.425,0.75,1.95560523592013,1.94693940647906
0.825,1.425,0.775,1.95811590383029,1.95027660841246
0.825,1.425,0.8,1.96042591082003,1.95335105127871
0.825,1.425,0.825,1.96258124488069,1.95617302018962
0.825,1.425,0.85,1.96457775011285,1.95878333616913
0.825,1.425,0.875,1.96643549350301,1.96119698665455
0.825,1.425,0.9,1.96816796896938,1.96343280746676
0.825,1.425,0.925,1.96978690740036,1.96551044184541
0.825,1.425,0.95,1.97130394661925,1.96744449210789
0.825,1.425,0.975,1.97273005205019,1.96925019278945
0.825,1.425,1,1.97407726897179,1.97094130855561
0.825,1.45,0.6,1.93590143799211,1.91944901293106
0.825,1.45,0.625,1.94007414112508,1.92530400395979
0.825,1.45,0.65,1.94387416084265,1.93061043217275
0.825,1.45,0.675,1.94736467249531,1.93541701665362
0.825,1.45,0.7,1.95054749474922,1.93980260189875
0.825,1.45,0.725,1.95349659725086,1.9437845225593
0.825,1.45,0.75,1.95620100940892,1.9474397844431
0.825,1.45,0.775,1.95871062024949,1.95077604295446
0.825,1.45,0.8,1.96101972279196,1.9538469768843
0.825,1.45,0.825,1.96317777511485,1.95667421272311
0.825,1.45,0.85,1.96517354081943,1.95928377498355
0.825,1.45,0.875,1.96703094142401,1.96169668908039
0.825,1.45,0.9,1.9687627487065,1.96393137126015
0.825,1.45,0.925,1.9703813943496,1.96600833281646
0.825,1.45,0.95,1.97189820866819,1.96794174652767
0.825,1.45,0.975,1.9733236515843,1.96974729816485
0.825,1.45,1,1.97467069442064,1.97143802706519
0.825,1.475,0.6,1.93648131577037,1.91995010278775
0.825,1.475,0.625,1.94065286107556,1.92580238312347
0.825,1.475,0.65,1.94445140951974,1.93110833873198
0.825,1.475,0.675,1.94794089245167,1.93591261342008
0.825,1.475,0.7,1.95112317106741,1.94029810517129
0.825,1.475,0.725,1.95407212195737,1.94427940012675
0.825,1.475,0.75,1.95677455661211,1.94793299993355
0.825,1.475,0.775,1.95928401859523,1.95126877510297
0.825,1.475,0.8,1.96159273151281,1.95434116447103
0.825,1.475,0.825,1.96374731440113,1.95716239788091
0.825,1.475,0.85,1.96574277005641,1.95977157883341
0.825,1.475,0.875,1.96759952902254,1.96218416819673
0.825,1.475,0.9,1.96933102804172,1.9644190400411
0.825,1.475,0.925,1.97094907626157,1.96649574304352
0.825,1.475,0.95,1.97246525741795,1.96842889968568
0.825,1.475,0.975,1.97389047792767,1.97023378224009
0.825,1.475,1,1.97523685443493,1.97192405965871
0.825,1.5,0.6,1.93702291467772,1.92041210226294
0.825,1.5,0.625,1.9411937293004,1.92626398208803
0.825,1.5,0.65,1.94499217802326,1.931569667944
0.825,1.5,0.675,1.94848101721144,1.93637347287989
0.825,1.5,0.7,1.95166294676195,1.9407572090677
0.825,1.5,0.725,1.95461113633035,1.94473885362365
0.825,1.5,0.75,1.95731375846101,1.94839150608203
0.825,1.5,0.775,1.95982255446418,1.95172759378805
0.825,1.5,0.8,1.96213041808874,1.95479891335776
0.825,1.5,0.825,1.96428639320361,1.95762163563297
0.825,1.5,0.85,1.96628141153102,1.96023031068656
0.825,1.5,0.875,1.96813778542116,1.96264243236167
0.825,1.5,0.9,1.96986876643369,1.96487658857612
0.825,1.5,0.925,1.97148649330951,1.96695292884691
0.825,1.5,0.95,1.97300240246066,1.9688857720571
0.825,1.5,0.975,1.97442763656645,1.97068996490239
0.825,1.5,1,1.97577379213281,1.97237975775426
0.85,0.75,0.6,1.88547955811621,1.87731671993316
0.85,0.75,0.625,1.88987385648383,1.88347289241894
0.85,0.75,0.65,1.89384636181721,1.88906291462579
0.85,0.75,0.675,1.8975279733628,1.89415031400457
0.85,0.75,0.7,1.90090870592454,1.89878294854708
0.85,0.75,0.725,1.90401048250261,1.9030119224274
0.85,0.75,0.75,1.90683682167199,1.90691447106449
0.85,0.75,0.775,1.90951350344632,1.91044802997016
0.85,0.75,0.8,1.91197360949651,1.91370041552451
0.85,0.75,0.825,1.91424478736383,1.91670340503563
0.85,0.75,0.85,1.91637896585901,1.91948705270875
0.85,0.75,0.875,1.91835059251855,1.92205759763271
0.85,0.75,0.9,1.92019206073519,1.92443824184763
0.85,0.75,0.925,1.92191280383296,1.92665162174348
0.85,0.75,0.95,1.92352429182524,1.92871157181319
0.85,0.75,0.975,1.92503460172284,1.93063767188728
0.85,0.75,1,1.92646048330161,1.93243859287809
0.85,0.775,0.6,1.88905195295338,1.87998816239813
0.85,0.775,0.625,1.89344336769863,1.88614154969814
0.85,0.775,0.65,1.89741369791362,1.89173022635666
0.85,0.775,0.675,1.90109214625535,1.89681414197001
0.85,0.775,0.7,1.90446986161542,1.90144365489038
0.85,0.775,0.725,1.90756843506643,1.90567067083543
0.85,0.775,0.75,1.91042605220386,1.90953705753613
0.85,0.775,0.775,1.91304545504617,1.91312191470132
0.85,0.775,0.8,1.91552434939779,1.91635102385507
0.85,0.775,0.825,1.91779334571558,1.91935172992856
0.85,0.775,0.85,1.91992495997641,1.92213189229996
0.85,0.775,0.875,1.92189445552519,1.92470015278995
0.85,0.775,0.9,1.92373356656604,1.92707875957235
0.85,0.775,0.925,1.92545209002872,1.9292901779934
0.85,0.775,0.95,1.9270614196053,1.9313482757568
0.85,0.775,0.975,1.92856990930336,1.93327228743273
0.85,0.775,1,1.92999363882666,1.93507126298671
0.85,0.8,0.6,1.8923360455918,1.88246206368092
0.85,0.8,0.625,1.89672461065391,1.88861264454293
0.85,0.8,0.65,1.90069275522122,1.89419991739568
0.85,0.8,0.675,1.90436817025415,1.89928042245847
0.85,0.8,0.7,1.90774304514386,1.90390685363121
0.85,0.8,0.725,1.91083890185854,1.90813158607789
0.85,0.8,0.75,1.91369388313419,1.91199588750118
0.85,0.8,0.775,1.91633589812254,1.91555244605474
0.85,0.8,0.8,1.91876384283774,1.9188282031122
0.85,0.8,0.825,1.921053989048,1.92180352251159
0.85,0.8,0.85,1.92318342447728,1.92458015039407
0.85,0.8,0.875,1.92515096888176,1.9271461823652
0.85,0.8,0.9,1.92698790765982,1.9295228337328
0.85,0.8,0.925,1.92870435377706,1.9317323927602
0.85,0.8,0.95,1.93031166497145,1.93378874028016
0.85,0.8,0.975,1.93181843526428,1.93571079451662
0.85,0.8,1,1.9332401629357,1.93750794604176
0.85,0.825,0.6,1.89538002272071,1.88475072018619
0.85,0.825,0.625,1.89975267813348,1.89089734388885
0.85,0.825,0.65,1.90373615147731,1.89649229794225
0.85,0.825,0.675,1.90739699588415,1.90156640494555
0.85,0.825,0.7,1.91076775630835,1.9061882098923
0.85,0.825,0.725,1.91386086559353,1.91041326566517
0.85,0.825,0.75,1.9167183386411,1.91427473579031
0.85,0.825,0.775,1.91935439436541,1.91782727908604
0.85,0.825,0.8,1.92180888285391,1.92107573305485
0.85,0.825,0.825,1.92404392067325,1.9241072463896
0.85,0.825,0.85,1.92618642302309,1.9268485315263
0.85,0.825,0.875,1.92815420678455,1.92941214387815
0.85,0.825,0.9,1.92998994322568,1.9317888444703
0.85,0.825,0.925,1.93170441575015,1.93399683627683
0.85,0.825,0.95,1.93330988962249,1.93605204725314
0.85,0.825,0.975,1.93481643893343,1.93797126705887
0.85,0.825,1,1.93623633850673,1.93976632681372
0.85,0.85,0.6,1.89817246678772,1.88688386129042
0.85,0.85,0.625,1.9025430341301,1.89302816613686
0.85,0.85,0.65,1.90652347846895,1.89862066565093
0.85,0.85,0.675,1.91018207478092,1.90369205195238
0.85,0.85,0.7,1.9135503273298,1.90831113506132
0.85,0.85,0.725,1.91664099085452,1.91253382761254
0.85,0.85,0.75,1.91949613196368,1.9163930093129
0.85,0.85,0.775,1.92212973723688,1.91994316997903
0.85,0.85,0.8,1.92458159384988,1.92319011964971
0.85,0.85,0.825,1.92684515030018,1.92618896808393
0.85,0.85,0.85,1.92898726437818,1.92892668751935
0.85,0.85,0.875,1.93092120102079,1.93152028260091
0.85,0.85,0.9,1.93275543918911,1.93389462044909
0.85,0.85,0.925,1.9344681938992,1.93610084482124
0.85,0.85,0.95,1.93607193982764,1.93815442461351
0.85,0.85,0.975,1.93757684202918,1.94007196786021
0.85,0.85,1,1.93899501357559,1.94186542084608
0.85,0.875,0.6,1.90074942957322,1.88884985709775
0.85,0.875,0.625,1.90512565346876,1.89500329939824
0.85,0.875,0.65,1.90909032883059,1.90056979113534
0.85,0.875,0.675,1.91275519010233,1.90565086318647
0.85,0.875,0.7,1.91612203790219,1.91027112860306
0.85,0.875,0.725,1.91921080881334,1.91448896068631
0.85,0.875,0.75,1.92206060871207,1.91834565417967
0.85,0.875,0.775,1.92469537156566,1.92189656859783
0.85,0.875,0.8,1.92714316536363,1.92513969721348
0.85,0.875,0.825,1.92940295078951,1.92813091871245
0.85,0.875,0.85,1.93152436636435,1.93090835204505
0.85,0.875,0.875,1.93350491925318,1.9334501400201
0.85,0.875,0.9,1.93531436472121,1.93584131914638
0.85,0.875,0.925,1.93702655905436,1.93804502712524
0.85,0.875,0.95,1.93862917120916,1.94009585243729
0.85,0.875,0.975,1.94013124120392,1.94201325568477
0.85,0.875,1,1.94154861247907,1.94380548132255
0.85,0.9,0.6,1.90314813077875,1.89071949052048
0.85,0.9,0.625,1.90751544230461,1.89686124578569
0.85,0.9,0.65,1.91148983929054,1.90244452037308
0.85,0.9,0.675,1.91514461225242,1.90751298619511
0.85,0.9,0.7,1.91850824596989,1.91212725762625
0.85,0.9,0.725,1.92159433588456,1.91634546702961
0.85,0.9,0.75,1.92444488744303,1.92020066891942
0.85,0.9,0.775,1.92707391316863,1.92374677960397
0.85,0.9,0.8,1.92952197900191,1.92698977350653
0.85,0.9,0.825,1.93178098940347,1.92998417150336
0.85,0.9,0.85,1.93389208310342,1.93274862953522
0.85,0.9,0.875,1.93585421135449,1.93530694411101
0.85,0.9,0.9,1.93770541876392,1.93765631986709
0.85,0.9,0.925,1.93939095801309,1.93988342163302
0.85,0.9,0.95,1.94099194227742,1.94193358939866
0.85,0.9,0.975,1.9424936015715,1.94384840257132
0.85,0.9,1,1.94390863936799,1.94563905182122
0.85,0.925,0.6,1.90537141311298,1.89242783534689
0.85,0.925,0.625,1.90974233371499,1.89857467187784
0.85,0.925,0.65,1.91370439881595,1.90413998892479
0.85,0.925,0.675,1.9173635763504,1.90921414260638
0.85,0.925,0.7,1.92072571221423,1.9138289850675
0.85,0.925,0.725,1.92381014792599,1.91804278310313
0.85,0.925,0.75,1.92665605918464,1.92189548065411
0.85,0.925,0.775,1.92928609465275,1.92544187370664
0.85,0.925,0.8,1.93173052928113,1.92868137962951
0.85,0.925,0.825,1.93398696968942,1.93167005757424
0.85,0.925,0.85,1.93610299677107,1.93444234096077
0.85,0.925,0.875,1.93806230389355,1.93699884020469
0.85,0.925,0.9,1.93988978315054,1.9393662904503
0.85,0.925,0.925,1.94160851889592,1.94155692050358
0.85,0.925,0.95,1.94319569778331,1.94361793627994
0.85,0.925,0.975,1.94469514600726,1.94553222850227
0.85,0.925,1,1.94610959785764,1.94732156849131
0.85,0.95,0.6,1.90743701386187,1.89406941878477
0.85,0.95,0.625,1.91180287034179,1.90020745677231
0.85,0.95,0.65,1.91576613910863,1.90578196552647
0.85,0.95,0.675,1.9194199230959,1.91084764210631
0.85,0.95,0.7,1.92277970736211,1.91545830016832
0.85,0.95,0.725,1.92586128349271,1.91967069974535
0.85,0.95,0.75,1.92870623127226,1.92352112943481
0.85,0.95,0.775,1.93133350939278,1.92706413179226
0.85,0.95,0.8,1.93377612454222,1.93030241938011
0.85,0.95,0.825,1.93603121457086,1.9332925964832
0.85,0.95,0.85,1.93814271032034,1.93605592223909
0.85,0.95,0.875,1.94010000075908,1.93861154185059
0.85,0.95,0.9,1.9419267009253,1.94097875138374
0.85,0.95,0.925,1.94363349999636,1.94317877140632
0.85,0.95,0.95,1.94524803159727,1.94520955061591
0.85,0.95,0.975,1.94672781110328,1.94714049010676
0.85,0.95,1,1.94814061952662,1.9489284089397
0.85,0.975,0.6,1.90936472499723,1.89557623232071
0.85,0.975,0.625,1.91372498489772,1.90171173743919
0.85,0.975,0.65,1.91769221799331,1.90729156868336
0.85,0.975,0.675,1.92134059834437,1.91235204099274
0.85,0.975,0.7,1.92469803285327,1.9169591033335
0.85,0.975,0.725,1.92777820010748,1.921171795359
0.85,0.975,0.75,1.93062395186687,1.92502067943871
0.85,0.975,0.775,1.93324784207928,1.92855960621192
0.85,0.975,0.8,1.93569029701722,1.93179887427137
0.85,0.975,0.825,1.93794371299632,1.93479015607728
0.85,0.975,0.85,1.94005045159578,1.93754679088609
0.85,0.975,0.875,1.94200741892936,1.9401012106894
0.85,0.975,0.9,1.94383257446212,1.94246821311038
0.85,0.975,0.925,1.94553770504187,1.94466758841358
0.85,0.975,0.95,1.9471345208812,1.94671429988725
0.85,0.975,0.975,1.94864804400074,1.94860933811608
0.85,0.975,1,1.95004207720554,1.95041311961108
0.85,1,0.6,1.91114340633212,1.89700920555267
0.85,1,0.625,1.91551251991978,1.90313960916486
0.85,1,0.65,1.91946448900501,1.90871474549457
0.85,1,0.675,1.92312047802139,1.91377267719806
0.85,1,0.7,1.92647707309863,1.91837867048573
0.85,1,0.725,1.92955594741536,1.92258714766678
0.85,1,0.75,1.93239622494306,1.92643488106269
0.85,1,0.775,1.93502038198742,1.92997370407727
0.85,1,0.8,1.93746108335732,1.93320874020147
0.85,1,0.825,1.93971178392387,1.93619656280117
0.85,1,0.85,1.94182578799327,1.93895421168844
0.85,1,0.875,1.94378030433371,1.94150715445759
0.85,1,0.9,1.94560375364235,1.94387188568105
0.85,1,0.925,1.94730759434216,1.94606985484284
0.85,1,0.95,1.94890286453137,1.94811519513401
0.85,1,0.975,1.95039926568535,1.95002507182225
0.85,1,1,1.95179331891536,1.95182695256702
0.85,1.025,0.6,1.91283949160814,1.89833716992334
0.85,1.025,0.625,1.91719618475105,1.9044673806757
0.85,1.025,0.65,1.9211595232198,1.91004400666215
0.85,1.025,0.675,1.92480423043539,1.91509959836421
0.85,1.025,0.7,1.92815797560132,1.91970264461493
0.85,1.025,0.725,1.93123462428172,1.92391137388094
0.85,1.025,0.75,1.93407691867406,1.92775686068334
0.85,1.025,0.775,1.9366974209553,1.93129258254136
0.85,1.025,0.8,1.93913702689076,1.93452827527549
0.85,1.025,0.825,1.9413876655881,1.93751671014624
0.85,1.025,0.85,1.94349159264918,1.94027016116571
0.85,1.025,0.875,1.9454458964603,1.94282185297083
0.85,1.025,0.9,1.9472685769072,1.94518639920993
0.85,1.025,0.925,1.94897118493152,1.94738344540148
0.85,1.025,0.95,1.95056527979408,1.9494281777322
0.85,1.025,0.975,1.95206130938948,1.95133631313603
0.85,1.025,1,1.95347053022332,1.95312053285747
0.85,1.05,0.6,1.91439282381814,1.89959950457888
0.85,1.05,0.625,1.9187592557874,1.90572458889061
0.85,1.05,0.65,1.92270615073686,1.9112970357942
0.85,1.05,0.675,1.92635988282738,1.91635028185186
0.85,1.05,0.7,1.92971302727308,1.9209521515
0.85,1.05,0.725,1.9327888157042,1.92515719140691
0.85,1.05,0.75,1.93562559241954,1.92900152631149
0.85,1.05,0.775,1.93824695223243,1.93253728563306
0.85,1.05,0.8,1.94068484173854,1.93576900350087
0.85,1.05,0.825,1.94293261106585,1.93875444753729
0.85,1.05,0.85,1.94504501269926,1.94150852420877
0.85,1.05,0.875,1.94699715992242,1.94405887651109
0.85,1.05,0.9,1.94881805157037,1.94642132801623
0.85,1.05,0.925,1.95051959244374,1.94861709121853
0.85,1.05,0.95,1.95211261930607,1.95066040812161
0.85,1.05,0.975,1.95360636110416,1.95256855549816
0.85,1.05,1,1.95501447140186,1.95435255390644
0.85,1.075,0.6,1.91588309375794,1.90077764871593
0.85,1.075,0.625,1.9202366557405,1.90690294532392
0.85,1.075,0.65,1.92419606628972,1.91247685516652
0.85,1.075,0.675,1.92783763312512,1.91752787228967
0.85,1.075,0.7,1.93118800963854,1.92212718785919
0.85,1.075,0.725,1.93426148683436,1.92633239803816
0.85,1.075,0.75,1.93710058472247,1.93017484668851
0.85,1.075,0.775,1.93971807181983,1.93370754304712
0.85,1.075,0.8,1.94215508894212,1.93694013580875
0.85,1.075,0.825,1.94440315839683,1.93992606678993
0.85,1.075,0.85,1.94650478468923,1.94267643111639
0.85,1.075,0.875,1.94845671131058,1.94522568131821
0.85,1.075,0.9,1.9502771472112,1.94758799975236
0.85,1.075,0.925,1.95197757460716,1.94978291799012
0.85,1.075,0.95,1.95356954232775,1.95182561625061
0.85,1.075,0.975,1.95506329994054,1.95373205337534
0.85,1.075,1,1.95647016246621,1.95551472946761
0.85,1.1,0.6,1.91725916047257,1.90187648720371
0.85,1.1,0.625,1.92161619832825,1.90800862260895
0.85,1.1,0.65,1.9255660011628,1.91356456371223
0.85,1.1,0.675,1.92921167191285,1.91862251897473
0.85,1.1,0.7,1.93256101938162,1.92322254504516
0.85,1.1,0.725,1.93563356833339,1.92742483795551
0.85,1.1,0.75,1.93846916085836,1.93126554173581
0.85,1.1,0.775,1.94108745642224,1.93479861927769
0.85,1.1,0.8,1.9435222122664,1.93802896477029
0.85,1.1,0.825,1.94576836614737,1.94100958787408
0.85,1.1,0.85,1.94787441850832,1.9437683208705
0.85,1.1,0.875,1.94982474647431,1.94631603273217
0.85,1.1,0.9,1.95164331073918,1.94867541273961
0.85,1.1,0.925,1.95334317363404,1.95086900560272
0.85,1.1,0.95,1.95493445928108,1.95291009290164
0.85,1.1,0.975,1.95642664905041,1.95481643401945
0.85,1.1,1,1.95783306303546,1.95659837930251
0.85,1.125,0.6,1.91856332434248,1.90294325680048
0.85,1.125,0.625,1.92291448403881,1.90906602702397
0.85,1.125,0.65,1.92686965556682,1.91463420296281
0.85,1.125,0.675,1.93050874692771,1.91968277310152
0.85,1.125,0.7,1.93385611985976,1.92427880437332
0.85,1.125,0.725,1.93692669547889,1.9284809866756
0.85,1.125,0.75,1.93976287885835,1.93232081216516
0.85,1.125,0.775,1.94237761171231,1.9358508024131
0.85,1.125,0.8,1.94481235828736,1.93908075428636
0.85,1.125,0.825,1.94705795931143,1.94206361090565
0.85,1.125,0.85,1.94915789035173,1.94481287487451
0.85,1.125,0.875,1.95110768250802,1.94735993789634
0.85,1.125,0.9,1.95292604068328,1.9497195339084
0.85,1.125,0.925,1.9546245070453,1.95191259184786
0.85,1.125,0.95,1.95621457731653,1.95395350193798
0.85,1.125,0.975,1.95770635388937,1.95585837716669
0.85,1.125,1,1.95911136839474,1.9576394346489
0.85,1.15,0.6,1.91978331973062,1.90392038117185
0.85,1.15,0.625,1.92413662056128,1.91004770856932
0.85,1.15,0.65,1.9280844800587,1.91560255864579
0.85,1.15,0.675,1.93172639474533,1.9206558218363
0.85,1.15,0.7,1.9350725522247,1.92525193300745
0.85,1.15,0.725,1.93814247287399,1.9294517815846
0.85,1.15,0.75,1.94097563990818,1.9332898620005
0.85,1.15,0.775,1.94359105980089,1.93682003112963
0.85,1.15,0.8,1.94602370809608,1.94004796238012
0.85,1.15,0.825,1.94826789351975,1.94302686103026
0.85,1.15,0.85,1.95037098265633,1.94578199780356
0.85,1.15,0.875,1.95231940470188,1.9483276043243
0.85,1.15,0.9,1.95413622485232,1.95068526254727
0.85,1.15,0.925,1.95583411350027,1.95287691257911
0.85,1.15,0.95,1.95742373949315,1.95491647488202
0.85,1.15,0.975,1.95891408951955,1.95682121720615
0.85,1.15,1,1.96031875665668,1.95860150581267
0.85,1.175,0.6,1.92092273512028,1.90488176242345
0.85,1.175,0.625,1.9252776428458,1.91099924667863
0.85,1.175,0.65,1.92922029112187,1.91656434364339
0.85,1.175,0.675,1.93286348445867,1.92160911909233
0.85,1.175,0.7,1.93620882230338,1.92620241494223
0.85,1.175,0.725,1.93927727196809,1.93040068205479
0.85,1.175,0.75,1.94210880260494,1.93423781767308
0.85,1.175,0.775,1.94472295524829,1.93776563655648
0.85,1.175,0.8,1.94715502662168,1.94099234724364
0.85,1.175,0.825,1.94939721290978,1.94397276011483
0.85,1.175,0.85,1.95150165460455,1.94671976062492
0.85,1.175,0.875,1.95344888552548,1.94926495081453
0.85,1.175,0.9,1.95526491330084,1.95162248250765
0.85,1.175,0.925,1.95696171665843,1.95381381966014
0.85,1.175,0.95,1.95855008398488,1.95585294824338
0.85,1.175,0.975,1.9600400668307,1.95775620740446
0.85,1.175,1,1.96144362153872,1.95953592403872
0.85,1.2,0.6,1.9220219903116,1.90576309442199
0.85,1.2,0.625,1.92636784082852,1.91188194478713
0.85,1.2,0.65,1.93031898427726,1.91744626289377
0.85,1.2,0.675,1.933953456202,1.92249009769298
0.85,1.2,0.7,1.9372968116431,1.92708143938219
0.85,1.2,0.725,1.94036359978595,1.93127987924259
0.85,1.2,0.75,1.94319682158682,1.93511547299258
0.85,1.2,0.775,1.94580834258907,1.93864095184554
0.85,1.2,0.8,1.94823962845795,1.94186838842749
0.85,1.2,0.825,1.95048201522334,1.94484890653865
0.85,1.2,0.85,1.95257897319453,1.9475938068407
0.85,1.2,0.875,1.95452602727934,1.95013801039241
0.85,1.2,0.9,1.95634158654788,1.95249525275185
0.85,1.2,0.925,1.95803753209077,1.95468584697935
0.85,1.2,0.95,1.9596252187427,1.9567244943594
0.85,1.2,0.975,1.96111516416057,1.95862644595638
0.85,1.2,1,1.96251794164632,1.96040505066878
0.85,1.225,0.6,1.92303080984812,1.90661518855757
0.85,1.225,0.625,1.92738426760177,1.91272894868438
0.85,1.225,0.65,1.93132314469706,1.91829225861148
0.85,1.225,0.675,1.93496445204567,1.92333299443091
0.85,1.225,0.7,1.93830738620848,1.92792332844446
0.85,1.225,0.725,1.94137365599996,1.93211899634054
0.85,1.225,0.75,1.94420288361736,1.93595401565923
0.85,1.225,0.775,1.94681487504929,1.93947925166243
0.85,1.225,0.8,1.94924523456909,1.94270387839557
0.85,1.225,0.825,1.95148545142281,1.94568255592375
0.85,1.225,0.85,1.95358888702412,1.9484268621877
0.85,1.225,0.875,1.95553438417132,1.9509701647019
0.85,1.225,0.9,1.95734876599688,1.95332610399104
0.85,1.225,0.925,1.9590439241285,1.95551578832634
0.85,1.225,0.95,1.96063084214441,1.95755341983529
0.85,1.225,0.975,1.96211932363681,1.95945531067248
0.85,1.225,1,1.96352150112582,1.96123361870054
0.85,1.25,0.6,1.92401454540885,1.90740897374791
0.85,1.25,0.625,1.92835797409557,1.91352393125543
0.85,1.25,0.65,1.93230636318193,1.91908621189966
0.85,1.25,0.675,1.93593847679665,1.92412658503536
0.85,1.25,0.7,1.93927943426161,1.92871518785708
0.85,1.25,0.725,1.94234395256887,1.93291099486349
0.85,1.25,0.75,1.94517494761582,1.93674436436312
0.85,1.25,0.775,1.94778434516823,1.94026769978811
0.85,1.25,0.8,1.95021382724409,1.94349282789159
0.85,1.25,0.825,1.95245445555437,1.94647154189716
0.85,1.25,0.85,1.95454975143959,1.94921422171343
0.85,1.25,0.875,1.95649517827372,1.95175667701866
0.85,1.25,0.9,1.95830923124146,1.9541123544715
0.85,1.25,0.925,1.96000370048339,1.95630141081806
0.85,1.25,0.95,1.96158996655859,1.95833857924933
0.85,1.25,0.975,1.96307844077763,1.96023928638592
0.85,1.25,1,1.96447985750465,1.96201658632546
0.85,1.275,0.6,1.92492159925569,1.90815758256831
0.85,1.275,0.625,1.92926845908198,1.91427834270162
0.85,1.275,0.65,1.93320893277983,1.91982643479753
0.85,1.275,0.675,1.9368450653627,1.92487257629747
0.85,1.275,0.7,1.9401852828807,1.92946184913235
0.85,1.275,0.725,1.94324938491325,1.93365557177648
0.85,1.275,0.75,1.94607743950531,1.93748761355811
0.85,1.275,0.775,1.94868765621172,1.94101129723687
0.85,1.275,0.8,1.95111560848277,1.94423488860243
0.85,1.275,0.825,1.95335475359034,1.94720953518931
0.85,1.275,0.85,1.9554541552807,1.94995898788352
0.85,1.275,0.875,1.95739841457498,1.95250036257166
0.85,1.275,0.9,1.95921121688677,1.95485378429709
0.85,1.275,0.925,1.96090527006017,1.95704191083837
0.85,1.275,0.95,1.96249105736357,1.95907791712505
0.85,1.275,0.975,1.96397854816145,1.96097851360108
0.85,1.275,1,1.96537970436484,1.96275529406059
0.85,1.3,0.6,1.92579811781593,1.90889172371821
0.85,1.3,0.625,1.9301394490646,1.91500306710084
0.85,1.3,0.65,1.93408507402779,1.92056361013367
0.85,1.3,0.675,1.93771518574359,1.92560073701848
0.85,1.3,0.7,1.94105394250866,1.93018679477909
0.85,1.3,0.725,1.94411640809548,1.93438023605596
0.85,1.3,0.75,1.94694531790287,1.93821160164178
0.85,1.3,0.775,1.94955281039436,1.94173291659504
0.85,1.3,0.8,1.95198064016799,1.94495600779711
0.85,1.3,0.825,1.95421962318313,1.94793311570021
0.85,1.3,0.85,1.95631356006747,1.95067365804887
0.85,1.3,0.875,1.9582575044869,1.95321453846782
0.85,1.3,0.9,1.96007015986102,1.95556879489154
0.85,1.3,0.925,1.96176329050798,1.95775647426254
0.85,1.3,0.95,1.96334827281917,1.95979231989654
0.85,1.3,0.975,1.96483540779315,1.96169188413993
0.85,1.3,1,1.96623560296497,1.96346799235882
0.85,1.325,0.6,1.92661435089147,1.90956505305647
0.85,1.325,0.625,1.93095832199695,1.91568201548429
0.85,1.325,0.65,1.93489750528415,1.92122927832337
0.85,1.325,0.675,1.93853078934532,1.92627185497927
0.85,1.325,0.7,1.94186885703825,1.93085846552375
0.85,1.325,0.725,1.94493092317461,1.93505009428722
0.85,1.325,0.75,1.94775730316987,1.93888020874858
0.85,1.325,0.775,1.95036547809552,1.94240179035453
0.85,1.325,0.8,1.95279192605458,1.94562356864476
0.85,1.325,0.825,1.95502972954483,1.94859695015226
0.85,1.325,0.85,1.95712692162748,1.95134377201322
0.85,1.325,0.875,1.9590698614774,1.95388362291188
0.85,1.325,0.9,1.96088146016686,1.9562358237896
0.85,1.325,0.925,1.96257423248941,1.95842263796111
0.85,1.325,0.95,1.96415881749918,1.96045743687368
0.85,1.325,0.975,1.96564503126268,1.96235690944349
0.85,1.325,1,1.96704500795762,1.96413250632599
0.85,1.35,0.6,1.92740057217059,1.91023088918864
0.85,1.35,0.625,1.93174032769776,1.91634016371264
0.85,1.35,0.65,1.93568294939387,1.92189706058361
0.85,1.35,0.675,1.93931151924074,1.92693230066822
0.85,1.35,0.7,1.94264830198231,1.93151610383947
0.85,1.35,0.725,1.94570888476147,1.93570748087359
0.85,1.35,0.75,1.94853586783168,1.93953710209323
0.85,1.35,0.775,1.95114161093876,1.94305659427229
0.85,1.35,0.8,1.95356797804314,1.94627792618865
0.85,1.35,0.825,1.95580535363065,1.94925305299042
0.85,1.35,0.85,1.95789832980838,1.9519927174571
0.85,1.35,0.875,1.9598409221999,1.9545321734757
0.85,1.35,0.9,1.96165225702721,1.95688468746273
0.85,1.35,0.925,1.9633441597915,1.95907115326477
0.85,1.35,0.95,1.96492796489976,1.96110583449013
0.85,1.35,0.975,1.96641387645113,1.96300438069366
0.85,1.35,1,1.96781295826922,1.96477942784165
0.85,1.375,0.6,1.92813417604129,1.91084323224612
0.85,1.375,0.625,1.93247428335145,1.91695594018722
0.85,1.375,0.65,1.936413847014,1.92250748265168
0.85,1.375,0.675,1.94004347277345,1.92754474676848
0.85,1.375,0.7,1.94337943646648,1.93212785657656
0.85,1.375,0.725,1.9464397829563,1.93631886967016
0.85,1.375,0.75,1.94926573332588,1.94014716409445
0.85,1.375,0.775,1.95187157252718,1.94366539531907
0.85,1.375,0.8,1.95429705385335,1.94688708338041
0.85,1.375,0.825,1.95653330075923,1.94986112447648
0.85,1.375,0.85,1.95862768767061,1.95260195361682
0.85,1.375,0.875,1.96056967135034,1.95514076660191
0.85,1.375,0.9,1.96238014606233,1.95749236340959
0.85,1.375,0.925,1.96407156797831,1.95967834540628
0.85,1.375,0.95,1.96565497321482,1.96171261277613
0.85,1.375,0.975,1.96714090285485,1.96361012375191
0.85,1.375,1,1.96853968785481,1.96538448332067
0.85,1.4,0.6,1.92883343327971,1.91145076664788
0.85,1.4,0.625,1.93317706278645,1.91755568061633
0.85,1.4,0.65,1.93710980782236,1.92311110401332
0.85,1.4,0.675,1.94074230995327,1.92814309659747
0.85,1.4,0.7,1.94407788568084,1.93272496813225
0.85,1.4,0.725,1.94713729721952,1.93691363355513
0.85,1.4,0.75,1.94996087157292,1.94074158049943
0.85,1.4,0.775,1.95256654324659,1.94425962889751
0.85,1.4,0.8,1.9549912517866,1.94747866705102
0.85,1.4,0.825,1.95722623764238,1.95045227987674
0.85,1.4,0.85,1.95932344505376,1.9531900566201
0.85,1.4,0.875,1.9612642930262,1.9557282586647
0.85,1.4,0.9,1.96307417195656,1.95807946592178
0.85,1.4,0.925,1.96476492283647,1.96026476001585
0.85,1.4,0.95,1.96634764512721,1.96229827966298
0.85,1.4,0.975,1.96783251886747,1.96419582240171
0.85,1.4,1,1.96923070319143,1.96597001175564
0.85,1.425,0.6,1.9295164280131,1.91200977260545
0.85,1.425,0.625,1.9338522436456,1.9181166882287
0.85,1.425,0.65,1.93779264446483,1.92367007093389
0.85,1.425,0.675,1.94141783231664,1.92870249066825
0.85,1.425,0.7,1.94475194604444,1.93328316752074
0.85,1.425,0.725,1.94781002149318,1.93747197133473
0.85,1.425,0.75,1.95063513775397,1.94129866783148
0.85,1.425,0.775,1.95323877381764,1.94481520792375
0.85,1.425,0.8,1.95566288873091,1.94803482808802
0.85,1.425,0.825,1.95789830456311,1.95100821879222
0.85,1.425,0.85,1.95998906802799,1.95374543831669
0.85,1.425,0.875,1.96192993206662,1.95628297692124
0.85,1.425,0.9,1.96373955349284,1.95863386353199
0.85,1.425,0.925,1.96542987057117,1.96081868279657
0.85,1.425,0.95,1.96701218241745,1.96285185190235
0.85,1.425,0.975,1.96849696855875,1.96474847690909
0.85,1.425,1,1.96989466742694,1.96652191507942
0.85,1.45,0.6,1.93013931634778,1.91255739637996
0.85,1.45,0.625,1.93448212469815,1.91865955396989
0.85,1.45,0.65,1.93841209758272,1.92421377028623
0.85,1.45,0.675,1.94204371429364,1.92924302906176
0.85,1.45,0.7,1.9453776847504,1.93382282076943
0.85,1.45,0.725,1.94843569549821,1.93800970175719
0.85,1.45,0.75,1.95125760435231,1.94183615704383
0.85,1.45,0.775,1.95386185564523,1.94535243073372
0.85,1.45,0.8,1.95628550660259,1.94857006704375
0.85,1.45,0.825,1.95851913080961,1.95154248939462
0.85,1.45,0.85,1.9606158874721,1.95427841076625
0.85,1.45,0.875,1.96255566574425,1.9568153841395
0.85,1.45,0.9,1.96436444121096,1.95916550834107
0.85,1.45,0.925,1.96605420670451,1.96134974339446
0.85,1.45,0.95,1.96763600198759,1.96338226927308
0.85,1.45,0.975,1.96911985152813,1.96527888218361
0.85,1.45,1,1.97051717275554,1.96705214817209
0.85,1.475,0.6,1.93076198122602,1.91306830150677
0.85,1.475,0.625,1.93509617165013,1.91917232372608
0.85,1.475,0.65,1.93903458073902,1.92472442776
0.85,1.475,0.675,1.9426582299669,1.92975432693522
0.85,1.475,0.7,1.94599073234231,1.93433308578649
0.85,1.475,0.725,1.94904728908621,1.93852007773016
0.85,1.475,0.75,1.95187090448255,1.94234526762339
0.85,1.475,0.775,1.95447314247574,1.94586032705086
0.85,1.475,0.8,1.95689606249205,1.94907838352015
0.85,1.475,0.825,1.95913029935954,1.95205058578861
0.85,1.475,0.85,1.96122003606654,1.95478619605287
0.85,1.475,0.875,1.96315983501058,1.9573225682715
0.85,1.475,0.9,1.96496846539345,1.95967242356657
0.85,1.475,0.925,1.96665782260248,1.96185621913524
0.85,1.475,0.95,1.96823921561829,1.96388840726204
0.85,1.475,0.975,1.96972304887394,1.96578420435833
0.85,1.475,1,1.97111987816015,1.96755677875272
0.85,1.5,0.6,1.9313329812119,1.91355236901322
0.85,1.5,0.625,1.93567011131651,1.91966133040009
0.85,1.5,0.65,1.93960266510053,1.92520251587011
0.85,1.5,0.675,1.94322974328367,1.93023712073491
0.85,1.5,0.7,1.94656174760515,1.93481642597121
0.85,1.5,0.725,1.94961822478419,1.93900208441412
0.85,1.5,0.75,1.95243952361497,1.9428262932778
0.85,1.5,0.775,1.95504250619889,1.94634160772226
0.85,1.5,0.8,1.95746445340411,1.94955875363392
0.85,1.5,0.825,1.95969769700874,1.95252797170716
0.85,1.5,0.85,1.96179077236573,1.95526887006656
0.85,1.5,0.875,1.96372977833741,1.95780448880796
0.85,1.5,0.9,1.96553767815918,1.96015269412878
0.85,1.5,0.925,1.96722674768374,1.96233585978876
0.85,1.5,0.95,1.96880783899995,1.96436726402272
0.85,1.5,0.975,1.97029105403436,1.96626297140293
0.85,1.5,1,1.97168774641048,1.96803517606907
0.875,0.75,0.6,1.87755788227824,1.86878151968204
0.875,0.75,0.625,1.88205702080182,1.87522873388635
0.875,0.75,0.65,1.88620748295405,1.8810464303114
0.875,0.75,0.675,1.89000333014047,1.88634589405001
0.875,0.75,0.7,1.89353098639762,1.89121304891208
0.875,0.75,0.725,1.89673840723928,1.89561636412427
0.875,0.75,0.75,1.89975203860976,1.89965658915497
0.875,0.75,0.775,1.90248868392228,1.90340821310481
0.875,0.75,0.8,1.90503167080678,1.90683883016653
0.875,0.75,0.825,1.90740892900888,1.90998031163481
0.875,0.75,0.85,1.90961070491746,1.91288485525152
0.875,0.75,0.875,1.91168234482437,1.91559939542226
0.875,0.75,0.9,1.91360225367493,1.91809996005162
0.875,0.75,0.925,1.91539703092854,1.92042080090893
0.875,0.75,0.95,1.91707866038509,1.92258245602326
0.875,0.75,0.975,1.91865114268288,1.92460457053806
0.875,0.75,1,1.92014141878294,1.92649135555636
0.875,0.775,0.6,1.88129717870407,1.87156361643525
0.875,0.775,0.625,1.8857943425968,1.87800876772565
0.875,0.775,0.65,1.88994304474532,1.88382467445158
0.875,0.775,0.675,1.89373614832943,1.88912253475215
0.875,0.775,0.7,1.89726030227066,1.89398523385521
0.875,0.775,0.725,1.90046523774369,1.8983879637871
0.875,0.775,0.75,1.90345251595403,1.90244797642017
0.875,0.775,0.775,1.90623531650819,1.90614760000365
0.875,0.775,0.8,1.90875042606176,1.90960110144715
0.875,0.775,0.825,1.91112613677949,1.91274003128935
0.875,0.775,0.85,1.91332551377756,1.91564282274686
0.875,0.775,0.875,1.91539449942554,1.91835357516489
0.875,0.775,0.9,1.91731222630738,1.92085197856075
0.875,0.775,0.925,1.91910477281005,1.92317084681374
0.875,0.775,0.95,1.92078413504641,1.92533069284847
0.875,0.775,0.975,1.92235485172644,1.9273506305654
0.875,0.775,1,1.92384299676583,1.92923530573185
0.875,0.8,0.6,1.88471361885211,1.87417001987704
0.875,0.8,0.625,1.88920512490223,1.88061334044297
0.875,0.8,0.65,1.89335426174281,1.88642767035886
0.875,0.8,0.675,1.89714409827843,1.89172986233072
0.875,0.8,0.7,1.90066914546937,1.89657150813169
0.875,0.8,0.725,1.90386896478292,1.90098646765342
0.875,0.8,0.75,1.90685533257236,1.90503598047814
0.875,0.8,0.775,1.90961548261025,1.90875121912756
0.875,0.8,0.8,1.91212644914891,1.91220270865994
0.875,0.8,0.825,1.91452216989192,1.91531957602769
0.875,0.8,0.85,1.9167191117397,1.91822399673315
0.875,0.8,0.875,1.91878811275429,1.92092152229584
0.875,0.8,0.9,1.92070298405639,1.92341893983295
0.875,0.8,0.925,1.92249447547504,1.92573696335864
0.875,0.8,0.95,1.92417095953287,1.92789628881441
0.875,0.8,0.975,1.9257404705884,1.92991330601143
0.875,0.8,1,1.9272285895519,1.93179221273939
0.875,0.825,0.6,1.88788606950796,1.87656180150559
0.875,0.825,0.625,1.89237564689068,1.88300295543845
0.875,0.825,0.65,1.89652272717688,1.88881520880631
0.875,0.825,0.675,1.90030983383663,1.89411551047341
0.875,0.825,0.7,1.90383184249476,1.89895329843052
0.875,0.825,0.725,1.90702950338097,1.90336685133485
0.875,0.825,0.75,1.91001296803402,1.90741340060529
0.875,0.825,0.775,1.9127701226679,1.91112634744436
0.875,0.825,0.8,1.91530430177782,1.91455016475154
0.875,0.825,0.825,1.91764942851695,1.91771362122875
0.875,0.825,0.85,1.91986753424876,1.92059291492058
0.875,0.825,0.875,1.92193449914159,1.92328705917929
0.875,0.825,0.9,1.92384754389914,1.92578237871155
0.875,0.825,0.925,1.92563697558702,1.92809858960468
0.875,0.825,0.95,1.92731150311439,1.93025620097225
0.875,0.825,0.975,1.9288793930077,1.93227136102139
0.875,0.825,1,1.93036560516637,1.93414847232764
0.875,0.85,0.6,1.89083024379527,1.87877891823599
0.875,0.85,0.625,1.89532196133077,1.88521830908081
0.875,0.85,0.65,1.89946856335054,1.89103167548345
0.875,0.85,0.675,1.90325581489601,1.89633489512656
0.875,0.85,0.7,1.90675689333287,1.90116167042625
0.875,0.85,0.725,1.90996735021498,1.90558185265019
0.875,0.85,0.75,1.91293818278748,1.90962259278087
0.875,0.85,0.775,1.91569166655649,1.91333143592451
0.875,0.85,0.8,1.91822635837122,1.91675285342429
0.875,0.85,0.825,1.92059817184415,1.91988916915198
0.875,0.85,0.85,1.92276143169129,1.9228246487879
0.875,0.85,0.875,1.92484149517237,1.92548372803425
0.875,0.85,0.9,1.92675495291708,1.92797673163495
0.875,0.85,0.925,1.92854330966531,1.93029295706536
0.875,0.85,0.95,1.93021618923964,1.93244953731422
0.875,0.85,0.975,1.93178409552222,1.93446221870417
0.875,0.85,1,1.93326328963863,1.93633775773601
0.875,0.875,0.6,1.89354129279152,1.88085065744288
0.875,0.875,0.625,1.89803082299525,1.88728777218685
0.875,0.875,0.65,1.90217519495004,1.89309896081912
0.875,0.875,0.675,1.90595982057536,1.89839985581785
0.875,0.875,0.7,1.90945900386571,1.9032239535054
0.875,0.875,0.725,1.91266667702076,1.90764192063521
0.875,0.875,0.75,1.91563544405772,1.91168023239548
0.875,0.875,0.775,1.9183866668648,1.91538672380507
0.875,0.875,0.8,1.92091911313238,1.91880612362058
0.875,0.875,0.825,1.92328840868944,1.92194108320271
0.875,0.875,0.85,1.92548031558304,1.92484400725339
0.875,0.875,0.875,1.92756014332839,1.92749961063235
0.875,0.875,0.9,1.92943982726336,1.93002274512903
0.875,0.875,0.925,1.93122679601089,1.93233672658578
0.875,0.875,0.95,1.93289804973433,1.93449163021092
0.875,0.875,0.975,1.93446439742054,1.9365026730015
0.875,0.875,1,1.93594213614251,1.93837668819683
0.875,0.9,0.6,1.89604991321414,1.88276446995085
0.875,0.9,0.625,1.90053701811282,1.88919806104228
0.875,0.9,0.65,1.90467598558642,1.89500480937665
0.875,0.9,0.675,1.90845623543452,1.90029349112892
0.875,0.9,0.7,1.91196684190204,1.90513780342428
0.875,0.9,0.725,1.91516094118559,1.90953394486232
0.875,0.9,0.75,1.91813497409782,1.91358013836842
0.875,0.9,0.775,1.92088487855495,1.91728765955883
0.875,0.9,0.8,1.92341464044412,1.92070459561939
0.875,0.9,0.825,1.92577998369156,1.92383578386943
0.875,0.9,0.85,1.92796825820513,1.92673121196765
0.875,0.9,0.875,1.9300274600162,1.92942650509665
0.875,0.9,0.9,1.93195354415626,1.93189815239247
0.875,0.9,0.925,1.93371630814737,1.93422880301389
0.875,0.9,0.95,1.93538681574439,1.93638040787279
0.875,0.9,0.975,1.93695045598001,1.93839092685965
0.875,0.9,1,1.93843020044966,1.94026709553653
0.875,0.925,0.6,1.89838891122771,1.88458629571542
0.875,0.925,0.625,1.90287313835358,1.89101996904994
0.875,0.925,0.65,1.90701369720912,1.89682651644998
0.875,0.925,0.675,1.91079339636881,1.90212076694764
0.875,0.925,0.7,1.91428941982147,1.9069439982205
0.875,0.925,0.725,1.91749156321647,1.9113541042814
0.875,0.925,0.75,1.92045695790682,1.91538960490227
0.875,0.925,0.775,1.9232040879953,1.91909196689481
0.875,0.925,0.8,1.9257318549008,1.92250811298104
0.875,0.925,0.825,1.92809761680303,1.92563926646509
0.875,0.925,0.85,1.93028518163481,1.92853796233703
0.875,0.925,0.875,1.93233434501657,1.93122039226267
0.875,0.925,0.9,1.9342424608984,1.93370839387129
0.875,0.925,0.925,1.93604698962821,1.93599752705997
0.875,0.925,0.95,1.93769061329526,1.93817368350746
0.875,0.925,0.975,1.93925410036313,1.94018175878409
0.875,0.925,1,1.94072963160057,1.94205351884735
0.875,0.95,0.6,1.90056383329405,1.88625449809958
0.875,0.95,0.625,1.90504622382505,1.89268449469301
0.875,0.95,0.65,1.90918166225418,1.89848680506987
0.875,0.95,0.675,1.91295815289263,1.90377265568194
0.875,0.95,0.7,1.91646209793641,1.90860847667423
0.875,0.95,0.725,1.91965392752598,1.91300347803605
0.875,0.95,0.75,1.92262282977696,1.91704358069649
0.875,0.95,0.775,1.92536828347462,1.9207459972098
0.875,0.95,0.8,1.92789424508631,1.9241601206721
0.875,0.95,0.825,1.93025646311721,1.92728783614036
0.875,0.95,0.85,1.9324416695719,1.93018094423483
0.875,0.95,0.875,1.9344955021396,1.93287121793403
0.875,0.95,0.9,1.93640094638853,1.93535732922555
0.875,0.95,0.925,1.93818161287806,1.93766480255764
0.875,0.95,0.95,1.93985854137418,1.93980438833457
0.875,0.95,0.975,1.94140691591019,1.94182460193501
0.875,0.95,1,1.94288387130508,1.94369706803689
0.875,0.975,0.6,1.90257025272577,1.88786604081881
0.875,0.975,0.625,1.90704901300483,1.89429471824091
0.875,0.975,0.65,1.91118375680952,1.90009465998977
0.875,0.975,0.675,1.91495661147041,1.9053837237085
0.875,0.975,0.7,1.91846256804265,1.91020246375668
0.875,0.975,0.725,1.92164936513043,1.91460729721904
0.875,0.975,0.75,1.92461851446568,1.9186386110329
0.875,0.975,0.775,1.92736288388393,1.92233776760979
0.875,0.975,0.8,1.92988608140053,1.9257503822157
0.875,0.975,0.825,1.93224739053306,1.92887680654488
0.875,0.975,0.85,1.93442991935726,1.93177167917301
0.875,0.975,0.875,1.9364846249706,1.93445165069559
0.875,0.975,0.9,1.93838806797637,1.93693738065797
0.875,0.975,0.925,1.94016728331462,1.93924473408594
0.875,0.975,0.95,1.94183270975033,1.94139350475427
0.875,0.975,0.975,1.94337601644988,1.94341608596278
0.875,0.975,1,1.94486767393625,1.94527011490863
0.875,1,0.6,1.90447286702369,1.88934333367176
0.875,1,0.625,1.90895281134306,1.89576913673958
0.875,1,0.65,1.9130867551762,1.90157077413164
0.875,1,0.675,1.91685980938399,1.90686077598928
0.875,1,0.7,1.92035011950105,1.91167418203266
0.875,1,0.725,1.92354616827523,1.91608156305879
0.875,1,0.75,1.92650572563289,1.92010979151888
0.875,1,0.775,1.92924747065684,1.92380588026072
0.875,1,0.8,1.93177129470756,1.92721561061243
0.875,1,0.825,1.93413177103189,1.93034310556072
0.875,1,0.85,1.93631413226131,1.93323891740448
0.875,1,0.875,1.93835892154624,1.93591383855498
0.875,1,0.9,1.94026209635663,1.93839818903518
0.875,1,0.925,1.94204040694749,1.94070541723868
0.875,1,0.95,1.94370442844933,1.94285382938495
0.875,1,0.975,1.94526474513423,1.94485751331753
0.875,1,1,1.94675085219571,1.94671078490026
0.875,1.025,0.6,1.90622448509919,1.89074745218407
0.875,1.025,0.625,1.9106985238983,1.89717229354982
0.875,1.025,0.65,1.91483028812995,1.90296834185367
0.875,1.025,0.675,1.91859902641412,1.90825418942399
0.875,1.025,0.7,1.92210307559544,1.91306660829458
0.875,1.025,0.725,1.92528497554377,1.91746927998678
0.875,1.025,0.75,1.92825182310702,1.92149564657514
0.875,1.025,0.775,1.93099287657282,1.92519093935818
0.875,1.025,0.8,1.93351234885572,1.92860048693219
0.875,1.025,0.825,1.93587115957674,1.93172386520437
0.875,1.025,0.85,1.93805063589549,1.93461625454457
0.875,1.025,0.875,1.94010366721719,1.93729217307304
0.875,1.025,0.9,1.94200438557733,1.93977510588317
0.875,1.025,0.925,1.94378083154878,1.94208020338977
0.875,1.025,0.95,1.94544345825891,1.94422696463708
0.875,1.025,0.975,1.94700076493186,1.94623069927256
0.875,1.025,1,1.94847668680649,1.94809628607518
0.875,1.05,0.6,1.90789130682537,1.89205663615909
0.875,1.05,0.625,1.91236699064723,1.89847896644835
0.875,1.05,0.65,1.91649748836153,1.90427607698817
0.875,1.05,0.675,1.92026691984225,1.90956266342832
0.875,1.05,0.7,1.92375379274088,1.91437068288621
0.875,1.05,0.725,1.92694624782624,1.91877533715826
0.875,1.05,0.75,1.92990271088069,1.9227992938663
0.875,1.05,0.775,1.93264124399086,1.92649195603814
0.875,1.05,0.8,1.9351616781274,1.92989893410671
0.875,1.05,0.825,1.93751946790196,1.93302301721106
0.875,1.05,0.85,1.93969917584223,1.93591617776288
0.875,1.05,0.875,1.94174139124419,1.93858789183188
0.875,1.05,0.9,1.94364201868011,1.94106965201951
0.875,1.05,0.925,1.94541796491933,1.94337462657362
0.875,1.05,0.95,1.94707952950254,1.94552078190826
0.875,1.05,0.975,1.94863699330996,1.94752293014456
0.875,1.05,1,1.95010648074298,1.9493883910537
0.875,1.075,0.6,1.90943522066578,1.893279092613
0.875,1.075,0.625,1.91390868759919,1.89969853790397
0.875,1.075,0.65,1.9180354579669,1.90549266184234
0.875,1.075,0.675,1.92180190130117,1.91077015164917
0.875,1.075,0.7,1.92529671045461,1.9155934898775
0.875,1.075,0.725,1.92847977330022,1.91998188666848
0.875,1.075,0.75,1.93144019084802,1.92401192610253
0.875,1.075,0.775,1.93417774445218,1.92770530524879
0.875,1.075,0.8,1.93669629884863,1.93111032440901
0.875,1.075,0.825,1.93905159258354,1.93423185044372
0.875,1.075,0.85,1.94122918530788,1.93711923668641
0.875,1.075,0.875,1.94327638056424,1.93980009407356
0.875,1.075,0.9,1.94517526900302,1.94228010070196
0.875,1.075,0.925,1.94694919380012,1.94458191130779
0.875,1.075,0.95,1.94860999424288,1.94672607235995
0.875,1.075,0.975,1.95016567239567,1.94872789292947
0.875,1.075,1,1.95163691658233,1.95059532214555
0.875,1.1,0.6,1.91089554322799,1.89445944206508
0.875,1.1,0.625,1.91536704530079,1.900878740057
0.875,1.1,0.65,1.91949446881512,1.90667206994909
0.875,1.1,0.675,1.92326021656497,1.91195381898866
0.875,1.1,0.7,1.92674476410448,1.91676046791216
0.875,1.1,0.725,1.92993321523359,1.92115979302007
0.875,1.1,0.75,1.93288730794113,1.92518139153688
0.875,1.1,0.775,1.93562298059843,1.92887101501667
0.875,1.1,0.8,1.93814020850228,1.93227559436407
0.875,1.1,0.825,1.94049563571964,1.93539682540752
0.875,1.1,0.85,1.94267274802528,1.93828669254618
0.875,1.1,0.875,1.94471315197454,1.94095734399141
0.875,1.1,0.9,1.94661149582034,1.94343679231694
0.875,1.1,0.925,1.94838526994138,1.94573901918587
0.875,1.1,0.95,1.95004463809575,1.94788305082941
0.875,1.1,0.975,1.95159982075158,1.94988354527468
0.875,1.1,1,1.9530677159471,1.95174754861706
0.875,1.125,0.6,1.91226186065361,1.89554341627696
0.875,1.125,0.625,1.91673203491689,1.90196038082379
0.875,1.125,0.65,1.92085594280361,1.90775088007223
0.875,1.125,0.675,1.92461955843278,1.91302605983198
0.875,1.125,0.7,1.92810956547013,1.91784310152633
0.875,1.125,0.725,1.93129094772944,1.92223055525105
0.875,1.125,0.75,1.93424768923546,1.92625613049034
0.875,1.125,0.775,1.93698219004906,1.92994585871543
0.875,1.125,0.8,1.93949811683008,1.93334881512594
0.875,1.125,0.825,1.94185122413295,1.93646776963013
0.875,1.125,0.85,1.94402680306961,1.93935340284069
0.875,1.125,0.875,1.94607066353286,1.94203031507496
0.875,1.125,0.9,1.94796754016167,1.94450808696023
0.875,1.125,0.925,1.94973962710906,1.94680813943887
0.875,1.125,0.95,1.9513984600032,1.94895045273935
0.875,1.125,0.975,1.95295202522207,1.9509505995146
0.875,1.125,1,1.95442098334034,1.95281578509232
0.875,1.15,0.6,1.91353665020317,1.89660740141308
0.875,1.15,0.625,1.91800350366506,1.90302289306134
0.875,1.15,0.65,1.92212686373549,1.90881103352779
0.875,1.15,0.675,1.9258873673009,1.91408910946254
0.875,1.15,0.7,1.92938016809645,1.91889149098475
0.875,1.15,0.725,1.93255679944662,1.92328759582273
0.875,1.15,0.75,1.93551441660215,1.92730569175048
0.875,1.15,0.775,1.93824819797525,1.93099290734954
0.875,1.15,0.8,1.94076201789439,1.93439506554424
0.875,1.15,0.825,1.94311453878704,1.93751279867867
0.875,1.15,0.85,1.94528799411106,1.94040002325377
0.875,1.15,0.875,1.94733336095741,1.94306838860568
0.875,1.15,0.9,1.94922885420907,1.94554587053119
0.875,1.15,0.925,1.95099998360243,1.94784587811546
0.875,1.15,0.95,1.95265740272515,1.94998798952786
0.875,1.15,0.975,1.95421054697875,1.95198671449537
0.875,1.15,1,1.95568033870607,1.95384824688741
0.875,1.175,0.6,1.91476048015661,1.89758473831514
0.875,1.175,0.625,1.91922849716162,1.90399778359317
0.875,1.175,0.65,1.92335091087512,1.90978713539603
0.875,1.175,0.675,1.92711195843937,1.91506514202325
0.875,1.175,0.7,1.93059190885496,1.91986545907534
0.875,1.175,0.725,1.93377635816393,1.92426191963906
0.875,1.175,0.75,1.93672612755857,1.92827864206883
0.875,1.175,0.775,1.93945800495325,1.93196381207626
0.875,1.175,0.8,1.94197250134328,1.93536373608036
0.875,1.175,0.825,1.94432427793706,1.93848227781435
0.875,1.175,0.85,1.9464979600927,1.9413698146784
0.875,1.175,0.875,1.94853524586265,1.9440355532236
0.875,1.175,0.9,1.95043066040946,1.94651198771054
0.875,1.175,0.925,1.9522013484461,1.94881170599371
0.875,1.175,0.95,1.95385808518293,1.95095331402298
0.875,1.175,0.975,1.95541120730449,1.95295069696346
0.875,1.175,1,1.95687626064098,1.95481223924878
0.875,1.2,0.6,1.91589037722039,1.89852458561695
0.875,1.2,0.625,1.92035357707191,1.90493701675948
0.875,1.2,0.65,1.92447460974701,1.9107220453167
0.875,1.2,0.675,1.92823207191502,1.91599760965169
0.875,1.2,0.7,1.93172378337971,1.92079525635897
0.875,1.2,0.725,1.93489667375714,1.92518975368433
0.875,1.2,0.75,1.93785287772765,1.9292041959403
0.875,1.2,0.775,1.94058435372416,1.93288861416853
0.875,1.2,0.8,1.94309551611224,1.93628858174859
0.875,1.2,0.825,1.94544627932242,1.93940408768861
0.875,1.2,0.85,1.94761761021491,1.9422895111737
0.875,1.2,0.875,1.94966208006621,1.9449549381914
0.875,1.2,0.9,1.95155572903632,1.94743041863731
0.875,1.2,0.925,1.95332504379257,1.94972876362755
0.875,1.2,0.95,1.95498082380958,1.95186919295456
0.875,1.2,0.975,1.95653214657234,1.95386639879505
0.875,1.2,1,1.95800107877493,1.95572603690773
0.875,1.225,0.6,1.91698302353324,1.89940410060919
0.875,1.225,0.625,1.92144778755851,1.90581434943514
0.875,1.225,0.65,1.92556757540253,1.9116001923108
0.875,1.225,0.675,1.92932591305368,1.91687563682909
0.875,1.225,0.7,1.93280343682753,1.92167174361017
0.875,1.225,0.725,1.9359852250689,1.92606632697496
0.875,1.225,0.75,1.93893282303906,1.9300798163169
0.875,1.225,0.775,1.94166243138479,1.93376247414929
0.875,1.225,0.8,1.94417453524693,1.93716041281802
0.875,1.225,0.825,1.94652442193808,1.94027648623132
0.875,1.225,0.85,1.94869624152199,1.9431621479616
0.875,1.225,0.875,1.95073180195626,1.94582545999188
0.875,1.225,0.9,1.95262547564654,1.94830004544874
0.875,1.225,0.925,1.95439456077545,1.95059816067519
0.875,1.225,0.95,1.95604969381055,1.95273810022955
0.875,1.225,0.975,1.95760114131178,1.9547341191584
0.875,1.225,1,1.95906489166712,1.95659386748201
0.875,1.25,0.6,1.91799716002768,1.90023064632754
0.875,1.25,0.625,1.92245995821713,1.90663858470327
0.875,1.25,0.65,1.92657713226287,1.9124224483839
0.875,1.25,0.675,1.93033339076341,1.91769088633673
0.875,1.25,0.7,1.93381705353355,1.92249922956128
0.875,1.25,0.725,1.93699185253888,1.92688118326364
0.875,1.25,0.75,1.93994276842141,1.93089963748873
0.875,1.25,0.775,1.94267166629416,1.93458287653618
0.875,1.25,0.8,1.94518233319376,1.93797926384651
0.875,1.25,0.825,1.94753052719151,1.94109363474625
0.875,1.25,0.85,1.94970085889324,1.94397494385402
0.875,1.25,0.875,1.95174039360795,1.94664547577879
0.875,1.25,0.9,1.95363283308216,1.94911878592769
0.875,1.25,0.925,1.95540059351716,1.95141450346573
0.875,1.25,0.95,1.95705519849997,1.95355301337616
0.875,1.25,0.975,1.95860548091512,1.95554874155147
0.875,1.25,1,1.96007100888604,1.95741017462031
0.875,1.275,0.6,1.91896907473349,1.90103884264606
0.875,1.275,0.625,1.92343066557249,1.90744665811546
0.875,1.275,0.65,1.92754811780146,1.91322953767623
0.875,1.275,0.675,1.93130372453686,1.91850145925366
0.875,1.275,0.7,1.93477962654157,1.9232961552465
0.875,1.275,0.725,1.93795845615613,1.92768706354564
0.875,1.275,0.75,1.94090440420804,1.93169865015028
0.875,1.275,0.775,1.94363197763292,1.93537906790517
0.875,1.275,0.8,1.94614179824487,1.93877526950666
0.875,1.275,0.825,1.94849001069055,1.94188925361342
0.875,1.275,0.85,1.95065999511028,1.94477259066572
0.875,1.275,0.875,1.95269435442595,1.94743496857162
0.875,1.275,0.9,1.95458643867597,1.94990790034374
0.875,1.275,0.925,1.9563540197137,1.95220408227687
0.875,1.275,0.95,1.95800765064346,1.9543424961447
0.875,1.275,0.975,1.95955755108479,1.95633731262557
0.875,1.275,1,1.96102032359267,1.95819588799118
0.875,1.3,0.6,1.91988095463737,1.90178175731718
0.875,1.3,0.625,1.92434130729714,1.90818765453768
0.875,1.3,0.65,1.92845628799594,1.91396865812687
0.875,1.3,0.675,1.93221046006259,1.91923532065372
0.875,1.3,0.7,1.9356905577097,1.92403888451881
0.875,1.3,0.725,1.93886419301193,1.92842016531731
0.875,1.3,0.75,1.94181238657453,1.93243527949713
0.875,1.3,0.775,1.94453913439325,1.93611585958796
0.875,1.3,0.8,1.94704795604753,1.93951074231495
0.875,1.3,0.825,1.94939458068477,1.94262320347115
0.875,1.3,0.85,1.95156351084617,1.94550324239372
0.875,1.3,0.875,1.95360062412813,1.94817087110898
0.875,1.3,0.9,1.95549167312621,1.95064257359238
0.875,1.3,0.925,1.95725815644039,1.95293704390559
0.875,1.3,0.95,1.95891141553182,1.95507421543912
0.875,1.3,0.975,1.96046023730896,1.95706874710882
0.875,1.3,1,1.96192412203622,1.95892850998798
0.875,1.325,0.6,1.92073932841168,1.90252088159893
0.875,1.325,0.625,1.92519698832138,1.90892587341698
0.875,1.325,0.65,1.929311609818,1.91470469262211
0.875,1.325,0.675,1.933063133259,1.91997405158954
0.875,1.325,0.7,1.93654637613692,1.92476480598526
0.875,1.325,0.725,1.93971564033507,1.92915386888464
0.875,1.325,0.75,1.94266505075561,1.93316249674425
0.875,1.325,0.775,1.94539133101304,1.93684108379851
0.875,1.325,0.8,1.94789847426249,1.94023562309422
0.875,1.325,0.825,1.95024473176839,1.94334697944525
0.875,1.325,0.85,1.95241192751161,1.94622849486334
0.875,1.325,0.875,1.95445081529001,1.94888884641487
0.875,1.325,0.9,1.95634076632874,1.9513603547045
0.875,1.325,0.925,1.95810651931254,1.95365501264494
0.875,1.325,0.95,1.95975874796747,1.95579205424448
0.875,1.325,0.975,1.96130723672595,1.95778561576263
0.875,1.325,1,1.96277207882381,1.95964220906731
0.875,1.35,0.6,1.92157291011906,1.90319992648867
0.875,1.35,0.625,1.92603184246176,1.90960286601199
0.875,1.35,0.65,1.93014554906404,1.91538265161162
0.875,1.35,0.675,1.93389781920726,1.92065145275352
0.875,1.35,0.7,1.93737007551228,1.92544204465931
0.875,1.35,0.725,1.94054625164231,1.92983029151453
0.875,1.35,0.75,1.94348895274736,1.93383856634829
0.875,1.35,0.775,1.94621379801391,1.93751576728284
0.875,1.35,0.8,1.94872169468606,1.94090852437385
0.875,1.35,0.825,1.95106730487075,1.94402053354924
0.875,1.35,0.85,1.95323493583655,1.94690202834115
0.875,1.35,0.875,1.95526692165497,1.94956119924479
0.875,1.35,0.9,1.9571569686622,1.9520319335196
0.875,1.35,0.925,1.95892244015543,1.95432624056694
0.875,1.35,0.95,1.96057425073734,1.95646288428912
0.875,1.35,0.975,1.96212273475567,1.95845545617882
0.875,1.35,1,1.96358347388409,1.96031238058672
0.875,1.375,0.6,1.92234166619229,1.90385986216534
0.875,1.375,0.625,1.92679651138799,1.91026247111244
0.875,1.375,0.65,1.93090937627933,1.91603883666859
0.875,1.375,0.675,1.93465862653203,1.92130627281545
0.875,1.375,0.7,1.93814136487711,1.92609338460216
0.875,1.375,0.725,1.94130769044778,1.93048129062105
0.875,1.375,0.75,1.9442562815093,1.93448715178818
0.875,1.375,0.775,1.94698092555305,1.93816367043246
0.875,1.375,0.8,1.9494861154304,1.94155661894832
0.875,1.375,0.825,1.95183111724766,1.94466631310479
0.875,1.375,0.85,1.95399677486421,1.94754650889841
0.875,1.375,0.875,1.95603523901147,1.95020466543244
0.875,1.375,0.9,1.9579239357103,1.95267475384821
0.875,1.375,0.925,1.95968835064302,1.95496817698729
0.875,1.375,0.95,1.96133942583528,1.95710399912602
0.875,1.375,0.975,1.96288662542687,1.95909647085224
0.875,1.375,1,1.96435101972012,1.96095165135328
0.875,1.4,0.6,1.92309720691082,1.90447829610669
0.875,1.4,0.625,1.92755366671838,1.91087904111548
0.875,1.4,0.65,1.93166539050718,1.91665610597262
0.875,1.4,0.675,1.93541561668719,1.92192299429118
0.875,1.4,0.7,1.93888615427043,1.92671024234261
0.875,1.4,0.725,1.94206031776242,1.93109720686972
0.875,1.4,0.75,1.94500147120473,1.93510298487107
0.875,1.4,0.775,1.9477246755453,1.93877830814526
0.875,1.4,0.8,1.95023083395196,1.94216961115764
0.875,1.4,0.825,1.95257508062737,1.94527978984608
0.875,1.4,0.85,1.95474135866528,1.94815993392201
0.875,1.4,0.875,1.95677215394234,1.95081722515259
0.875,1.4,0.9,1.95866095758765,1.95328661538921
0.875,1.4,0.925,1.96042528248013,1.9555797712491
0.875,1.4,0.95,1.96207595537914,1.95771520337413
0.875,1.4,0.975,1.96362325131129,1.9597067868651
0.875,1.4,1,1.96508309596953,1.96156235999994
0.875,1.425,0.6,1.92379735132737,1.90506235296741
0.875,1.425,0.625,1.92825203435793,1.91146122821107
0.875,1.425,0.65,1.9323618809798,1.91723699231689
0.875,1.425,0.675,1.93611061925415,1.92249831027206
0.875,1.425,0.7,1.93958628029668,1.92729570380702
0.875,1.425,0.725,1.94275491446749,1.93167250490439
0.875,1.425,0.75,1.94569904361473,1.93568248310649
0.875,1.425,0.775,1.94842173430517,1.93935830861201
0.875,1.425,0.8,1.95092672176528,1.94274834977212
0.875,1.425,0.825,1.95326978233485,1.94585737893566
0.875,1.425,0.85,1.95543496549348,1.94873412311689
0.875,1.425,0.875,1.95746915643831,1.9513973310775
0.875,1.425,0.9,1.95935703378746,1.9538657646489
0.875,1.425,0.925,1.96112046570897,1.95615704286401
0.875,1.425,0.95,1.9627707464674,1.95829142217956
0.875,1.425,0.975,1.96431722926591,1.96028276800169
0.875,1.425,1,1.96577882877108,1.96213986294711
0.875,1.45,0.6,1.92447702407835,1.90564015479352
0.875,1.45,0.625,1.928931061155,1.91203898407979
0.875,1.45,0.65,1.93304101493544,1.9178137243592
0.875,1.45,0.675,1.93678918074517,1.92307800947358
0.875,1.45,0.7,1.94025860264356,1.92786393118452
0.875,1.45,0.725,1.9434305125241,1.93224831218092
0.875,1.45,0.75,1.94637050802848,1.93625254696598
0.875,1.45,0.775,1.94909222911177,1.93992618412484
0.875,1.45,0.8,1.9515967105542,1.943316207784
0.875,1.45,0.825,1.95393974034865,1.94642481855555
0.875,1.45,0.85,1.9561046743452,1.94930327945018
0.875,1.45,0.875,1.95813466439855,1.95195976233403
0.875,1.45,0.9,1.96002231920336,1.95442794086263
0.875,1.45,0.925,1.96178555835171,1.95671969977117
0.875,1.45,0.95,1.96343515455072,1.95885401475294
0.875,1.45,0.975,1.9649813410202,1.96084472092995
0.875,1.45,1,1.9664405304554,1.96269938303433
0.875,1.475,0.6,1.92511454067434,1.90617076918204
0.875,1.475,0.625,1.92956742322442,1.9125680080399
0.875,1.475,0.65,1.93367559440317,1.91834151227389
0.875,1.475,0.675,1.93742277697836,1.92360148123586
0.875,1.475,0.7,1.94089569121479,1.92839514177977
0.875,1.475,0.725,1.94406354606018,1.93277149848584
0.875,1.475,0.75,1.94700558085678,1.93677890803288
0.875,1.475,0.775,1.94972671198497,1.94045274655038
0.875,1.475,0.8,1.95223037916014,1.94384167214985
0.875,1.475,0.825,1.95457228633802,1.94694925071105
0.875,1.475,0.85,1.95673646600183,1.94982506239641
0.875,1.475,0.875,1.95876881215633,1.95248605754418
0.875,1.475,0.9,1.96065569824159,1.95495330520201
0.875,1.475,0.925,1.96241820808808,1.95724367889435
0.875,1.475,0.95,1.96406753149344,1.95937706758553
0.875,1.475,0.975,1.96561296290646,1.96136754092122
0.875,1.475,1,1.96707329992448,1.96322336874052
0.875,1.5,0.6,1.92571928375392,1.90670547171959
0.875,1.5,0.625,1.9301699270214,1.91310220467666
0.875,1.5,0.65,1.93427781232385,1.91887367395186
0.875,1.5,0.675,1.93802279283401,1.92413622754774
0.875,1.5,0.7,1.9414989799771,1.92891851953221
0.875,1.5,0.725,1.94466282374445,1.93330196664336
0.875,1.5,0.75,1.94760625366629,1.93730365445908
0.875,1.5,0.775,1.9503270856533,1.94097586558096
0.875,1.5,0.8,1.95282936599458,1.9443647356691
0.875,1.5,0.825,1.95517100403289,1.94747129669421
0.875,1.5,0.85,1.95733377770084,1.95034851332799
0.875,1.5,0.875,1.95936800593175,1.95300316811429
0.875,1.5,0.9,1.96125404388473,1.95547031357365
0.875,1.5,0.925,1.96301592784916,1.95776098404297
0.875,1.5,0.95,1.96466446886421,1.959894296103
0.875,1.5,0.975,1.96620962343144,1.96188409490178
0.875,1.5,1,1.96767096630936,1.96373712630832
0.9,0.75,0.6,1.86960291421688,1.86034445721519
0.9,0.75,0.625,1.87426700204818,1.86702657444281
0.9,0.75,0.65,1.87854522151907,1.8731083540609
0.9,0.75,0.675,1.88249228837327,1.87863956190629
0.9,0.75,0.7,1.88610428132428,1.88370444235769
0.9,0.75,0.725,1.88946234367883,1.88830791025557
0.9,0.75,0.75,1.89250179840251,1.89259767484626
0.9,0.75,0.775,1.89541807280795,1.89644078741261
0.9,0.75,0.8,1.8980758111775,1.90002043864422
0.9,0.75,0.825,1.90053283300266,1.90333169376361
0.9,0.75,0.85,1.90283734441987,1.90637407681068
0.9,0.75,0.875,1.9049736578116,1.90920785000288
0.9,0.75,0.9,1.90697802173648,1.91181907165538
0.9,0.75,0.925,1.90884939709662,1.9142559217168
0.9,0.75,0.95,1.91060304207744,1.91652468110368
0.9,0.75,0.975,1.91224529589585,1.91864061083878
0.9,0.75,1,1.91378698010997,1.92062185254275
0.9,0.775,0.6,1.87351375910885,1.86323272228526
0.9,0.775,0.625,1.87817595448788,1.86991322636291
0.9,0.775,0.65,1.88245229949431,1.87599320104113
0.9,0.775,0.675,1.88639710785093,1.88152191499495
0.9,0.775,0.7,1.8900065082677,1.88658446730216
0.9,0.775,0.725,1.89336168004439,1.89118640737733
0.9,0.775,0.75,1.89644883955816,1.89542283546447
0.9,0.775,0.775,1.89935961103341,1.89926660855021
0.9,0.775,0.8,1.90196759642131,1.90289056563744
0.9,0.775,0.825,1.90442284703623,1.9061986393814
0.9,0.775,0.85,1.9067252043747,1.90923868165862
0.9,0.775,0.875,1.90885918335453,1.91206978371854
0.9,0.775,0.9,1.91086160152212,1.9146788423482
0.9,0.775,0.925,1.91273070390106,1.91711348875356
0.9,0.775,0.95,1.91448191843283,1.91938010717195
0.9,0.775,0.975,1.91612200377187,1.92149413025735
0.9,0.775,1,1.91766164464789,1.92347325586915
0.9,0.8,0.6,1.87712543886476,1.8658927125178
0.9,0.8,0.625,1.8817779606047,1.87255870647554
0.9,0.8,0.65,1.8860525447746,1.87863193936644
0.9,0.8,0.675,1.88999657623703,1.88416358526538
0.9,0.8,0.7,1.8936024523937,1.88922320480872
0.9,0.8,0.725,1.89696360269035,1.89383272543039
0.9,0.8,0.75,1.90003329893454,1.89804333863195
0.9,0.8,0.775,1.90291563625712,1.90194803429579
0.9,0.8,0.8,1.90558326682376,1.90549584076581
0.9,0.8,0.825,1.90800924006379,1.908827171145
0.9,0.8,0.85,1.91030727319014,1.91186096275248
0.9,0.8,0.875,1.91244261283489,1.91469351579566
0.9,0.8,0.9,1.91444872376341,1.91730607564685
0.9,0.8,0.925,1.91631477607609,1.91973712847219
0.9,0.8,0.95,1.91806214386696,1.92199806190004
0.9,0.8,0.975,1.91970063828957,1.92410800425428
0.9,0.8,1,1.92123659813305,1.92608810737914
0.9,0.825,0.6,1.88042096047114,1.86840169950488
0.9,0.825,0.625,1.88507121601116,1.87507473013181
0.9,0.825,0.65,1.88934401823066,1.88114638987289
0.9,0.825,0.675,1.89328635529471,1.88667231614423
0.9,0.825,0.7,1.89688697356589,1.89173004221406
0.9,0.825,0.725,1.90024968210926,1.89632915571278
0.9,0.825,0.75,1.90331439268806,1.90055207342729
0.9,0.825,0.775,1.90619667598454,1.90443975637025
0.9,0.825,0.8,1.9088413113132,1.90800989837147
0.9,0.825,0.825,1.91126332789313,1.91133935093226
0.9,0.825,0.85,1.91358129106545,1.91435143077435
0.9,0.825,0.875,1.91571415918846,1.91717924027695
0.9,0.825,0.9,1.9177206071237,1.9197852367992
0.9,0.825,0.925,1.91958376377381,1.92221562555278
0.9,0.825,0.95,1.92132989163987,1.92447606826572
0.9,0.825,0.975,1.9229655863789,1.92658569244237
0.9,0.825,1,1.92449980071741,1.92856260073368
0.9,0.85,0.6,1.88348902529036,1.87071618496335
0.9,0.85,0.625,1.8881375750552,1.87738770459273
0.9,0.85,0.65,1.89240831529454,1.88345755065895
0.9,0.85,0.675,1.89634825179984,1.88898075236583
0.9,0.85,0.7,1.89994675257846,1.89403609027105
0.9,0.85,0.725,1.90330673648416,1.89863260691815
0.9,0.85,0.75,1.9063694417209,1.90285424692858
0.9,0.85,0.775,1.90924882044123,1.90673860697208
0.9,0.85,0.8,1.91189074459955,1.91030717338643
0.9,0.85,0.825,1.9143360305252,1.91360918135815
0.9,0.85,0.85,1.91660374126585,1.91666777728278
0.9,0.85,0.875,1.91875766473136,1.91946989981468
0.9,0.85,0.9,1.92076233090112,1.9220734469246
0.9,0.85,0.925,1.92262377501723,1.92450185728308
0.9,0.85,0.95,1.9243679486731,1.92676062032497
0.9,0.85,0.975,1.92600184795588,1.92886866440229
0.9,0.85,1,1.92753451221551,1.93084369134526
0.9,0.875,0.6,1.88632945825009,1.87287306164728
0.9,0.875,0.625,1.89097624864832,1.87954297886696
0.9,0.875,0.65,1.89524492274108,1.88561099065025
0.9,0.875,0.675,1.89918250490704,1.89113154141643
0.9,0.875,0.7,1.90277893340644,1.89618453627671
0.9,0.875,0.725,1.90613630867734,1.90077856326278
0.9,0.875,0.75,1.90919707839557,1.90499886639252
0.9,0.875,0.775,1.91207378533187,1.90888002074631
0.9,0.875,0.8,1.91471347123949,1.91244670105646
0.9,0.875,0.825,1.91715635038596,1.91574711301864
0.9,0.875,0.85,1.9194496796363,1.91877650975561
0.9,0.875,0.875,1.92155722225332,1.92162063030433
0.9,0.875,0.9,1.92357678723022,1.92420528956728
0.9,0.875,0.925,1.92543694532654,1.92663148352343
0.9,0.875,0.95,1.92717934960249,1.92888857364521
0.9,0.875,0.975,1.92881157775498,1.93099509627801
0.9,0.875,1,1.93034277984632,1.93296833986426
0.9,0.9,0.6,1.88897019056534,1.87487665394478
0.9,0.9,0.625,1.89362236897138,1.8815478251175
0.9,0.9,0.65,1.89788850225912,1.88761762436797
0.9,0.9,0.675,1.90182223227001,1.89313395523763
0.9,0.9,0.7,1.90542011924407,1.89818454455276
0.9,0.9,0.725,1.90876458114339,1.90277537840089
0.9,0.9,0.75,1.91183746580162,1.90700171102189
0.9,0.9,0.775,1.91469706661615,1.91087372303594
0.9,0.9,0.8,1.91733879995679,1.91444057071123
0.9,0.9,0.825,1.91978259142173,1.91773843150604
0.9,0.9,0.85,1.92207470761471,1.92076880990142
0.9,0.9,0.875,1.92419895077235,1.92358827710326
0.9,0.9,0.9,1.92622048745273,1.92615999579815
0.9,0.9,0.925,1.92804879365499,1.92861646214868
0.9,0.9,0.95,1.92979084776047,1.93087334668202
0.9,0.9,0.975,1.93142209523775,1.93297900569736
0.9,0.9,1,1.93295327423191,1.93494926733176
0.9,0.925,0.6,1.89141985760733,1.87675017242916
0.9,0.925,0.625,1.89606400859238,1.88340871595057
0.9,0.925,0.65,1.90032861867703,1.88947322237763
0.9,0.925,0.675,1.90426131022087,1.89499160466931
0.9,0.925,0.7,1.90785656793659,1.90003900847816
0.9,0.925,0.725,1.91120561976373,1.90463667275906
0.9,0.925,0.75,1.91426526129045,1.90884142864595
0.9,0.925,0.775,1.91713448580659,1.91273021591491
0.9,0.925,0.8,1.91977062200134,1.91628934128003
0.9,0.925,0.825,1.92221179243767,1.91958491847344
0.9,0.925,0.85,1.92450005700023,1.92261156844482
0.9,0.925,0.875,1.92662480549787,1.9254324646883
0.9,0.925,0.9,1.92862177425671,1.92803504076194
0.9,0.925,0.925,1.9304962937524,1.93044029507282
0.9,0.925,0.95,1.93221457494988,1.93271340676809
0.9,0.925,0.975,1.93384496866843,1.93481565603359
0.9,0.925,1,1.93537397156939,1.93678615687436
0.9,0.95,0.6,1.89369574221232,1.87852051580878
0.9,0.95,0.625,1.89834358378422,1.88518513526322
0.9,0.95,0.65,1.90260563477202,1.89125086239419
0.9,0.95,0.675,1.90653518365337,1.89676284085985
0.9,0.95,0.7,1.91012781762429,1.90180997063935
0.9,0.95,0.725,1.91346953268344,1.90639786612537
0.9,0.95,0.75,1.9165370595717,1.91061677360874
0.9,0.95,0.775,1.91939386166376,1.9144877091007
0.9,0.95,0.8,1.92203150536336,1.91804910800674
0.9,0.95,0.825,1.92447074307821,1.92134403527495
0.9,0.95,0.85,1.92675956082676,1.92437074353063
0.9,0.95,0.875,1.92887946307324,1.92718770627499
0.9,0.95,0.9,1.93087085760543,1.92978480227824
0.9,0.95,0.925,1.9327278242298,1.93220626554136
0.9,0.95,0.95,1.9344878036775,1.93443799862239
0.9,0.95,0.975,1.93609119639239,1.93656570799968
0.9,0.95,1,1.9376195757029,1.93853321847485
0.9,0.975,0.6,1.89581193518406,1.88016060265458
0.9,0.975,0.625,1.90045541763716,1.88682168149045
0.9,0.975,0.65,1.90471663787381,1.89288694352772
0.9,0.975,0.675,1.90864434628869,1.89839707419976
0.9,0.975,0.7,1.91223730505249,1.90344001300485
0.9,0.975,0.725,1.91557837835995,1.90802987910679
0.9,0.975,0.75,1.9186403351112,1.91224593947521
0.9,0.975,0.775,1.92149970191884,1.91611656887681
0.9,0.975,0.8,1.92413363012017,1.91967590337157
0.9,0.975,0.825,1.92657304246094,1.92296728092307
0.9,0.975,0.85,1.92885965330858,1.92599473143261
0.9,0.975,0.875,1.93097912587716,1.92880872622487
0.9,0.975,0.9,1.93296976110902,1.93140654399773
0.9,0.975,0.925,1.93482478223667,1.93382724665736
0.9,0.975,0.95,1.93656064180319,1.93607924639748
0.9,0.975,0.975,1.93820729869965,1.93816183283085
0.9,0.975,1,1.93971316192654,1.94014902575263
0.9,1,0.6,1.89779295341429,1.8817283411468
0.9,1,0.625,1.9024309432006,1.88838997503168
0.9,1,0.65,1.9066898377821,1.89444869869168
0.9,1,0.675,1.91061681405148,1.89995723304538
0.9,1,0.7,1.91420370228263,1.90499951607124
0.9,1,0.725,1.91755001536188,1.90958229193249
0.9,1,0.75,1.9206020006779,1.91379606119367
0.9,1,0.775,1.92346775518909,1.91766337045156
0.9,1,0.8,1.92609823998144,1.92122137023888
0.9,1,0.825,1.92853268697647,1.92451276477038
0.9,1,0.85,1.93081743179179,1.92753505450819
0.9,1,0.875,1.93293637235529,1.93034940319825
0.9,1,0.9,1.93493004963062,1.9329432018117
0.9,1,0.925,1.93678225599895,1.93536247736682
0.9,1,0.95,1.93851675795774,1.93761304299997
0.9,1,0.975,1.94014228410806,1.93971277743001
0.9,1,1,1.9416519823881,1.94169388723866
0.9,1.025,0.6,1.89965419757596,1.88317778699247
0.9,1.025,0.625,1.90429625328679,1.88983862630488
0.9,1.025,0.65,1.90855262159536,1.89589872650893
0.9,1.025,0.675,1.91247640068158,1.90140399185109
0.9,1.025,0.7,1.9160647317943,1.90644375844246
0.9,1.025,0.725,1.91940005326859,1.91102552572808
0.9,1.025,0.75,1.92246208961097,1.91524217244865
0.9,1.025,0.775,1.92531359487704,1.91910408980479
0.9,1.025,0.8,1.92794579957058,1.9226615409424
0.9,1.025,0.825,1.93038131810927,1.9259504349641
0.9,1.025,0.85,1.93266514652282,1.92897356719993
0.9,1.025,0.875,1.93478077422842,1.93178489605751
0.9,1.025,0.9,1.93676723098437,1.93437770844259
0.9,1.025,0.925,1.9386194545709,1.93679574912432
0.9,1.025,0.95,1.94035323940197,1.93904639182848
0.9,1.025,0.975,1.94197767674165,1.94114590033062
0.9,1.025,1,1.94350306679151,1.94310884076326
0.9,1.05,0.6,1.90138626334814,1.88454590915668
0.9,1.05,0.625,1.90602190419661,1.89119626091584
0.9,1.05,0.65,1.91027717067241,1.89725210415735
0.9,1.05,0.675,1.91419995763172,1.90275903913322
0.9,1.05,0.7,1.91778589235914,1.90779606488308
0.9,1.05,0.725,1.92112523596607,1.91238367009181
0.9,1.05,0.75,1.92417652847732,1.91658266659054
0.9,1.05,0.775,1.92703616602796,1.92045847823828
0.9,1.05,0.8,1.92966396713303,1.92400968880913
0.9,1.05,0.825,1.93209739980288,1.9272965932141
0.9,1.05,0.85,1.93437848757867,1.93031674758229
0.9,1.05,0.875,1.93649503881506,1.9331288427653
0.9,1.05,0.9,1.93848407010259,1.93572470441705
0.9,1.05,0.925,1.94033436929174,1.93814079023237
0.9,1.05,0.95,1.94206588678266,1.94038781895652
0.9,1.05,0.975,1.94368925274602,1.94248504557419
0.9,1.05,1,1.94521269015705,1.94444857734311
0.9,1.075,0.6,1.9030174053009,1.88584376077039
0.9,1.075,0.625,1.90765596781326,1.89250197064282
0.9,1.075,0.65,1.91190883174196,1.89855800241234
0.9,1.075,0.675,1.91582900707208,1.90405924737507
0.9,1.075,0.7,1.91941302541662,1.90909381958031
0.9,1.075,0.725,1.92274581656234,1.91367277900161
0.9,1.075,0.75,1.92580425133576,1.91788717133759
0.9,1.075,0.775,1.92865290599502,1.92174436945359
0.9,1.075,0.8,1.93128213697098,1.92529904854602
0.9,1.075,0.825,1.93371432678303,1.92858542710634
0.9,1.075,0.85,1.93599561778894,1.93160530005731
0.9,1.075,0.875,1.93810832997057,1.93441298314749
0.9,1.075,0.9,1.94009283757187,1.9370037366765
0.9,1.075,0.925,1.94194262125805,1.93941932188057
0.9,1.075,0.95,1.94367410289941,1.94166785499331
0.9,1.075,0.975,1.94529616268809,1.94376525751993
0.9,1.075,1,1.94681856865063,1.94572610539247
0.9,1.1,0.6,1.90454755015083,1.88705254729494
0.9,1.1,0.625,1.90918084921787,1.89370064453877
0.9,1.1,0.65,1.91343260482794,1.89975307543551
0.9,1.1,0.675,1.91735175850594,1.90525556204273
0.9,1.1,0.7,1.92093402730614,1.91028963628125
0.9,1.1,0.725,1.92426944325401,1.91487214988146
0.9,1.1,0.75,1.92731931809225,1.91907045722271
0.9,1.1,0.775,1.93017406865534,1.92294030770904
0.9,1.1,0.8,1.93279970961854,1.92648911268844
0.9,1.1,0.825,1.9352301232555,1.92977366393002
0.9,1.1,0.85,1.93750895714512,1.93279104877759
0.9,1.1,0.875,1.9396225002122,1.93560037910353
0.9,1.1,0.9,1.9416087245166,1.93819291646747
0.9,1.1,0.925,1.94345690979612,1.94060661803486
0.9,1.1,0.95,1.94518650372312,1.94285186784921
0.9,1.1,0.975,1.94680775075389,1.94494720669605
0.9,1.1,1,1.94832874011935,1.94690900453197
0.9,1.125,0.6,1.90598460543989,1.88821846905539
0.9,1.125,0.625,1.91061707663805,1.89487030954799
0.9,1.125,0.65,1.91486622727749,1.90092107464754
0.9,1.125,0.675,1.91878354243762,1.90641978295813
0.9,1.125,0.7,1.92236437579335,1.91145230658581
0.9,1.125,0.725,1.92569616778355,1.91602810249374
0.9,1.125,0.75,1.92874693648334,1.92023342538198
0.9,1.125,0.775,1.93159707854767,1.92409274837978
0.9,1.125,0.8,1.93422201888463,1.92764296620474
0.9,1.125,0.825,1.93665132949592,1.93092635448803
0.9,1.125,0.85,1.93892891866536,1.93394268448524
0.9,1.125,0.875,1.9410406179244,1.93674980825371
0.9,1.125,0.9,1.94302424207951,1.93933840507704
0.9,1.125,0.925,1.94487102885723,1.94175166467753
0.9,1.125,0.95,1.94660013887829,1.94399702519913
0.9,1.125,0.975,1.94822000104196,1.94609209454947
0.9,1.125,1,1.94974042894467,1.94805216504018
0.9,1.15,0.6,1.90733403043646,1.88929911411403
0.9,1.15,0.625,1.91196737177917,1.89595065357409
0.9,1.15,0.65,1.91621539178986,1.90200216798976
0.9,1.15,0.675,1.92013083763642,1.90749810645387
0.9,1.15,0.7,1.92371126217227,1.91252890271462
0.9,1.15,0.725,1.92703912558254,1.91710309361068
0.9,1.15,0.75,1.93009274425263,1.92131176038605
0.9,1.15,0.775,1.93293767908574,1.92516562862337
0.9,1.15,0.8,1.93556257181496,1.92871553581358
0.9,1.15,0.825,1.93799165674868,1.93199726346367
0.9,1.15,0.85,1.94026920372767,1.9350144258818
0.9,1.15,0.875,1.94237874408648,1.93781887129011
0.9,1.15,0.9,1.94435972428012,1.94040624571534
0.9,1.15,0.925,1.94620636584881,1.9428186921944
0.9,1.15,0.95,1.9479344874868,1.94506393495905
0.9,1.15,0.975,1.94955367083503,1.94715875812377
0.9,1.15,1,1.95107383115425,1.94911694307843
0.9,1.175,0.6,1.90859988393523,1.89033656484998
0.9,1.175,0.625,1.91322664868623,1.89698718663648
0.9,1.175,0.65,1.91747415694611,1.90303427546187
0.9,1.175,0.675,1.92138923802088,1.9085290591094
0.9,1.175,0.7,1.92496511019854,1.91355949257474
0.9,1.175,0.725,1.92830026535406,1.9181294258105
0.9,1.175,0.75,1.93134193549502,1.922335471782
0.9,1.175,0.775,1.93419715228795,1.92618806351784
0.9,1.175,0.8,1.93681789947005,1.92973647115114
0.9,1.175,0.825,1.93924342442027,1.9330182768103
0.9,1.175,0.85,1.94151983909608,1.93603209269687
0.9,1.175,0.875,1.94362981335268,1.93883664692249
0.9,1.175,0.9,1.94561533551732,1.94142159738478
0.9,1.175,0.925,1.94745999599171,1.94383302131778
0.9,1.175,0.95,1.94918657769167,1.94607667082055
0.9,1.175,0.975,1.9508045203656,1.94817018266933
0.9,1.175,1,1.95232282917759,1.95012886558088
0.9,1.2,0.6,1.90980982115019,1.8913075314345
0.9,1.2,0.625,1.91444027999067,1.89795675716196
0.9,1.2,0.65,1.91868534820094,1.90400470884728
0.9,1.2,0.675,1.92259787245834,1.9094973024355
0.9,1.2,0.7,1.92617504906866,1.91452547385722
0.9,1.2,0.725,1.92950058939597,1.91909561103522
0.9,1.2,0.75,1.93255150458658,1.92330241556051
0.9,1.2,0.775,1.93539403986511,1.92715245921513
0.9,1.2,0.8,1.93801666026273,1.93070016033996
0.9,1.2,0.825,1.94044316564664,1.93397988702246
0.9,1.2,0.85,1.94271874826868,1.93699435173492
0.9,1.2,0.875,1.94482613170726,1.93979684418433
0.9,1.2,0.9,1.94680544916743,1.94238163214912
0.9,1.2,0.925,1.94865023941442,1.94479210786575
0.9,1.2,0.95,1.95037666797262,1.94703567187567
0.9,1.2,0.975,1.95199412436957,1.94912872325572
0.9,1.2,1,1.95351243236246,1.95108557620095
0.9,1.225,0.6,1.91094247822127,1.89222652091663
0.9,1.225,0.625,1.91556857315673,1.89886722602552
0.9,1.225,0.65,1.91981295616108,1.90491229892866
0.9,1.225,0.675,1.92372461187716,1.91040600723396
0.9,1.225,0.7,1.92729993582081,1.91543201099198
0.9,1.225,0.725,1.93062837056001,1.92000709510311
0.9,1.225,0.75,1.93367184274702,1.92420040473808
0.9,1.225,0.775,1.93652008451468,1.92806126728869
0.9,1.225,0.8,1.93913971523972,1.93160411767944
0.9,1.225,0.825,1.9415647055676,1.93488227360851
0.9,1.225,0.85,1.94383842310458,1.93789481519553
0.9,1.225,0.875,1.9459465160628,1.94069777791863
0.9,1.225,0.9,1.94792775140426,1.94328518418887
0.9,1.225,0.925,1.94977122227032,1.94569418939006
0.9,1.225,0.95,1.95149619447103,1.94793503523737
0.9,1.225,0.975,1.95311300044042,1.95002641484434
0.9,1.225,1,1.95463022901587,1.95198334498148
0.9,1.25,0.6,1.91201890684332,1.89311104362312
0.9,1.25,0.625,1.91664625321989,1.89975619002533
0.9,1.25,0.65,1.92088859311683,1.90580115065014
0.9,1.25,0.675,1.92479845666363,1.91129077151415
0.9,1.25,0.7,1.92837247267098,1.9163166609723
0.9,1.25,0.725,1.93169637952468,1.92088446890659
0.9,1.25,0.75,1.93474410148788,1.92508744077854
0.9,1.25,0.775,1.93758516217473,1.92893615155293
0.9,1.25,0.8,1.94020547656347,1.93248087755098
0.9,1.25,0.825,1.94262950116836,1.93575886114094
0.9,1.25,0.85,1.94490334087126,1.93877109108791
0.9,1.25,0.875,1.94700876072785,1.94157176475423
0.9,1.25,0.9,1.94898688107632,1.9441549475222
0.9,1.25,0.925,1.950829975461,1.94656368054394
0.9,1.25,0.95,1.95255473762788,1.94880509593112
0.9,1.25,0.975,1.95417059826787,1.95089663791084
0.9,1.25,1,1.95568718627551,1.95285228255064
0.9,1.275,0.6,1.91303445655479,1.89394041693295
0.9,1.275,0.625,1.91766054353431,1.90058392787501
0.9,1.275,0.65,1.92190164625155,1.90662810872814
0.9,1.275,0.675,1.92581026036768,1.91211629484567
0.9,1.275,0.7,1.92938423454838,1.91713971916062
0.9,1.275,0.725,1.93270609578983,1.92170765330802
0.9,1.275,0.75,1.93575311071375,1.92590979981725
0.9,1.275,0.775,1.93859277171984,1.92975722491762
0.9,1.275,0.8,1.94121197415621,1.93330107779569
0.9,1.275,0.825,1.94363597579209,1.93657709252275
0.9,1.275,0.85,1.94590861389684,1.93958945558166
0.9,1.275,0.875,1.94801343571604,1.9423884619757
0.9,1.275,0.9,1.94999017923224,1.94497149188909
0.9,1.275,0.925,1.95183254071344,1.94737949351484
0.9,1.275,0.95,1.95355638645691,1.94962044207375
0.9,1.275,0.975,1.95517164715749,1.95171145301084
0.9,1.275,1,1.95668814545501,1.95366556239688
0.9,1.3,0.6,1.91398876529727,1.89474169931425
0.9,1.3,0.625,1.91860955512107,1.90138520076168
0.9,1.3,0.65,1.92285020304658,1.90742558173737
0.9,1.3,0.675,1.92675849539148,1.91291270682486
0.9,1.3,0.7,1.93032859185445,1.91793584301423
0.9,1.3,0.725,1.93365645512976,1.92249964062884
0.9,1.3,0.75,1.93669380515344,1.92670051348938
0.9,1.3,0.775,1.93954181900398,1.93054600379857
0.9,1.3,0.8,1.94215771687661,1.9340890142783
0.9,1.3,0.825,1.94457874965594,1.93736514079414
0.9,1.3,0.85,1.94685056662782,1.94037465664778
0.9,1.3,0.875,1.94895571694446,1.94317379929069
0.9,1.3,0.9,1.95093621827109,1.94575452565333
0.9,1.3,0.925,1.95277694852497,1.94816175316022
0.9,1.3,0.95,1.9544996505241,1.95040158211359
0.9,1.3,0.975,1.95611387526951,1.95249153786003
0.9,1.3,1,1.9576289268412,1.95444607181559
0.9,1.325,0.6,1.91490857722721,1.89549080451044
0.9,1.325,0.625,1.91953232997946,1.90213234348318
0.9,1.325,0.65,1.92377097217571,1.9081734274157
0.9,1.325,0.675,1.92767723031074,1.9136588528808
0.9,1.325,0.7,1.93124861929713,1.9186801140851
0.9,1.325,0.725,1.93456852111586,1.92324463898546
0.9,1.325,0.75,1.93761351987002,1.92744522379447
0.9,1.325,0.775,1.94045113028555,1.93128954306172
0.9,1.325,0.8,1.94306858367475,1.93483162240425
0.9,1.325,0.825,1.94549057077109,1.93810603941899
0.9,1.325,0.85,1.94776167081333,1.94111613226164
0.9,1.325,0.875,1.94986478276987,1.9439136321746
0.9,1.325,0.9,1.95184016429073,1.94649454207223
0.9,1.325,0.925,1.95368108972713,1.9489009520165
0.9,1.325,0.95,1.9554036469948,1.95114056640164
0.9,1.325,0.975,1.95701757065876,1.95323013562721
0.9,1.325,1,1.95853264615911,1.95518321661582
0.9,1.35,0.6,1.91576913786744,1.89620573010622
0.9,1.35,0.625,1.92038916535629,1.90283996660579
0.9,1.35,0.65,1.9246274365895,1.90887872942128
0.9,1.35,0.675,1.92853297422445,1.91436519773097
0.9,1.35,0.7,1.93210254844969,1.91938459764632
0.9,1.35,0.725,1.93542548289349,1.92395359170351
0.9,1.35,0.75,1.93846372290911,1.92814262202949
0.9,1.35,0.775,1.94130689305484,1.93199639488659
0.9,1.35,0.8,1.94392176668047,1.93553438541517
0.9,1.35,0.825,1.94634237213562,1.93880744427004
0.9,1.35,0.85,1.94861203463752,1.94181602378092
0.9,1.35,0.875,1.95071588029456,1.94461396343756
0.9,1.35,0.9,1.95269329319286,1.94719727220136
0.9,1.35,0.925,1.95453307525617,1.94960251454209
0.9,1.35,0.95,1.95625448098961,1.95183983976398
0.9,1.35,0.975,1.957867843112,1.95392804187964
0.9,1.35,1,1.95938210898309,1.95588116636743
0.9,1.375,0.6,1.91659737611349,1.89689501254785
0.9,1.375,0.625,1.92121872142882,1.90353476822757
0.9,1.375,0.65,1.92545512725265,1.90957310026778
0.9,1.375,0.675,1.92935914152314,1.91505467286435
0.9,1.375,0.7,1.93292797669031,1.9200740617332
0.9,1.375,0.725,1.93624643426175,1.92463650119439
0.9,1.375,0.75,1.93928919019324,1.92883595082525
0.9,1.375,0.775,1.94212530275553,1.93267715901669
0.9,1.375,0.8,1.94474101559683,1.93621767384282
0.9,1.375,0.825,1.94716102121136,1.93948990683678
0.9,1.375,0.85,1.9494307731731,1.94249878911159
0.9,1.375,0.875,1.9515322883428,1.9452941911263
0.9,1.375,0.9,1.95350665387688,1.94787372648758
0.9,1.375,0.925,1.95534624721596,1.95027872817737
0.9,1.375,0.95,1.95706755963196,1.95251714799973
0.9,1.375,0.975,1.95868025355557,1.95460545752152
0.9,1.375,1,1.96019395671631,1.95655713168462
0.9,1.4,0.6,1.91737722969869,1.89754070117452
0.9,1.4,0.625,1.9219956536358,1.90417339304449
0.9,1.4,0.65,1.92623163910523,1.91020975562126
0.9,1.4,0.675,1.93013500394533,1.91569339032529
0.9,1.4,0.7,1.9337025035448,1.92071090475254
0.9,1.4,0.725,1.93702295898028,1.92527660008598
0.9,1.4,0.75,1.94006049942081,1.92946529647697
0.9,1.4,0.775,1.94290068231135,1.93331533285812
0.9,1.4,0.8,1.94551436279768,1.93685195158519
0.9,1.4,0.825,1.94793332408216,1.94012363087412
0.9,1.4,0.85,1.95020168572332,1.9431305226118
0.9,1.4,0.875,1.95230384302333,1.94592685713596
0.9,1.4,0.9,1.95427957858171,1.94850811573772
0.9,1.4,0.925,1.95611823713171,1.95091198068488
0.9,1.4,0.95,1.9578386069904,1.9531483017373
0.9,1.4,0.975,1.95945085722949,1.95523538720267
0.9,1.4,1,1.96096384879755,1.95718749258728
0.9,1.425,0.6,1.91812528716627,1.89817372099464
0.9,1.425,0.625,1.92274289657146,1.90480966656526
0.9,1.425,0.65,1.92697702333621,1.91084458778914
0.9,1.425,0.675,1.93087927838703,1.91632562461093
0.9,1.425,0.7,1.93444612297981,1.92134239934548
0.9,1.425,0.725,1.93776398367592,1.92590263755809
0.9,1.425,0.75,1.94080233004039,1.93009707746201
0.9,1.425,0.775,1.94363928089995,1.93393905851806
0.9,1.425,0.8,1.94625253649815,1.93747705735423
0.9,1.425,0.825,1.94867097655051,1.94074827446679
0.9,1.425,0.85,1.95093861111151,1.94375429002771
0.9,1.425,0.875,1.95303951989553,1.94654930844734
0.9,1.425,0.9,1.95501343022604,1.94912745688955
0.9,1.425,0.925,1.95685136707441,1.95153111464047
0.9,1.425,0.95,1.9585713653227,1.95376774636924
0.9,1.425,0.975,1.9601828555996,1.95585469274763
0.9,1.425,1,1.96169552342497,1.95780588419121
0.9,1.45,0.6,1.91883197761007,1.89876408116955
0.9,1.45,0.625,1.92345019114344,1.90539909066881
0.9,1.45,0.65,1.92768354793865,1.91143437271052
0.9,1.45,0.675,1.93158466835561,1.91691384691635
0.9,1.45,0.7,1.93515131237273,1.92192941612517
0.9,1.45,0.725,1.93846666450532,1.92648929311857
0.9,1.45,0.75,1.94150693041037,1.93068475101116
0.9,1.45,0.775,1.94434057268594,1.93452444282353
0.9,1.45,0.8,1.94695392464104,1.93806194874257
0.9,1.45,0.825,1.94937227708728,1.94133207816185
0.9,1.45,0.85,1.95163980915869,1.94433860891827
0.9,1.45,0.875,1.95373953786252,1.94713210461713
0.9,1.45,0.9,1.95571181272586,1.94970988039616
0.9,1.45,0.925,1.95754968875141,1.95211301915853
0.9,1.45,0.95,1.95926921686907,1.95434945897754
0.9,1.45,0.975,1.96088036404641,1.95643622315142
0.9,1.45,1,1.96239288079468,1.95838630963697
0.9,1.475,0.6,1.91949898249188,1.89933822516961
0.9,1.475,0.625,1.92411235587573,1.90597369224572
0.9,1.475,0.65,1.9283457644647,1.91200605020333
0.9,1.475,0.675,1.93224679406156,1.91748446081771
0.9,1.475,0.7,1.93581008314901,1.92250005385055
0.9,1.475,0.725,1.93913156446229,1.92705600306805
0.9,1.475,0.75,1.94216265226373,1.93125157683753
0.9,1.475,0.775,1.94500484446496,1.93508866354695
0.9,1.475,0.8,1.9476151781979,1.93862579512485
0.9,1.475,0.825,1.95003101607536,1.94189621379942
0.9,1.475,0.85,1.95229806869507,1.94490061721352
0.9,1.475,0.875,1.95439831995781,1.94769409326421
0.9,1.475,0.9,1.95637446389387,1.95026968941138
0.9,1.475,0.925,1.95821102670873,1.95267231948377
0.9,1.475,0.95,1.95992952536123,1.95490801318078
0.9,1.475,0.975,1.96153986068393,1.95699408092925
0.9,1.475,1,1.96305128872327,1.95894451999749
0.9,1.5,0.6,1.92015157181223,1.8998787175998
0.9,1.5,0.625,1.92476782736969,1.90651224314995
0.9,1.5,0.65,1.92899931012081,1.91254514736285
0.9,1.5,0.675,1.93289863110244,1.91802242318441
0.9,1.5,0.7,1.93646328813444,1.92303633653942
0.9,1.5,0.725,1.93977729919819,1.92759349752046
0.9,1.5,0.75,1.94281584034668,1.93178803408494
0.9,1.5,0.775,1.94564817458135,1.93562512288399
0.9,1.5,0.8,1.94826015550822,1.93916136593984
0.9,1.5,0.825,1.95067698997172,1.94243030985621
0.9,1.5,0.85,1.95294338092474,1.94543520166532
0.9,1.5,0.875,1.95504187346897,1.94822751179079
0.9,1.5,0.9,1.95701323754771,1.95080362944164
0.9,1.5,0.925,1.95885005439385,1.95320561474805
0.9,1.5,0.95,1.96056860808811,1.95544109515276
0.9,1.5,0.975,1.96217877691405,1.95752682235631
0.9,1.5,1,1.96369024887679,1.95947613292659
0.925,0.75,0.6,1.86162929967948,1.85191995604654
0.925,0.75,0.625,1.86644834453838,1.85882727229605
0.925,0.75,0.65,1.87085714827163,1.86513096155018
0.925,0.75,0.675,1.87496303485316,1.87089622710337
0.925,0.75,0.7,1.87870649087705,1.87614904931097
0.925,0.75,0.725,1.88216840355932,1.88096283114797
0.925,0.75,0.75,1.88532483194454,1.88541939576594
0.925,0.75,0.775,1.8883269255634,1.889436125193
0.925,0.75,0.8,1.89111127292819,1.89318588469156
0.925,0.75,0.825,1.89366979964307,1.89663277076608
0.925,0.75,0.85,1.8960533821449,1.89982189240167
0.925,0.75,0.875,1.89827276961668,1.90277602089083
0.925,0.75,0.9,1.90035075163908,1.90552947675816
0.925,0.75,0.925,1.90231030328078,1.908071030533
0.925,0.75,0.95,1.90413207265981,1.91044581964086
0.925,0.75,0.975,1.90584355041132,1.91265824214668
0.925,0.75,1,1.90744510803464,1.91473138833389
0.925,0.775,0.6,1.86573654912617,1.85490565979009
0.925,0.775,0.625,1.87055878831083,1.8618172403503
0.925,0.775,0.65,1.87496963143539,1.86812903166577
0.925,0.775,0.675,1.87904632814909,1.87387700156644
0.925,0.775,0.7,1.88279559763625,1.87913302541465
0.925,0.775,0.725,1.88625482059275,1.88394950785716
0.925,0.775,0.75,1.88945936911599,1.88836046533354
0.925,0.775,0.775,1.89237385981249,1.8924692162767
0.925,0.775,0.8,1.89518049829861,1.89615996461358
0.925,0.775,0.825,1.89774277734424,1.89960756226698
0.925,0.775,0.85,1.90012444695356,1.90279728504664
0.925,0.775,0.875,1.90234774050448,1.90574845150318
0.925,0.775,0.9,1.90442005231456,1.90849692702661
0.925,0.775,0.925,1.90636836231288,1.9110343812422
0.925,0.775,0.95,1.90819034666037,1.9134073483632
0.925,0.775,0.975,1.90990057061078,1.9156210705665
0.925,0.775,1,1.91150297105341,1.91769151506688
0.925,0.8,0.6,1.86949385610604,1.85768425389845
0.925,0.8,0.625,1.87431539487842,1.86459528409761
0.925,0.8,0.65,1.87872423136281,1.87090565982202
0.925,0.8,0.675,1.88280000688025,1.87665144746539
0.925,0.8,0.7,1.88654665048606,1.8819051768714
0.925,0.8,0.725,1.89000342109701,1.88671962011974
0.925,0.8,0.75,1.89320488501405,1.89112902640382
0.925,0.8,0.775,1.89616702204634,1.89518506806816
0.925,0.8,0.8,1.89896874722564,1.89887621248336
0.925,0.8,0.825,1.90148145345837,1.90236824478715
0.925,0.8,0.85,1.90386150792414,1.90555509670121
0.925,0.8,0.875,1.90608281024746,1.90850389211914
0.925,0.8,0.9,1.90815293496536,1.91124983934647
0.925,0.8,0.925,1.9100994369767,1.91378526705462
0.925,0.8,0.95,1.91191928511922,1.91615616937754
0.925,0.8,0.975,1.91362719181733,1.91836789596992
0.925,0.8,1,1.91522765380222,1.92043642006668
0.925,0.825,0.6,1.87296240721582,1.86023352767232
0.925,0.825,0.625,1.87777744402898,1.86713932362287
0.925,0.825,0.65,1.88218170711543,1.87343331935454
0.925,0.825,0.675,1.88627580484335,1.87920932175373
0.925,0.825,0.7,1.89001359855248,1.88445051067224
0.925,0.825,0.725,1.89346820137139,1.8892585410523
0.925,0.825,0.75,1.89666220099444,1.89366574305655
0.925,0.825,0.775,1.89961929867411,1.8977097837388
0.925,0.825,0.8,1.90239284729408,1.90146165392844
0.925,0.825,0.825,1.90496487600791,1.90487818802538
0.925,0.825,0.85,1.90731754454703,1.90808475986309
0.925,0.825,0.875,1.90953318430923,1.91103084801789
0.925,0.825,0.9,1.91160478978223,1.91377835000598
0.925,0.825,0.925,1.9135551013518,1.91631738128013
0.925,0.825,0.95,1.91537216542301,1.91868461472091
0.925,0.825,0.975,1.91707606538192,1.92089000922471
0.925,0.825,1,1.91867244981138,1.92295796725086
0.925,0.85,0.6,1.87616708403265,1.86263960947435
0.925,0.85,0.625,1.88098140223162,1.86954472669837
0.925,0.85,0.65,1.88538375889747,1.8758379066145
0.925,0.85,0.675,1.88947511375019,1.88161000220407
0.925,0.85,0.7,1.89321092000496,1.88684937815616
0.925,0.85,0.725,1.89666329572159,1.89165553335581
0.925,0.85,0.75,1.89985539813332,1.8960604672272
0.925,0.85,0.775,1.90280995071191,1.90010304235263
0.925,0.85,0.8,1.90558005366499,1.9038517939267
0.925,0.85,0.825,1.90813007373413,1.90728632425345
0.925,0.85,0.85,1.91052465834264,1.91044708219299
0.925,0.85,0.875,1.91271472209883,1.91341499938184
0.925,0.85,0.9,1.91478456463276,1.91615949361692
0.925,0.85,0.925,1.91673287706917,1.91869634160197
0.925,0.85,0.95,1.91854811701232,1.92106175782345
0.925,0.85,0.975,1.92025014101691,1.92326559214791
0.925,0.85,1,1.92184499699837,1.92533170830078
0.925,0.875,0.6,1.87910892128518,1.86491464822157
0.925,0.875,0.625,1.88392497581339,1.87181880734139
0.925,0.875,0.65,1.88832453740923,1.8781183862724
0.925,0.875,0.675,1.89241845726721,1.88386606374492
0.925,0.875,0.7,1.89615152953895,1.88910988980982
0.925,0.875,0.725,1.89960182644911,1.89391446000794
0.925,0.875,0.75,1.90279094557109,1.89831779359281
0.925,0.875,0.775,1.9057424738923,1.90236369823443
0.925,0.875,0.8,1.90851333909507,1.906095670887
0.925,0.875,0.825,1.91106034524677,1.90953280312953
0.925,0.875,0.85,1.91343378194614,1.91271154485515
0.925,0.875,0.875,1.91561786867168,1.91568175777689
0.925,0.875,0.9,1.91770819665364,1.91839921113486
0.925,0.875,0.925,1.91965730939176,1.92092945966475
0.925,0.875,0.95,1.92146982685697,1.92329446586873
0.925,0.875,0.975,1.92317083744158,1.9254985579199
0.925,0.875,1,1.92476423971673,1.92756247101135
0.925,0.9,0.6,1.88186534914121,1.86700852601966
0.925,0.9,0.625,1.88668019461781,1.87391155527862
0.925,0.9,0.65,1.89107768489286,1.88020989652607
0.925,0.9,0.675,1.89516904896998,1.88595433895454
0.925,0.9,0.7,1.89890007422275,1.8911962127656
0.925,0.9,0.725,1.9023482392495,1.89599884430628
0.925,0.9,0.75,1.9055355924625,1.90039999390847
0.925,0.9,0.775,1.90848478868543,1.90444423916754
0.925,0.9,0.8,1.91125311372209,1.90817317010367
0.925,0.9,0.825,1.9137980067147,1.9116085453173
0.925,0.9,0.85,1.91616903052102,1.91478602635166
0.925,0.9,0.875,1.91837895488575,1.91772696343967
0.925,0.9,0.9,1.92042311286942,1.92048643139298
0.925,0.9,0.925,1.92238714037955,1.92299798696542
0.925,0.9,0.95,1.92419847716979,1.92536087017052
0.925,0.9,0.975,1.92589781113891,1.92756340218325
0.925,0.9,1,1.92748983678083,1.92962569615961
0.925,0.925,0.6,1.88444814591134,1.8689580504686
0.925,0.925,0.625,1.88926343607148,1.87586330785454
0.925,0.925,0.65,1.8936621176025,1.88216538307175
0.925,0.925,0.675,1.89773056042846,1.88789967183358
0.925,0.925,0.7,1.90146551866022,1.89314219249297
0.925,0.925,0.725,1.90491129061185,1.89794588679728
0.925,0.925,0.75,1.90810196211935,1.90234450273546
0.925,0.925,0.775,1.91105126211698,1.9063909905503
0.925,0.925,0.8,1.91380272964687,1.91011091772655
0.925,0.925,0.825,1.91634976808179,1.91354659972951
0.925,0.925,0.85,1.91871871891326,1.91672458862759
0.925,0.925,0.875,1.92093063636374,1.91966368892528
0.925,0.925,0.9,1.92299163697962,1.92239858328885
0.925,0.925,0.925,1.92495775009792,1.92489729670457
0.925,0.925,0.95,1.92673733095928,1.92729058985451
0.925,0.925,0.975,1.92843654843917,1.92949313258874
0.925,0.925,1,1.93002897869474,1.93155333375836
0.925,0.95,0.6,1.88682684600015,1.87076900956654
0.925,0.95,0.625,1.89163661092525,1.87767034439767
0.925,0.95,0.65,1.89603107371738,1.88395859937014
0.925,0.95,0.675,1.90011341249493,1.88971792343003
0.925,0.95,0.7,1.90384126283561,1.89494985748347
0.925,0.95,0.725,1.90728543796259,1.89974857129253
0.925,0.95,0.75,1.91047048861725,1.90414491151692
0.925,0.95,0.775,1.91341609039862,1.90818114258541
0.925,0.95,0.8,1.9161770779745,1.91191784419171
0.925,0.95,0.825,1.91871869240225,1.91534593039104
0.925,0.95,0.85,1.92108609671533,1.91851983814839
0.925,0.95,0.875,1.92329323479901,1.92145721137451
0.925,0.95,0.9,1.92535478276172,1.92419367557791
0.925,0.95,0.925,1.92729646805466,1.9267231856351
0.925,0.95,0.95,1.92912210075662,1.92906550309781
0.925,0.95,0.975,1.93079794747084,1.93128385139342
0.925,0.95,1,1.93238786149611,1.93334258469808
0.925,0.975,0.6,1.88905460634514,1.87250967870473
0.925,0.975,0.625,1.89386746152083,1.87941155970571
0.925,0.975,0.65,1.89826180907364,1.88570763979288
0.925,0.975,0.675,1.90232840582316,1.89144179486292
0.925,0.975,0.7,1.90605893413061,1.89667808331409
0.925,0.975,0.725,1.909500717173,1.90147768137901
0.925,0.975,0.75,1.91268687507662,1.90587292486645
0.925,0.975,0.775,1.91563194633685,1.90991384130179
0.925,0.975,0.8,1.91838094033961,1.91363277215826
0.925,0.975,0.825,1.92092409824648,1.91706329584804
0.925,0.975,0.85,1.9232895030799,1.9202377899655
0.925,0.975,0.875,1.92549743969534,1.92317420174123
0.925,0.975,0.9,1.92755425235735,1.92590684758379
0.925,0.975,0.925,1.92949056075383,1.92843092516915
0.925,0.975,0.95,1.93129902036175,1.93078932945549
0.925,0.975,0.975,1.93301665039362,1.93296650871396
0.925,0.975,1,1.93458044592227,1.93504983229866
0.925,1,0.6,1.89113330398361,1.87411644564412
0.925,1,0.625,1.89594355632861,1.88101891193613
0.925,1,0.65,1.90033562969717,1.8873148527821
0.925,1,0.675,1.90440015284929,1.89304544698899
0.925,1,0.7,1.90812827655411,1.89828078947353
0.925,1,0.725,1.91156819440844,1.90307926673979
0.925,1,0.75,1.91475379185418,1.90747184730593
0.925,1,0.775,1.91769653231852,1.91151264343652
0.925,1,0.8,1.92044381661346,1.91522738067209
0.925,1,0.825,1.92298477208481,1.91865722201974
0.925,1,0.85,1.92534854742765,1.92183090894649
0.925,1,0.875,1.92755597753783,1.9247652397346
0.925,1,0.9,1.92961172676222,1.92749495807107
0.925,1,0.925,1.93154566471297,1.93001820855811
0.925,1,0.95,1.93335224017233,1.93237597943256
0.925,1,0.975,1.93504626162991,1.93457459898923
0.925,1,1,1.93665571290377,1.93660992720009
0.925,1.025,0.6,1.893052874185,1.87565126892396
0.925,1.025,0.625,1.89786090698163,1.88254729182567
0.925,1.025,0.65,1.90224860770976,1.88883877474063
0.925,1.025,0.675,1.90632974574713,1.89456816218191
0.925,1.025,0.7,1.9100512042039,1.89980096894144
0.925,1.025,0.725,1.91348992417004,1.90459431806472
0.925,1.025,0.75,1.91666884745282,1.90898581462204
0.925,1.025,0.775,1.91960805292016,1.91302224892092
0.925,1.025,0.8,1.92236665739575,1.91673778477471
0.925,1.025,0.825,1.9249027291649,1.92016501453929
0.925,1.025,0.85,1.92726534374752,1.92333478991009
0.925,1.025,0.875,1.92946751343454,1.92626833089282
0.925,1.025,0.9,1.93152358515149,1.92899858527866
0.925,1.025,0.925,1.93346254452042,1.93151941971637
0.925,1.025,0.95,1.93526630180713,1.93387577104386
0.925,1.025,0.975,1.93695801017498,1.93607222095265
0.925,1.025,1,1.93854421917513,1.93812753985439
0.925,1.05,0.6,1.89489292054215,1.87707274804615
0.925,1.05,0.625,1.89970044129198,1.88397073297166
0.925,1.05,0.65,1.90408934358294,1.89026394090375
0.925,1.05,0.675,1.90815008123131,1.89598800544073
0.925,1.05,0.7,1.91187493410378,1.90122031872298
0.925,1.05,0.725,1.91531129697208,1.90601451249432
0.925,1.05,0.75,1.91849311883497,1.91040365307554
0.925,1.05,0.775,1.9214327523681,1.91444127039745
0.925,1.05,0.8,1.92417654125142,1.91815132700921
0.925,1.05,0.825,1.92671464171503,1.92157826747095
0.925,1.05,0.85,1.92907542670888,1.92474844654972
0.925,1.05,0.875,1.93127973451919,1.92768001102616
0.925,1.05,0.9,1.93333246453253,1.93040736686503
0.925,1.05,0.925,1.93526400160139,1.9329272371438
0.925,1.05,0.95,1.93706789677288,1.93528243352108
0.925,1.05,0.975,1.93875920134368,1.93747920826981
0.925,1.05,1,1.9403453822486,1.93953314660371
0.925,1.075,0.6,1.89659133662898,1.87840226193702
0.925,1.075,0.625,1.901394430705,1.88529714227681
0.925,1.075,0.65,1.9057799487168,1.89157891292727
0.925,1.075,0.675,1.90985152735415,1.89732360436052
0.925,1.075,0.7,1.91357085031399,1.90254714144141
0.925,1.075,0.725,1.91700609857113,1.90733744417175
0.925,1.075,0.75,1.92018327147944,1.91172465090023
0.925,1.075,0.775,1.92312002150948,1.91575394984219
0.925,1.075,0.8,1.92587145375389,1.91947782358257
0.925,1.075,0.825,1.92840537458203,1.92289856481583
0.925,1.075,0.85,1.93076516635633,1.92606554479075
0.925,1.075,0.875,1.93296577125013,1.92899555140275
0.925,1.075,0.9,1.93501941221587,1.93172370039309
0.925,1.075,0.925,1.9369533861298,1.9342466328953
0.925,1.075,0.95,1.9387554941286,1.93659975584594
0.925,1.075,0.975,1.94044464150724,1.93879277986806
0.925,1.075,1,1.9420285974655,1.94084591467971
0.925,1.1,0.6,1.89820066944594,1.87969204731608
0.925,1.1,0.625,1.90300565009485,1.88658656277135
0.925,1.1,0.65,1.90739081122036,1.89287475397226
0.925,1.1,0.675,1.91144962737458,1.89859774751102
0.925,1.1,0.7,1.91517084370454,1.90382506603185
0.925,1.1,0.725,1.9186039048791,1.90861574945047
0.925,1.1,0.75,1.92178206526503,1.91300204157593
0.925,1.1,0.775,1.92471837488821,1.91703526707466
0.925,1.1,0.8,1.92746009748449,1.92074407902354
0.925,1.1,0.825,1.92999520983859,1.92416700001299
0.925,1.1,0.85,1.93235326294709,1.92733429499842
0.925,1.1,0.875,1.93455459860197,1.93026356555592
0.925,1.1,0.9,1.93660460201622,1.93298863282927
0.925,1.1,0.925,1.93853449618313,1.93550649040211
0.925,1.1,0.95,1.94033605270111,1.93785936565612
0.925,1.1,0.975,1.94202501554311,1.94005322125504
0.925,1.1,1,1.94360853073935,1.9421055965473
0.925,1.125,0.6,1.89970923068318,1.88088520411896
0.925,1.125,0.625,1.90451194468317,1.88778007707335
0.925,1.125,0.65,1.90889523990814,1.89406760305413
0.925,1.125,0.675,1.91295219479713,1.89978853231476
0.925,1.125,0.7,1.91667150273518,1.90501469240306
0.925,1.125,0.725,1.92010306338733,1.90980445711324
0.925,1.125,0.75,1.92328067635454,1.91418859858276
0.925,1.125,0.775,1.92621519534673,1.91822144615715
0.925,1.125,0.8,1.92895549333304,1.92192749521879
0.925,1.125,0.825,1.93148892680151,1.92534966468225
0.925,1.125,0.85,1.93384573428901,1.92851631787874
0.925,1.125,0.875,1.93604664628266,1.93144392602017
0.925,1.125,0.9,1.93809585818896,1.93416667585012
0.925,1.125,0.925,1.94002401644966,1.93668398863687
0.925,1.125,0.95,1.94182452671441,1.9390359687317
0.925,1.125,0.975,1.94351213278163,1.94122944100435
0.925,1.125,1,1.94509546217712,1.94328016744835
0.925,1.15,0.6,1.9011074699471,1.88203677686799
0.925,1.15,0.625,1.90590844723252,1.88892606128927
0.925,1.15,0.65,1.91028786458982,1.89521060464892
0.925,1.15,0.675,1.91435884549602,1.90092844432453
0.925,1.15,0.7,1.91807259973921,1.90615317331281
0.925,1.15,0.725,1.92150329773236,1.91093872385808
0.925,1.15,0.75,1.92467542804888,1.91532200277357
0.925,1.15,0.775,1.92760691864243,1.9193518006499
0.925,1.15,0.8,1.93035689965751,1.92305722297664
0.925,1.15,0.825,1.93288630556272,1.92647771813393
0.925,1.15,0.85,1.93524230830924,1.92964122336018
0.925,1.15,0.875,1.93743898772031,1.93256823318118
0.925,1.15,0.9,1.93948852167803,1.93529135705357
0.925,1.15,0.925,1.94142104445343,1.93780625102251
0.925,1.15,0.95,1.9432193680323,1.94015709882537
0.925,1.15,0.975,1.94490542374211,1.94234874282874
0.925,1.15,1,1.94648646323244,1.94439927783524
0.925,1.175,0.6,1.90246340809668,1.88310356069398
0.925,1.175,0.625,1.90726358686435,1.88999432381439
0.925,1.175,0.65,1.91164410126945,1.89627939865511
0.925,1.175,0.675,1.91569785979915,1.9019946624552
0.925,1.175,0.7,1.91941444882107,1.9072182996652
0.925,1.175,0.725,1.92284309068897,1.91200446837053
0.925,1.175,0.75,1.92601769363575,1.91638576798532
0.925,1.175,0.775,1.92894972208548,1.92041604462564
0.925,1.175,0.8,1.93168723768897,1.92411819738339
0.925,1.175,0.825,1.93421842563508,1.9275380672358
0.925,1.175,0.85,1.93657287830225,1.93070187520642
0.925,1.175,0.875,1.93877138139678,1.9336272646586
0.925,1.175,0.9,1.9408182676497,1.93634812852261
0.925,1.175,0.925,1.94274459586305,1.93886264587375
0.925,1.175,0.95,1.94454315239457,1.94121248693396
0.925,1.175,0.975,1.94622902159314,1.94340417434893
0.925,1.175,1,1.94781028986218,1.94545336006627
0.925,1.2,0.6,1.90371574987791,1.88410748612154
0.925,1.2,0.625,1.9085123920278,1.89099583987373
0.925,1.2,0.65,1.91289018594362,1.89727132120908
0.925,1.2,0.675,1.91695294981583,1.90300405177729
0.925,1.2,0.7,1.9206651318456,1.90822030110902
0.925,1.2,0.725,1.92409304666298,1.91300341379844
0.925,1.2,0.75,1.92726367384565,1.91738308716261
0.925,1.2,0.775,1.93019340394855,1.92140649920686
0.925,1.2,0.8,1.93293742427805,1.92512033576711
0.925,1.2,0.825,1.9354652773244,1.92853506352816
0.925,1.2,0.85,1.93781910351189,1.93169636391754
0.925,1.2,0.875,1.94001452952923,1.93462045197734
0.925,1.2,0.9,1.94206223846149,1.93734195800539
0.925,1.2,0.925,1.94399078099906,1.93985921852877
0.925,1.2,0.95,1.94578789640009,1.94220739638635
0.925,1.2,0.975,1.94747214738474,1.94439598379921
0.925,1.2,1,1.949051812996,1.9464444043857
0.925,1.225,0.6,1.90491604093088,1.88508970246272
0.925,1.225,0.625,1.90971390914432,1.89197723130123
0.925,1.225,0.65,1.91409130395167,1.89825819149722
0.925,1.225,0.675,1.91814332053127,1.90397197128836
0.925,1.225,0.7,1.92185696462802,1.90919162580627
0.925,1.225,0.725,1.92528291569454,1.91397484018324
0.925,1.225,0.75,1.92845457144511,1.91835377626348
0.925,1.225,0.775,1.93138397622303,1.92238058301006
0.925,1.225,0.8,1.93411979953972,1.92608144563661
0.925,1.225,0.825,1.93664865346862,1.92949817607383
0.925,1.225,0.85,1.93900095375536,1.93265964059315
0.925,1.225,0.875,1.94119712524633,1.93558318645923
0.925,1.225,0.9,1.94324189477582,1.93830222746603
0.925,1.225,0.925,1.94516694162778,1.94081502031541
0.925,1.225,0.95,1.94696370044016,1.94316300558719
0.925,1.225,0.975,1.94864782145038,1.94535239446339
0.925,1.225,1,1.95022712910447,1.94740025248512
0.925,1.25,0.6,1.90603448647424,1.88599240983955
0.925,1.25,0.625,1.91083046575093,1.89288110223271
0.925,1.25,0.65,1.91520561326777,1.89915927842848
0.925,1.25,0.675,1.91926049953542,1.90487748236972
0.925,1.25,0.7,1.92297148517348,1.91009419659272
0.925,1.25,0.725,1.92639702089133,1.9148770032654
0.925,1.25,0.75,1.92956735056972,1.91925417610294
0.925,1.25,0.775,1.93249469874258,1.92327929977831
0.925,1.25,0.8,1.93523279739518,1.92698180942651
0.925,1.25,0.825,1.93775941041504,1.93039670272368
0.925,1.25,0.85,1.94011132576617,1.9335578280961
0.925,1.25,0.875,1.942306582498,1.93647997594187
0.925,1.25,0.9,1.94435134178676,1.9391972954277
0.925,1.25,0.925,1.9462764912841,1.94171118531703
0.925,1.25,0.95,1.94807232910621,1.94405837553686
0.925,1.25,0.975,1.94975497442686,1.94624683371714
0.925,1.25,1,1.95133424216458,1.9482933149352
0.925,1.275,0.6,1.90709282258993,1.88688556601184
0.925,1.275,0.625,1.91188745010097,1.89376853036437
0.925,1.275,0.65,1.91625992527325,1.90004667599014
0.925,1.275,0.675,1.92032252306829,1.90575522720202
0.925,1.275,0.7,1.92402995954079,1.91097301541656
0.925,1.275,0.725,1.92745411631763,1.91575200380345
0.925,1.275,0.75,1.93062066450546,1.92012852707709
0.925,1.275,0.775,1.93354606691277,1.9241527273952
0.925,1.275,0.8,1.93628921340275,1.92785029279901
0.925,1.275,0.825,1.93881338092964,1.93126525627859
0.925,1.275,0.85,1.94116416670565,1.93442365966384
0.925,1.275,0.875,1.94335646789418,1.93734543831052
0.925,1.275,0.9,1.94540110648863,1.94006308510694
0.925,1.275,0.925,1.94732849922574,1.94257311537242
0.925,1.275,0.95,1.94912265523339,1.94491953323584
0.925,1.275,0.975,1.95080447571271,1.94710722786975
0.925,1.275,1,1.95238184505908,1.94915362801415
0.925,1.3,0.6,1.90812078087423,1.88770580574933
0.925,1.3,0.625,1.91291452311506,1.89458997743747
0.925,1.3,0.65,1.91728805565615,1.90086792759243
0.925,1.3,0.675,1.92133582224468,1.90657578524233
0.925,1.3,0.7,1.92504572172879,1.91179215994042
0.925,1.3,0.725,1.92846809652568,1.91657163799555
0.925,1.3,0.75,1.93163685607804,1.92094649112804
0.925,1.3,0.775,1.93456287326132,1.92497072655784
0.925,1.3,0.8,1.93729529808896,1.92866654557846
0.925,1.3,0.825,1.93982107307719,1.93208069927416
0.925,1.3,0.85,1.94217053762012,1.93523934699384
0.925,1.3,0.875,1.94436446286516,1.93815977950443
0.925,1.3,0.9,1.94640679059013,1.94087548158086
0.925,1.3,0.925,1.94832903628499,1.94338570790375
0.925,1.3,0.95,1.95012347905527,1.94573126218282
0.925,1.3,0.975,1.9518052160406,1.94791886503927
0.925,1.3,1,1.95338279045644,1.94996417540782
0.925,1.325,0.6,1.9090690702423,1.88848183363623
0.925,1.325,0.625,1.91385996721418,1.89536416982035
0.925,1.325,0.65,1.91823128245302,1.90163396844238
0.925,1.325,0.675,1.92228690939166,1.90735694374508
0.925,1.325,0.7,1.9259932042805,1.91256700863253
0.925,1.325,0.725,1.92941515013592,1.91734406897759
0.925,1.325,0.75,1.93258040060183,1.92171755165881
0.925,1.325,0.775,1.93550454021228,1.92573602732896
0.925,1.325,0.8,1.93824276038679,1.92944193034609
0.925,1.325,0.825,1.94076579219741,1.9328517445069
0.925,1.325,0.85,1.94311489623563,1.93600840239882
0.925,1.325,0.875,1.94530616743268,1.93892773959523
0.925,1.325,0.9,1.94734926901629,1.94164398172541
0.925,1.325,0.925,1.94927361316542,1.9441567085954
0.925,1.325,0.95,1.95106684075309,1.94650091707558
0.925,1.325,0.975,1.95274731689247,1.9486859341118
0.925,1.325,1,1.9543236457754,1.95073058672295
0.925,1.35,0.6,1.90998851468424,1.88924727790327
0.925,1.35,0.625,1.9147802507434,1.89612854276273
0.925,1.35,0.65,1.91915120200794,1.90240313565157
0.925,1.35,0.675,1.92319745802663,1.908109344238
0.925,1.35,0.7,1.92690496902336,1.91332253471746
0.925,1.35,0.725,1.93032514874677,1.91809953267725
0.925,1.35,0.75,1.93349152944042,1.92247242853773
0.925,1.35,0.775,1.93641545461,1.92649390178732
0.925,1.35,0.8,1.93914649667292,1.93018846056673
0.925,1.35,0.825,1.94167042546501,1.93360013836038
0.925,1.35,0.85,1.94401817330479,1.93675686843725
0.925,1.35,0.875,1.9462102476111,1.93967581098142
0.925,1.35,0.9,1.94825090287633,1.94239005242211
0.925,1.35,0.925,1.95017213229055,1.94489880271675
0.925,1.35,0.95,1.95196515773567,1.94724287110029
0.925,1.35,0.975,1.95364554084506,1.94942866420144
0.925,1.35,1,1.95522158015085,1.95147291444164
0.925,1.375,0.6,1.91084867407424,1.88994789203605
0.925,1.375,0.625,1.91563769430453,1.89682740343352
0.925,1.375,0.65,1.92000719875203,1.90309594082477
0.925,1.375,0.675,1.9240587330614,1.90881307994139
0.925,1.375,0.7,1.92776350614097,1.91402154964113
0.925,1.375,0.725,1.93118323077934,1.91879636938282
0.925,1.375,0.75,1.93434673928614,1.92316784040165
0.925,1.375,0.775,1.9372693809798,1.92718501087498
0.925,1.375,0.8,1.94000434591562,1.93088683529064
0.925,1.375,0.825,1.94252605650782,1.93429506250087
0.925,1.375,0.85,1.94487355296939,1.93745023879716
0.925,1.375,0.875,1.94706341696149,1.94036809516228
0.925,1.375,0.9,1.94910469342188,1.94308266508199
0.925,1.375,0.925,1.95102724595226,1.94559315671914
0.925,1.375,0.95,1.95281930548932,1.94793590797477
0.925,1.375,0.975,1.95449862471863,1.95011979231048
0.925,1.375,1,1.95607363085871,1.95216357383549
0.925,1.4,0.6,1.91165965984166,1.8906534673138
0.925,1.4,0.625,1.91644849723173,1.89753034782799
0.925,1.4,0.65,1.92081522131067,1.90380281147316
0.925,1.4,0.675,1.92487092225329,1.90950386494298
0.925,1.4,0.7,1.92857319721777,1.91471575443353
0.925,1.4,0.725,1.93199202369953,1.91948924746187
0.925,1.4,0.75,1.93515400390127,1.92386020537528
0.925,1.4,0.775,1.93807455903286,1.92787970298143
0.925,1.4,0.8,1.94081223210609,1.93157108767841
0.925,1.4,0.825,1.94333224075161,1.93498149226926
0.925,1.4,0.85,1.94567886729231,1.93813572284755
0.925,1.4,0.875,1.94786765293143,1.94105327535359
0.925,1.4,0.9,1.94990827983033,1.94376638565014
0.925,1.4,0.925,1.95183178932355,1.94627270337944
0.925,1.4,0.95,1.95362272177098,1.94861557778414
0.925,1.4,0.975,1.95530119153746,1.95080004415932
0.925,1.4,1,1.95687566176662,1.95284314085232
0.925,1.425,0.6,1.91245746224135,1.89129676278061
0.925,1.425,0.625,1.91724570601732,1.89817511207341
0.925,1.425,0.65,1.92161346600065,1.90444692532524
0.925,1.425,0.675,1.9256561789169,1.91014858324258
0.925,1.425,0.7,1.92936064839464,1.91535889094538
0.925,1.425,0.725,1.93277792592553,1.92013279533058
0.925,1.425,0.75,1.9359419392697,1.92450233232611
0.925,1.425,0.775,1.93886315689576,1.92852157891428
0.925,1.425,0.8,1.94159144108551,1.93221227958848
0.925,1.425,0.825,1.94411292230206,1.93562177576121
0.925,1.425,0.85,1.94645841200603,1.9387762138568
0.925,1.425,0.875,1.94864868308866,1.94169263206407
0.925,1.425,0.9,1.95068740108706,1.94440418771213
0.925,1.425,0.925,1.95260639879244,1.94691095007513
0.925,1.425,0.95,1.95439760200457,1.94925305248456
0.925,1.425,0.975,1.95607610993986,1.95143736775409
0.925,1.425,1,1.95765077767525,1.95347956954734
0.925,1.45,0.6,1.91319161793449,1.8919086695213
0.925,1.45,0.625,1.91797754877139,1.89878562497642
0.925,1.45,0.65,1.92234346727675,1.905050413435
0.925,1.45,0.675,1.92639331039416,1.91076537619741
0.925,1.45,0.7,1.93009475545545,1.91597021541162
0.925,1.45,0.725,1.93351199692446,1.92074244857162
0.925,1.45,0.75,1.93667265735777,1.92511055971509
0.925,1.45,0.775,1.93959230235777,1.92912489729902
0.925,1.45,0.8,1.94232593310112,1.93282444481498
0.925,1.45,0.825,1.94484509398813,1.93623021904517
0.925,1.45,0.85,1.94719053871671,1.9393832228355
0.925,1.45,0.875,1.94937832535117,1.9422985439495
0.925,1.45,0.9,1.95141779034857,1.94501056466037
0.925,1.45,0.925,1.95333883631372,1.94751962899841
0.925,1.45,0.95,1.95512898088472,1.94986062536605
0.925,1.45,0.975,1.95680648674206,1.95204274840814
0.925,1.45,1,1.95838015337214,1.95408438163988
0.925,1.475,0.6,1.91391206084183,1.89251695785795
0.925,1.475,0.625,1.91869866221149,1.89939415001079
0.925,1.475,0.65,1.92306436232842,1.90566441275537
0.925,1.475,0.675,1.9271056303174,1.9113617670553
0.925,1.475,0.7,1.93080816950699,1.9165706021107
0.925,1.475,0.725,1.9342236806149,1.92134230557809
0.925,1.475,0.75,1.93738574280105,1.92571013742231
0.925,1.475,0.775,1.94030531916679,1.92972793857508
0.925,1.475,0.8,1.94303237771345,1.93341576545579
0.925,1.475,0.825,1.94555238649482,1.93682399999139
0.925,1.475,0.85,1.94789651777909,1.93997679008382
0.925,1.475,0.875,1.95008529079088,1.94289194616034
0.925,1.475,0.9,1.9521226413741,1.94560171768055
0.925,1.475,0.925,1.95404082146233,1.94810720634841
0.925,1.475,0.95,1.95583088983363,1.95044810533855
0.925,1.475,0.975,1.95750834061931,1.95263143007854
0.925,1.475,1,1.95908180671159,1.95467274093066
0.925,1.5,0.6,1.9145835006768,1.89307330341443
0.925,1.5,0.625,1.91936782813603,1.89994777693573
0.925,1.5,0.65,1.92373225211417,1.9062114961858
0.925,1.5,0.675,1.9277785770581,1.91192142977297
0.925,1.5,0.7,1.93147879763456,1.91712498146739
0.925,1.5,0.725,1.93489403638717,1.92189505374219
0.925,1.5,0.75,1.93805352851423,1.92626175529665
0.925,1.5,0.775,1.94097198252999,1.93027503228832
0.925,1.5,0.8,1.94370283927722,1.93397112676802
0.925,1.5,0.825,1.94622106578442,1.93737580045099
0.925,1.5,0.85,1.94856497665877,1.94052723675996
0.925,1.5,0.875,1.95075180842995,1.94344151417628
0.925,1.5,0.9,1.95278979419374,1.94615217470358
0.925,1.5,0.925,1.95470932409118,1.94865935959906
0.925,1.5,0.95,1.95649855923593,1.95099917106391
0.925,1.5,0.975,1.95817514927396,1.95318038729668
0.925,1.5,1,1.95974777015173,1.95522131959748
0.95,0.75,0.6,1.85375307276865,1.84339760441143
0.95,0.75,0.625,1.85871066109204,1.8505896688546
0.95,0.75,0.65,1.86327462017604,1.857133080041
0.95,0.75,0.675,1.86745080580104,1.86312210991985
0.95,0.75,0.7,1.87134753451382,1.8685802650207
0.95,0.75,0.725,1.87490503307749,1.87355846445948
0.95,0.75,0.75,1.8782623384908,1.87814336382738
0.95,0.75,0.775,1.88129826172987,1.88240408943801
0.95,0.75,0.8,1.88415771249203,1.88632059033625
0.95,0.75,0.825,1.88683324882064,1.88991707698575
0.95,0.75,0.85,1.88929204552749,1.89322381539034
0.95,0.75,0.875,1.89161224587302,1.89632219761752
0.95,0.75,0.9,1.89376539200573,1.89918540199483
0.95,0.75,0.925,1.89578625888879,1.90186337530515
0.95,0.75,0.95,1.89769247900171,1.90434171785965
0.95,0.75,0.975,1.89947086369173,1.90665580285415
0.95,0.75,1,1.90114172532762,1.90881497784364
0.95,0.775,0.6,1.85796591535672,1.84655382150694
0.95,0.775,0.625,1.86292778976278,1.85372920745018
0.95,0.775,0.65,1.86749187256839,1.86026743146637
0.95,0.775,0.675,1.87166248211742,1.86625539280534
0.95,0.775,0.7,1.87556265183467,1.87170195028392
0.95,0.775,0.725,1.87911590196104,1.87669813959291
0.95,0.775,0.75,1.8824458054663,1.88129753457866
0.95,0.775,0.775,1.88547062398465,1.88556473890618
0.95,0.775,0.8,1.88836229993281,1.88943917186388
0.95,0.775,0.825,1.89103951678211,1.89302613826339
0.95,0.775,0.85,1.89349482833646,1.89634418405563
0.95,0.775,0.875,1.89581431775636,1.89943253324757
0.95,0.775,0.9,1.89796498066073,1.90229403731741
0.95,0.775,0.925,1.89998253106158,1.90496703043064
0.95,0.775,0.95,1.90188897497506,1.90743869718714
0.95,0.775,0.975,1.90366374330384,1.90975273051325
0.95,0.775,1,1.90533346716863,1.91191240413233
0.95,0.8,0.6,1.86188365488656,1.84943381782304
0.95,0.8,0.625,1.86684497925024,1.8566082526569
0.95,0.8,0.65,1.87140807570895,1.86314506964123
0.95,0.8,0.675,1.87557767283824,1.86913168913782
0.95,0.8,0.7,1.87947552749503,1.87457618284438
0.95,0.8,0.725,1.88302727852655,1.87957192330009
0.95,0.8,0.75,1.88635387414562,1.88416896808137
0.95,0.8,0.775,1.88941924805102,1.88839174554851
0.95,0.8,0.8,1.89223967075827,1.89233181051841
0.95,0.8,0.825,1.89494070546483,1.89588968937574
0.95,0.8,0.85,1.89739488717558,1.89920598716709
0.95,0.8,0.875,1.899711885821,1.9022912968665
0.95,0.8,0.9,1.90186100403036,1.9051505297958
0.95,0.8,0.925,1.90387611242115,1.90782093918102
0.95,0.8,0.95,1.90578017452134,1.91029037756211
0.95,0.8,0.975,1.90755297823127,1.91260242105702
0.95,0.8,1,1.90922041270062,1.91476044320272
0.95,0.825,0.6,1.8655375332688,1.85211263556354
0.95,0.825,0.625,1.87047911685324,1.85928004527541
0.95,0.825,0.65,1.87503869743533,1.86581270826986
0.95,0.825,0.675,1.87921210722671,1.87179863335209
0.95,0.825,0.7,1.88309246557033,1.87723816271964
0.95,0.825,0.725,1.8866633945091,1.8822462880464
0.95,0.825,0.75,1.88997386187616,1.88683560963313
0.95,0.825,0.775,1.89304362098658,1.89105626963587
0.95,0.825,0.8,1.89588967359913,1.89495903728032
0.95,0.825,0.825,1.89859083773666,1.89849874192106
0.95,0.825,0.85,1.90101151043317,1.90187068903223
0.95,0.825,0.875,1.9033169223981,1.90494844182822
0.95,0.825,0.9,1.90546976596681,1.90780488751261
0.95,0.825,0.925,1.9074797475866,1.91047067064196
0.95,0.825,0.95,1.9093733945128,1.91293651132443
0.95,0.825,0.975,1.91114648804725,1.91524693875795
0.95,0.825,1,1.91281305636207,1.91740636825204
0.95,0.85,0.6,1.86888130775946,1.85460614624435
0.95,0.85,0.625,1.87382285470791,1.86177290018815
0.95,0.85,0.65,1.87838117591201,1.86830407561498
0.95,0.85,0.675,1.88255291186243,1.87428826171936
0.95,0.85,0.7,1.88643185322945,1.87972608127362
0.95,0.85,0.725,1.889999907367,1.88473222973616
0.95,0.85,0.75,1.89330854431242,1.88931924867575
0.95,0.85,0.775,1.8963759797524,1.89353790881002
0.95,0.85,0.8,1.8992189560204,1.8974388809608
0.95,0.85,0.825,1.90187837727961,1.90101640174841
0.95,0.85,0.85,1.90430241100637,1.9043803580579
0.95,0.85,0.875,1.90664019415583,1.90742164827414
0.95,0.85,0.9,1.90879170323873,1.91027548485344
0.95,0.85,0.925,1.9107998165847,1.91293888657857
0.95,0.85,0.95,1.91269186305505,1.91540287567147
0.95,0.85,0.975,1.91446305828246,1.91771144239241
0.95,0.85,1,1.91612755279268,1.91986909624892
0.95,0.875,0.6,1.87196899472978,1.85687816678534
0.95,0.875,0.625,1.87692302643089,1.86406360408613
0.95,0.875,0.65,1.88148149556595,1.870599099299
0.95,0.875,0.675,1.88565071753523,1.87658054441179
0.95,0.875,0.7,1.88953698811242,1.88202810713493
0.95,0.875,0.725,1.89308735765325,1.88700533386111
0.95,0.875,0.75,1.89640358909037,1.89160343260533
0.95,0.875,0.775,1.89946422328881,1.89581982044402
0.95,0.875,0.8,1.90230935467967,1.89972293009202
0.95,0.875,0.825,1.90497284243912,1.90330680080573
0.95,0.875,0.85,1.90742322431917,1.9066095610107
0.95,0.875,0.875,1.90975107368719,1.90967367968055
0.95,0.875,0.9,1.91187294526199,1.9125494437563
0.95,0.875,0.925,1.9138828882196,1.91521397652528
0.95,0.875,0.95,1.9157785656024,1.91768144048718
0.95,0.875,0.975,1.91754739618756,1.91998641345377
0.95,0.875,1,1.91920838499662,1.92213786435419
0.95,0.9,0.6,1.87481907105504,1.85910066286707
0.95,0.9,0.625,1.87977637704997,1.86626925440591
0.95,0.9,0.65,1.88433401416872,1.87279933259779
0.95,0.9,0.675,1.8884980967304,1.8787793732757
0.95,0.9,0.7,1.89238732129915,1.88421500989436
0.95,0.9,0.725,1.89593242684904,1.88920737796843
0.95,0.9,0.75,1.89924933323997,1.89379334956641
0.95,0.9,0.775,1.90230710213404,1.89800830188616
0.95,0.9,0.8,1.90514914561203,1.90190660637401
0.95,0.9,0.825,1.90781370401127,1.90548213434203
0.95,0.9,0.85,1.91025944983418,1.90879527312292
0.95,0.9,0.875,1.91256815247988,1.91186967642852
0.95,0.9,0.9,1.91468413081736,1.91474788184511
0.95,0.9,0.925,1.91671454569606,1.91738561922401
0.95,0.9,0.95,1.91861113532977,1.91984658272687
0.95,0.9,0.975,1.92037719777633,1.9221514218696
0.95,0.9,1,1.92203699994842,1.92430342405589
0.95,0.925,0.6,1.87749601278625,1.86113562391703
0.95,0.925,0.625,1.88245174678232,1.86830252686494
0.95,0.925,0.65,1.88700769244979,1.87483070209236
0.95,0.925,0.675,1.89117019054744,1.88080896870796
0.95,0.925,0.7,1.89505713663074,1.88624247553478
0.95,0.925,0.725,1.89860063290099,1.89123378074679
0.95,0.925,0.75,1.90191518609392,1.8958171407656
0.95,0.925,0.775,1.90497130724478,1.90003003822319
0.95,0.925,0.8,1.90781101898202,1.90392595587957
0.95,0.925,0.825,1.91047328054415,1.90749943355881
0.95,0.925,0.85,1.91291732666322,1.91081157004852
0.95,0.925,0.875,1.91522341333214,1.91388419960399
0.95,0.925,0.9,1.91736532935359,1.91673323862699
0.95,0.925,0.925,1.91934976931973,1.91941300378675
0.95,0.925,0.95,1.92126128331757,1.92185545812975
0.95,0.925,0.975,1.92302626278556,1.92415825998962
0.95,0.925,1,1.92468447563231,1.9263088079739
0.95,0.95,0.6,1.88002016381176,1.86304000251205
0.95,0.95,0.625,1.88495872772327,1.87020236589062
0.95,0.95,0.65,1.88951117483425,1.87672690687922
0.95,0.95,0.675,1.89367601144418,1.88270378134544
0.95,0.95,0.7,1.8975484309258,1.88813431327722
0.95,0.95,0.725,1.90110692926647,1.89313280041301
0.95,0.95,0.75,1.90440817981767,1.89771091789964
0.95,0.95,0.775,1.90746772010603,1.9019214492836
0.95,0.95,0.8,1.91030205684566,1.90581350958711
0.95,0.95,0.825,1.91295327569574,1.9093842888529
0.95,0.95,0.85,1.91540777959938,1.91270195689274
0.95,0.95,0.875,1.91770368307329,1.91577009452361
0.95,0.95,0.9,1.91984767998022,1.91861742057215
0.95,0.95,0.925,1.92184909747316,1.92127268103293
0.95,0.95,0.95,1.92376280171861,1.92370238410375
0.95,0.95,0.975,1.92549610934661,1.92603573175182
0.95,0.95,1,1.92715442935068,1.92818649242386
0.95,0.975,0.6,1.88232950913025,1.86478498282267
0.95,0.975,0.625,1.88727811836845,1.87196370341169
0.95,0.975,0.65,1.89183015757502,1.87849159141088
0.95,0.975,0.675,1.8959927389331,1.88446544407603
0.95,0.975,0.7,1.89987100381877,1.88990500007763
0.95,0.975,0.725,1.90341463319665,1.89487841109895
0.95,0.975,0.75,1.90672232441836,1.89946631840709
0.95,0.975,0.775,1.90977634554292,1.90367463616593
0.95,0.975,0.8,1.91261260768326,1.90756803158461
0.95,0.975,0.825,1.91526779030565,1.91114417755652
0.95,0.975,0.85,1.91771102507131,1.91444363301402
0.95,0.975,0.875,1.92001146087317,1.91751851451745
0.95,0.975,0.9,1.92215073607937,1.92036420734252
0.95,0.975,0.925,1.9241527372272,1.92302116933211
0.95,0.975,0.95,1.92604214739451,1.92548160627668
0.95,0.975,0.975,1.92782136776347,1.92776418086105
0.95,0.975,1,1.92945641682226,1.92993005537944
0.95,1,0.6,1.88451459090685,1.86650238876406
0.95,1,0.625,1.88945264135444,1.87366403906039
0.95,1,0.65,1.89400185072086,1.88018530027559
0.95,1,0.675,1.8981617180061,1.88615977421423
0.95,1,0.7,1.90203250516203,1.89158771164618
0.95,1,0.725,1.90558533521375,1.89657895135237
0.95,1,0.75,1.90888426801099,1.90115450665855
0.95,1,0.775,1.91193941908629,1.90536194534015
0.95,1,0.8,1.91476966076334,1.90925054892655
0.95,1,0.825,1.91741879109,1.91281854059087
0.95,1,0.85,1.91986860363281,1.91613019641331
0.95,1,0.875,1.92216216493812,1.91919612064406
0.95,1,0.9,1.92430227211784,1.92204098746187
0.95,1,0.925,1.92629964121956,1.92469423533103
0.95,1,0.95,1.92818386176427,1.92714928117303
0.95,1,0.975,1.9299462578097,1.9294478406291
0.95,1,1,1.93162347505309,1.93157300571889
0.95,1.025,0.6,1.88654686335458,1.8680782473622
0.95,1.025,0.625,1.891482243489,1.87523884161817
0.95,1.025,0.65,1.89602994180233,1.88175823487642
0.95,1.025,0.675,1.90019040294325,1.88772892737952
0.95,1.025,0.7,1.90405778723015,1.8931563013244
0.95,1.025,0.725,1.90760929884761,1.89814795572649
0.95,1.025,0.75,1.91090559351297,1.90272118610656
0.95,1.025,0.775,1.91396033716678,1.90692603903742
0.95,1.025,0.8,1.91678942962205,1.91081150551354
0.95,1.025,0.825,1.91943570654593,1.9143785409647
0.95,1.025,0.85,1.92188411708801,1.91769121727408
0.95,1.025,0.875,1.92417551769087,1.92075474101619
0.95,1.025,0.9,1.9263152414144,1.92359757597173
0.95,1.025,0.925,1.92831159902001,1.92624806358363
0.95,1.025,0.95,1.93019341442413,1.92870232495277
0.95,1.025,0.975,1.93195397613964,1.93100032502939
0.95,1.025,1,1.93360735998529,1.93314744372563
0.95,1.05,0.6,1.88841855629178,1.86957751820806
0.95,1.05,0.625,1.89336804679896,1.8767343289328
0.95,1.05,0.65,1.89791582627927,1.88325297045108
0.95,1.05,0.675,1.9020700781023,1.88922299922487
0.95,1.05,0.7,1.9059482130571,1.89464540117955
0.95,1.05,0.725,1.90948257992911,1.89963158376672
0.95,1.05,0.75,1.91278818609811,1.90420271289239
0.95,1.05,0.775,1.91583622182983,1.9084066544449
0.95,1.05,0.8,1.91866631902259,1.91229221235418
0.95,1.05,0.825,1.92132004231935,1.91585573776262
0.95,1.05,0.85,1.9237558336619,1.91916286777977
0.95,1.05,0.875,1.92605382430144,1.92222553756194
0.95,1.05,0.9,1.92818823724395,1.92506773814992
0.95,1.05,0.925,1.93018506549135,1.92771880514876
0.95,1.05,0.95,1.93207227992269,1.93017065692552
0.95,1.05,0.975,1.9338300259838,1.93246728793258
0.95,1.05,1,1.93548087684033,1.9346121651989
0.95,1.075,0.6,1.89023542100914,1.87097814279901
0.95,1.075,0.625,1.89516836459471,1.87813310177573
0.95,1.075,0.65,1.89971286534078,1.88464889603092
0.95,1.075,0.675,1.90386910814227,1.89061687615156
0.95,1.075,0.7,1.9077337393098,1.89603845985582
0.95,1.075,0.725,1.91128189467315,1.90102837662925
0.95,1.075,0.75,1.9145750680591,1.90559655099922
0.95,1.075,0.775,1.91762610948137,1.90979821641809
0.95,1.075,0.8,1.9204516722946,1.91368064384616
0.95,1.075,0.825,1.92309533390465,1.91724308602564
0.95,1.075,0.85,1.92554089223353,1.92055346078136
0.95,1.075,0.875,1.92782960441249,1.92361329060242
0.95,1.075,0.9,1.92996625550506,1.92645355553872
0.95,1.075,0.925,1.93195972061447,1.92910182591936
0.95,1.075,0.95,1.93383934198176,1.93155272664376
0.95,1.075,0.975,1.93559733522784,1.93384828045893
0.95,1.075,1,1.93724806899093,1.93599371455556
0.95,1.1,0.6,1.89190095577533,1.87226534457006
0.95,1.1,0.625,1.89684133643857,1.87943374156413
0.95,1.1,0.65,1.90138512830139,1.88595194031803
0.95,1.1,0.675,1.90553928384704,1.89191724591066
0.95,1.1,0.7,1.90940826393584,1.89734652798999
0.95,1.1,0.725,1.91294511102515,1.90231585000807
0.95,1.1,0.75,1.91624324555074,1.90689215399106
0.95,1.1,0.775,1.91928983524045,1.91109192737965
0.95,1.1,0.8,1.92211683660801,1.91497531059013
0.95,1.1,0.825,1.92476355467044,1.91854241162146
0.95,1.1,0.85,1.92720056608819,1.92183798569299
0.95,1.1,0.875,1.9294928843868,1.92490337132796
0.95,1.1,0.9,1.93162593775829,1.92774215130437
0.95,1.1,0.925,1.93362029255472,1.93039125314013
0.95,1.1,0.95,1.93550220941123,1.93284523433673
0.95,1.1,0.975,1.93725856366306,1.93513859075734
0.95,1.1,1,1.93890709200692,1.93727991923914
0.95,1.125,0.6,1.89348541825986,1.87354951023181
0.95,1.125,0.625,1.89842038840105,1.88070667716682
0.95,1.125,0.65,1.90296231908559,1.88722053237937
0.95,1.125,0.675,1.90711496350107,1.89318424467327
0.95,1.125,0.7,1.91097965499029,1.89860507699073
0.95,1.125,0.725,1.91451829743451,1.90358393587986
0.95,1.125,0.75,1.91781169481557,1.9081523833508
0.95,1.125,0.775,1.92085776460776,1.91235033759545
0.95,1.125,0.8,1.92368222047755,1.9162308006058
0.95,1.125,0.825,1.92632538800828,1.91979207415529
0.95,1.125,0.85,1.92876372212337,1.92309415001972
0.95,1.125,0.875,1.93105228814756,1.92615391806488
0.95,1.125,0.9,1.93318494257638,1.9289913679739
0.95,1.125,0.925,1.93517736246504,1.93163818416421
0.95,1.125,0.95,1.93705645779901,1.9340880574459
0.95,1.125,0.975,1.93881130676364,1.93638122961454
0.95,1.125,1,1.94045952528651,1.93852326504967
0.95,1.15,0.6,1.8949761294967,1.87473096014119
0.95,1.15,0.625,1.89990535353158,1.88188377681651
0.95,1.15,0.65,1.90444541003782,1.88839477012407
0.95,1.15,0.675,1.90859773371278,1.89435718740094
0.95,1.15,0.7,1.91245776878985,1.89977595905007
0.95,1.15,0.725,1.91600050695254,1.90475969414488
0.95,1.15,0.75,1.91928936896099,1.90932392513629
0.95,1.15,0.775,1.92233651917868,1.91352081884974
0.95,1.15,0.8,1.92515787320743,1.91739793210751
0.95,1.15,0.825,1.92779744119818,1.92095738604736
0.95,1.15,0.85,1.93023846321865,1.92426340036518
0.95,1.15,0.875,1.93252355434994,1.92731960579662
0.95,1.15,0.9,1.93465704094637,1.93015606969266
0.95,1.15,0.925,1.93664712148468,1.9328000391813
0.95,1.15,0.95,1.93852343618697,1.93524846176276
0.95,1.15,0.975,1.94027820217498,1.93754091589777
0.95,1.15,1,1.94192542286839,1.93968322767744
0.95,1.175,0.6,1.89634734020103,1.87586276077892
0.95,1.175,0.625,1.90128936394197,1.88301078252339
0.95,1.175,0.65,1.90582944044189,1.88952068346636
0.95,1.175,0.675,1.90997638722235,1.89548267130445
0.95,1.175,0.7,1.91384617302855,1.90089626503619
0.95,1.175,0.725,1.91737365106334,1.90587707299589
0.95,1.175,0.75,1.9206711794572,1.91043860283296
0.95,1.175,0.775,1.92371265184299,1.91463489083642
0.95,1.175,0.8,1.92653500142393,1.91851187467664
0.95,1.175,0.825,1.92918142316473,1.92206779127151
0.95,1.175,0.85,1.93161125104982,1.92537041172767
0.95,1.175,0.875,1.93390254533027,1.92842526997819
0.95,1.175,0.9,1.93603162118094,1.93126134527811
0.95,1.175,0.925,1.93802225415014,1.93390563772955
0.95,1.175,0.95,1.93990360259039,1.93635161885719
0.95,1.175,0.975,1.94165614381702,1.93864300098265
0.95,1.175,1,1.943301497434,1.94078338497804
0.95,1.2,0.6,1.89769839383908,1.87692146060741
0.95,1.2,0.625,1.90262544841245,1.88406899600921
0.95,1.2,0.65,1.9071626427332,1.89057666388729
0.95,1.2,0.675,1.91131136431614,1.89653662890024
0.95,1.2,0.7,1.91516915364724,1.90195037040428
0.95,1.2,0.725,1.91870885705862,1.90693287415872
0.95,1.2,0.75,1.92199529205175,1.91149275800789
0.95,1.2,0.775,1.92503939974341,1.91568705208084
0.95,1.2,0.8,1.92785795151514,1.91956159944688
0.95,1.2,0.825,1.93049551630191,1.92311721371888
0.95,1.2,0.85,1.93293409779096,1.92642160280202
0.95,1.2,0.875,1.9352171755532,1.92947469785419
0.95,1.2,0.9,1.93734821755452,1.93230912391938
0.95,1.2,0.925,1.93933607423378,1.93495124183006
0.95,1.2,0.95,1.9412107921557,1.93739685027993
0.95,1.2,0.975,1.94296366795596,1.939687287829
0.95,1.2,1,1.94460916267859,1.94182793900325
0.95,1.225,0.6,1.8989371867953,1.8778965577602
0.95,1.225,0.625,1.90387003865749,1.88505550555928
0.95,1.225,0.65,1.90840648200806,1.89156501715125
0.95,1.225,0.675,1.91255333337557,1.89752265153652
0.95,1.225,0.7,1.91641454639194,1.90294316351155
0.95,1.225,0.725,1.91994545347791,1.90790841518651
0.95,1.225,0.75,1.9232358910174,1.91247525485174
0.95,1.225,0.775,1.92627634006483,1.9166679404396
0.95,1.225,0.8,1.92909604401439,1.92054322158191
0.95,1.225,0.825,1.93173608146187,1.92410299421157
0.95,1.225,0.85,1.93416800013782,1.92739511063842
0.95,1.225,0.875,1.93645403716198,1.93045294787003
0.95,1.225,0.9,1.93858218033939,1.93328612678583
0.95,1.225,0.925,1.94057077874971,1.93592887848367
0.95,1.225,0.95,1.94244738456807,1.93837724894763
0.95,1.225,0.975,1.94419897877694,1.94066588356858
0.95,1.225,1,1.94584286670459,1.94280316292708
0.95,1.25,0.6,1.90010539877903,1.87888882404999
0.95,1.25,0.625,1.90504081798219,1.88603445549212
0.95,1.25,0.65,1.90957638565004,1.89253978521195
0.95,1.25,0.675,1.91372015606155,1.89849671084156
0.95,1.25,0.7,1.91758302031886,1.90390704406972
0.95,1.25,0.725,1.92110931392728,1.90888368301463
0.95,1.25,0.75,1.92440098030409,1.91344174737629
0.95,1.25,0.775,1.92743963975024,1.91763352842763
0.95,1.25,0.8,1.93025791195872,1.92150618812106
0.95,1.25,0.825,1.93289881594636,1.92505915192417
0.95,1.25,0.85,1.93532738366192,1.92835883063686
0.95,1.25,0.875,1.93761408857994,1.93141062475851
0.95,1.25,0.9,1.93974094871652,1.93424319216793
0.95,1.25,0.925,1.94172842357613,1.93688400207386
0.95,1.25,0.95,1.9436055172594,1.93932764887231
0.95,1.25,0.975,1.94535578934241,1.94161658068644
0.95,1.25,1,1.9469986814337,1.94375461459502
0.95,1.275,0.6,1.90124680216982,1.87979032166022
0.95,1.275,0.625,1.9061702209677,1.88693583323174
0.95,1.275,0.65,1.9107035404177,1.89343927788123
0.95,1.275,0.675,1.91484894319202,1.89939441087312
0.95,1.275,0.7,1.91870271876448,1.90480580482329
0.95,1.275,0.725,1.92223825989846,1.90978283429978
0.95,1.275,0.75,1.92552102363433,1.91433959477809
0.95,1.275,0.775,1.92856201464323,1.91852991478565
0.95,1.275,0.8,1.93137719047906,1.92240018174361
0.95,1.275,0.825,1.93401136610357,1.92595345390891
0.95,1.275,0.85,1.93644654047179,1.92925407254233
0.95,1.275,0.875,1.93872664818805,1.93230436869537
0.95,1.275,0.9,1.94085522920887,1.93513569828512
0.95,1.275,0.925,1.94284043663549,1.9377744037988
0.95,1.275,0.95,1.94471248816833,1.94021809295317
0.95,1.275,0.975,1.9464628891494,1.94250600815877
0.95,1.275,1,1.94810574529784,1.94464409302788
0.95,1.3,0.6,1.90227810999984,1.88066522250589
0.95,1.3,0.625,1.90721383779978,1.88780608978671
0.95,1.3,0.65,1.91174722620558,1.89430830285078
0.95,1.3,0.675,1.91588787804528,1.90026322566075
0.95,1.3,0.7,1.91975074254507,1.90566944237515
0.95,1.3,0.725,1.92327222859826,1.91064491625943
0.95,1.3,0.75,1.92656347737465,1.91519904609159
0.95,1.3,0.775,1.9295992939057,1.9193886639016
0.95,1.3,0.8,1.93241572846557,1.92325902566983
0.95,1.3,0.825,1.93505635716386,1.92680882758337
0.95,1.3,0.85,1.93748123303845,1.93010729999355
0.95,1.3,0.875,1.93976745547232,1.93315621049926
0.95,1.3,0.9,1.94189207877637,1.93598712532849
0.95,1.3,0.925,1.9438780730476,1.93862622488427
0.95,1.3,0.95,1.94575488075119,1.94106753318879
0.95,1.3,0.975,1.94750339869293,1.94335467266476
0.95,1.3,1,1.94914462155918,1.94549133555515
0.95,1.325,0.6,1.90331160489581,1.88148476834593
0.95,1.325,0.625,1.90823323308978,1.8886254823943
0.95,1.325,0.65,1.91276409041394,1.8951259711204
0.95,1.325,0.675,1.91690625516803,1.90107724003558
0.95,1.325,0.7,1.92075845912451,1.90648601578016
0.95,1.325,0.725,1.92429130218201,1.91146222749237
0.95,1.325,0.75,1.9275722032346,1.91601525275429
0.95,1.325,0.775,1.93061068778519,1.92020345740652
0.95,1.325,0.8,1.93342349982921,1.92407045008424
0.95,1.325,0.825,1.93605627943698,1.92762161019398
0.95,1.325,0.85,1.93848935533903,1.93092109873187
0.95,1.325,0.875,1.94076795198741,1.93396876509463
0.95,1.325,0.9,1.94289455706351,1.93679847611398
0.95,1.325,0.925,1.94487793043338,1.93943488947008
0.95,1.325,0.95,1.946748877608,1.94187699524548
0.95,1.325,0.975,1.94849778365242,1.94416331927293
0.95,1.325,1,1.95013925992353,1.94630010366867
0.95,1.35,0.6,1.90425696139102,1.88223999914321
0.95,1.35,0.625,1.90918328332427,1.88939066783516
0.95,1.35,0.65,1.91371344095274,1.89589265793823
0.95,1.35,0.675,1.91785414823048,1.90184363713299
0.95,1.35,0.7,1.92170895462161,1.90725676538528
0.95,1.35,0.725,1.92523481897584,1.91221827118467
0.95,1.35,0.75,1.92851905817537,1.91677738631093
0.95,1.35,0.775,1.9315544833758,1.92096421539582
0.95,1.35,0.8,1.93436839478067,1.92483292284382
0.95,1.35,0.825,1.93700311735815,1.92838674014603
0.95,1.35,0.85,1.93943088408774,1.93167585957603
0.95,1.35,0.875,1.94171198172139,1.934727663283
0.95,1.35,0.9,1.94383619858077,1.93755631591553
0.95,1.35,0.925,1.94582030408278,1.94019399535552
0.95,1.35,0.95,1.9476927589363,1.94263786159107
0.95,1.35,0.975,1.9494406312804,1.94492269343506
0.95,1.35,1,1.951080903466,1.94705668357527
0.95,1.375,0.6,1.90515076354671,1.88302069721101
0.95,1.375,0.625,1.91007990596784,1.89015864302991
0.95,1.375,0.65,1.91460949210615,1.89665703261069
0.95,1.375,0.675,1.91874772281617,1.90260775588168
0.95,1.375,0.7,1.92260471452937,1.90801140183204
0.95,1.375,0.725,1.92612563705937,1.91298338301529
0.95,1.375,0.75,1.92941142799864,1.91753428069227
0.95,1.375,0.775,1.9324453221876,1.92172059042888
0.95,1.375,0.8,1.93525831669891,1.92558716178941
0.95,1.375,0.825,1.93789436598794,1.92913469256329
0.95,1.375,0.85,1.9403185788716,1.93243073720644
0.95,1.375,0.875,1.94260062655542,1.9354769590507
0.95,1.375,0.9,1.94472375497815,1.93830528677806
0.95,1.375,0.925,1.94670713146554,1.94094141817374
0.95,1.375,0.95,1.94858044632443,1.94338094568846
0.95,1.375,0.975,1.95032706408711,1.94566602610251
0.95,1.375,1,1.95196639268573,1.94780075391212
0.95,1.4,0.6,1.9060350942697,1.88372632053038
0.95,1.4,0.625,1.91095336766618,1.89086528847151
0.95,1.4,0.65,1.91548092770275,1.89736214508371
0.95,1.4,0.675,1.91962054101381,1.90331100029338
0.95,1.4,0.7,1.92346907625344,1.90871613907342
0.95,1.4,0.725,1.92699872583159,1.91368752873152
0.95,1.4,0.75,1.93027650481584,1.91823809624326
0.95,1.4,0.775,1.93331249551872,1.92242298468582
0.95,1.4,0.8,1.9361227099257,1.92628762785272
0.95,1.4,0.825,1.93875253440646,1.92983583944507
0.95,1.4,0.85,1.94118303491374,1.93313205846159
0.95,1.4,0.875,1.94345916730828,1.93617755695691
0.95,1.4,0.9,1.94558384098582,1.93900472669025
0.95,1.4,0.925,1.9475651972494,1.94163916915218
0.95,1.4,0.95,1.94943386497211,1.94407903252982
0.95,1.4,0.975,1.95118083007588,1.94636330102429
0.95,1.4,1,1.95282026386622,1.94849798434589
0.95,1.425,0.6,1.90684076549041,1.88438546534588
0.95,1.425,0.625,1.91176481961023,1.89153371571887
0.95,1.425,0.65,1.91629173735418,1.89803215259328
0.95,1.425,0.675,1.92042933190731,1.90397912946086
0.95,1.425,0.7,1.92428152719452,1.90938993754734
0.95,1.425,0.725,1.92780348189897,1.91434772852928
0.95,1.425,0.75,1.93108549527171,1.91890405208516
0.95,1.425,0.775,1.93411822234783,1.92308771340129
0.95,1.425,0.8,1.93692957635779,1.92695299847168
0.95,1.425,0.825,1.93956213992964,1.93050476347134
0.95,1.425,0.85,1.94198677862568,1.9337913379907
0.95,1.425,0.875,1.94426609576999,1.93684079277427
0.95,1.425,0.9,1.94638830336136,1.93966699287611
0.95,1.425,0.925,1.94837044029168,1.94230199151765
0.95,1.425,0.95,1.95024120779111,1.94474424797179
0.95,1.425,0.975,1.9519870567762,1.94702724589521
0.95,1.425,1,1.95362540110669,1.94915946225954
0.95,1.45,0.6,1.90763729896844,1.88505995083662
0.95,1.45,0.625,1.91255434291938,1.89219664391359
0.95,1.45,0.65,1.91707986264933,1.89869109750924
0.95,1.45,0.675,1.92121680703227,1.90463828930216
0.95,1.45,0.7,1.92506414972026,1.91004104149458
0.95,1.45,0.725,1.92859121884714,1.91500958290977
0.95,1.45,0.75,1.93186768487271,1.91955818423159
0.95,1.45,0.775,1.93490161275108,1.92374143206955
0.95,1.45,0.8,1.93770996943698,1.92760437067875
0.95,1.45,0.825,1.94033875685242,1.9311507312479
0.95,1.45,0.85,1.94276731438946,1.93444462985554
0.95,1.45,0.875,1.94504237993948,1.93748870912152
0.95,1.45,0.9,1.9471654471534,1.94031463476905
0.95,1.45,0.925,1.94914537360555,1.94294786994832
0.95,1.45,0.95,1.9510132301525,1.94538636625388
0.95,1.45,0.975,1.95275899033186,1.94766936655054
0.95,1.45,1,1.95439727088174,1.94980251273049
0.95,1.475,0.6,1.90837483761354,1.88565982760717
0.95,1.475,0.625,1.91329559759599,1.8928033221962
0.95,1.475,0.65,1.91782025890869,1.89929847373633
0.95,1.475,0.675,1.92195602400042,1.90524412027298
0.95,1.475,0.7,1.92580554828645,1.91065102806274
0.95,1.475,0.725,1.92932716999198,1.91560918991946
0.95,1.475,0.75,1.93260638301808,1.92016195225177
0.95,1.475,0.775,1.93563769031278,1.92434392364421
0.95,1.475,0.8,1.93844695279075,1.9282072549323
0.95,1.475,0.825,1.94107740227546,1.93175618840516
0.95,1.475,0.85,1.94350177075107,1.93504273296231
0.95,1.475,0.875,1.94577892996494,1.93808965722851
0.95,1.475,0.9,1.94789997819326,1.94091461993884
0.95,1.475,0.925,1.94988052005065,1.94354820441816
0.95,1.475,0.95,1.9517496763873,1.94598841690017
0.95,1.475,0.975,1.95349458715755,1.948270163274
0.95,1.475,1,1.9551319875341,1.95040146726333
0.95,1.5,0.6,1.90907274620015,1.8862858658738
0.95,1.5,0.625,1.91399684860526,1.89341749004946
0.95,1.5,0.65,1.91852130403265,1.89990981589564
0.95,1.5,0.675,1.92265462001083,1.90585500619106
0.95,1.5,0.7,1.92650674277154,1.91125305777562
0.95,1.5,0.725,1.93002323173682,1.91622094680274
0.95,1.5,0.75,1.93330446543918,1.92076614046496
0.95,1.5,0.775,1.93633432449642,1.92494778821429
0.95,1.5,0.8,1.93914294935645,1.92880930386211
0.95,1.5,0.825,1.94177507598034,1.9323524034598
0.95,1.5,0.85,1.94419576717161,1.93564535373881
0.95,1.5,0.875,1.94647425105167,1.93868718384488
0.95,1.5,0.9,1.94859427376807,1.94151197410358
0.95,1.5,0.925,1.9505743009793,1.94414427357488
0.95,1.5,0.95,1.9524445987225,1.94658047514946
0.95,1.5,0.975,1.9541883686646,1.94886246845596
0.95,1.5,1,1.95582491568381,1.95099451035686
0.975,0.75,0.6,1.8458710510361,1.83503391088577
0.975,0.75,0.625,1.85093479084179,1.84246137244502
0.975,0.75,0.65,1.85562249266917,1.84919993472475
0.975,0.75,0.675,1.85994109951355,1.85538490000063
0.975,0.75,0.7,1.8639288304837,1.86105712080752
0.975,0.75,0.725,1.86762483279011,1.8662513306143
0.975,0.75,0.75,1.8710981254381,1.87097929764479
0.975,0.75,0.775,1.87422526901857,1.87543539130277
0.975,0.75,0.8,1.87718341140857,1.87949205543214
0.975,0.75,0.825,1.87992250035279,1.88325274222959
0.975,0.75,0.85,1.88249605133259,1.88671019099952
0.975,0.75,0.875,1.88488972491163,1.88992983586132
0.975,0.75,0.9,1.88712869203022,1.89291819012119
0.975,0.75,0.925,1.88922457282013,1.8956964007273
0.975,0.75,0.95,1.89118601372712,1.89829582972643
0.975,0.75,0.975,1.89303646225293,1.90070342250813
0.975,0.75,1,1.89477562297051,1.90296458061343
0.975,0.775,0.6,1.8502883318682,1.83823778405283
0.975,0.775,0.625,1.8553536861893,1.845666449564
0.975,0.775,0.65,1.86004289041814,1.85240596558657
0.975,0.775,0.675,1.86436043593696,1.85859025821562
0.975,0.775,0.7,1.86834704047751,1.86426173423973
0.975,0.775,0.725,1.87204075558303,1.86945545864974
0.975,0.775,0.75,1.87546048453073,1.87423292193308
0.975,0.775,0.775,1.87869481994673,1.8785785131726
0.975,0.775,0.8,1.88159401484712,1.88268917916872
0.975,0.775,0.825,1.88433182342461,1.88644666331111
0.975,0.775,0.85,1.88690388052957,1.88990178981829
0.975,0.775,0.875,1.88929461171447,1.89311936335506
0.975,0.775,0.9,1.89153181759501,1.89610519829326
0.975,0.775,0.925,1.89362568037437,1.89888121651384
0.975,0.775,0.95,1.89558491283555,1.90147813601629
0.975,0.775,0.975,1.89743364489248,1.90388374492823
0.975,0.775,1,1.8991703397556,1.90614268115196
0.975,0.8,0.6,1.85435440758584,1.8411702790121
0.975,0.8,0.625,1.8594309912159,1.84860678084835
0.975,0.8,0.65,1.86413429227794,1.85536343710016
0.975,0.8,0.675,1.86844115389358,1.8615323208264
0.975,0.8,0.7,1.87242642956497,1.86719679422866
0.975,0.8,0.725,1.87611182187256,1.87238890913299
0.975,0.8,0.75,1.87952574197115,1.87715124268156
0.975,0.8,0.775,1.88273033649756,1.88157329629466
0.975,0.8,0.8,1.885700181738,1.88559256912666
0.975,0.8,0.825,1.88840356703323,1.88937830606426
0.975,0.8,0.85,1.89098286482115,1.89283949345726
0.975,0.8,0.875,1.89335700650596,1.89603099069372
0.975,0.8,0.9,1.8956012605401,1.89902608192726
0.975,0.8,0.925,1.89768816330203,1.9017999353455
0.975,0.8,0.95,1.8996493753553,1.9043991751924
0.975,0.8,0.975,1.90150291299246,1.90680901218513
0.975,0.8,1,1.90323286532897,1.90906081249983
0.975,0.825,0.6,1.85808477735622,1.84398206109141
0.975,0.825,0.625,1.86315955405102,1.85141313622239
0.975,0.825,0.65,1.86786890170573,1.85815676165513
0.975,0.825,0.675,1.87217482815895,1.86433373768094
0.975,0.825,0.7,1.87615897147773,1.86999768548801
0.975,0.825,0.725,1.87984147628398,1.8751886999034
0.975,0.825,0.75,1.88325291386708,1.87995651630954
0.975,0.825,0.775,1.88645754895276,1.88435790005637
0.975,0.825,0.8,1.88940124115279,1.88840463903201
0.975,0.825,0.825,1.89209828958114,1.89219018158534
0.975,0.825,0.85,1.89470475024881,1.89561670696906
0.975,0.825,0.875,1.89707587305908,1.89881858838232
0.975,0.825,0.9,1.89931973009978,1.90180406431997
0.975,0.825,0.925,1.90140435312999,1.9045764078443
0.975,0.825,0.95,1.9033625789849,1.90717107882049
0.975,0.825,0.975,1.90521648885261,1.90957450433069
0.975,0.825,1,1.90694551576653,1.91182662465045
0.975,0.85,0.6,1.86160201283147,1.84655598931766
0.975,0.85,0.625,1.8666689035071,1.85398570212632
0.975,0.85,0.65,1.87135891766854,1.86072515908519
0.975,0.85,0.675,1.87567287807277,1.86690631680417
0.975,0.85,0.7,1.87965537399925,1.87257375468927
0.975,0.85,0.725,1.88334428031162,1.87776262621397
0.975,0.85,0.75,1.88675649865679,1.88253570847574
0.975,0.85,0.775,1.88993720876567,1.8869229798338
0.975,0.85,0.8,1.89288445609188,1.89097206337594
0.975,0.85,0.825,1.89561601028951,1.89472288703461
0.975,0.85,0.85,1.89822295024712,1.89813126721455
0.975,0.85,0.875,1.90056068143151,1.9013887957205
0.975,0.85,0.9,1.9027931283967,1.90436687761398
0.975,0.85,0.925,1.9048815995094,1.90713655615525
0.975,0.85,0.95,1.90683483537735,1.90972674055119
0.975,0.85,0.975,1.90867844354282,1.91212671387905
0.975,0.85,1,1.9104089246259,1.91437975336691
0.975,0.875,0.6,1.86483155429714,1.84896588971465
0.975,0.875,0.625,1.86989814104814,1.85639515129633
0.975,0.875,0.65,1.87458794618078,1.863134154652
0.975,0.875,0.675,1.87890012360364,1.86931379813739
0.975,0.875,0.7,1.88288099410827,1.87497967475858
0.975,0.875,0.725,1.88656810057713,1.88016672982866
0.975,0.875,0.75,1.88997791111218,1.8849379065593
0.975,0.875,0.775,1.89315720482891,1.88932287876838
0.975,0.875,0.8,1.8961018539309,1.89336990288702
0.975,0.875,0.825,1.898830497657,1.89711939398069
0.975,0.875,0.85,1.90139604995174,1.90056548918106
0.975,0.875,0.875,1.90373736468533,1.90381504518707
0.975,0.875,0.9,1.90600198857947,1.9067571086764
0.975,0.875,0.925,1.9080892536104,1.90952427941219
0.975,0.875,0.95,1.91004073969135,1.91211219134084
0.975,0.875,0.975,1.91188285662676,1.91451041852959
0.975,0.875,1,1.91361136045091,1.9167615833274
0.975,0.9,0.6,1.86782329106788,1.85118152921695
0.975,0.9,0.625,1.87289733397843,1.85861604458557
0.975,0.9,0.65,1.87759702289056,1.86536883749771
0.975,0.9,0.675,1.88190032596586,1.87153487569317
0.975,0.9,0.7,1.88587974901231,1.87719468138261
0.975,0.9,0.725,1.88955983252718,1.88237969170066
0.975,0.9,0.75,1.89296541341697,1.88713736698504
0.975,0.9,0.775,1.8961583962599,1.89154569817618
0.975,0.9,0.8,1.89909588206521,1.89558268916956
0.975,0.9,0.825,1.90182111206245,1.89933009216778
0.975,0.9,0.85,1.90439077102213,1.9027826365005
0.975,0.9,0.875,1.9067584395526,1.9059713270167
0.975,0.9,0.9,1.90901336379284,1.90893614103796
0.975,0.9,0.925,1.9110711032676,1.91172531912684
0.975,0.9,0.95,1.91302452431874,1.91431443600421
0.975,0.9,0.975,1.91487036435771,1.91671621746714
0.975,0.9,1,1.9165936924437,1.9189614531107
0.975,0.925,0.6,1.87058786033538,1.85332896314648
0.975,0.925,0.625,1.87565967445722,1.86075772781633
0.975,0.925,0.65,1.88036430789158,1.86749677967648
0.975,0.925,0.675,1.8846653538539,1.87366988160526
0.975,0.925,0.7,1.8886432915857,1.87932831481203
0.975,0.925,0.725,1.8923204647742,1.88451204631474
0.975,0.925,0.75,1.89572320623133,1.88927436203677
0.975,0.925,0.775,1.89891798474864,1.89366279373921
0.975,0.925,0.8,1.9018529429927,1.89770305416671
0.975,0.925,0.825,1.90457396369224,1.90144917073457
0.975,0.925,0.85,1.90714479630751,1.9048935192859
0.975,0.925,0.875,1.90950792202851,1.90809266376056
0.975,0.925,0.9,1.91174395953717,1.91106774986595
0.975,0.925,0.925,1.91379588192822,1.9138595028795
0.975,0.925,0.95,1.91576975576659,1.91642205634533
0.975,0.925,0.975,1.9176166114069,1.91881742766071
0.975,0.925,1,1.91933899475406,1.92106305468368
0.975,0.95,0.6,1.87318963371482,1.85530651100891
0.975,0.95,0.625,1.87826012703532,1.86273425461125
0.975,0.95,0.65,1.88296312334606,1.86947197862805
0.975,0.95,0.675,1.88726273697196,1.87564376519728
0.975,0.95,0.7,1.89123896493535,1.88130073674682
0.975,0.95,0.725,1.89491471700413,1.88648260684243
0.975,0.95,0.75,1.8983153425754,1.89124348146068
0.975,0.95,0.775,1.90150772252811,1.89562892829751
0.975,0.95,0.8,1.90444079439148,1.89966740609278
0.975,0.95,0.825,1.90716009568432,1.90341159967984
0.975,0.95,0.85,1.90972874161909,1.90685401900193
0.975,0.95,0.875,1.91209027275706,1.9100522523663
0.975,0.95,0.9,1.91432378351592,1.91302569204765
0.975,0.95,0.925,1.916401730198,1.9157883839372
0.975,0.95,0.95,1.91832984241739,1.91839294317497
0.975,0.95,0.975,1.92019159817819,1.92077000726271
0.975,0.95,1,1.92191295029976,1.92301370263782
0.975,0.975,0.6,1.87564408560149,1.85715474618661
0.975,0.975,0.625,1.88070751906184,1.86458061217994
0.975,0.975,0.65,1.88539412226483,1.87131598715822
0.975,0.975,0.675,1.88969948163084,1.87748931306119
0.975,0.975,0.7,1.89367357014874,1.88314845586674
0.975,0.975,0.725,1.89735375200248,1.88832816105406
0.975,0.975,0.75,1.90075510497787,1.89309198797441
0.975,0.975,0.775,1.90392806244123,1.89746802143058
0.975,0.975,0.8,1.90686425630633,1.90150706246829
0.975,0.975,0.825,1.90958506676798,1.90524895132256
0.975,0.975,0.85,1.91214283635548,1.90868879957648
0.975,0.975,0.875,1.91451486833948,1.91189266526523
0.975,0.975,0.9,1.91673833410337,1.91486172203519
0.975,0.975,0.925,1.91881844974514,1.91762280715043
0.975,0.975,0.95,1.92076363564116,1.92020295319461
0.975,0.975,0.975,1.92262770618686,1.92256732212801
0.975,0.975,1,1.92431832467892,1.92484330710291
0.975,1,0.6,1.87790030052231,1.85887026089162
0.975,1,0.625,1.8829692678854,1.86629986009602
0.975,1,0.65,1.88766352021597,1.87304758591813
0.975,1,0.675,1.89196128170117,1.87920874431374
0.975,1,0.7,1.89593411092441,1.88486284830223
0.975,1,0.725,1.89960832936491,1.89004049437374
0.975,1,0.75,1.90300589660336,1.89479267440585
0.975,1,0.775,1.9061902510582,1.8991889194107
0.975,1,0.8,1.90912045729872,1.90321923179419
0.975,1,0.825,1.91183875906291,1.90695878339954
0.975,1,0.85,1.91440051154974,1.91040399069235
0.975,1,0.875,1.91676148585252,1.913589793943
0.975,1,0.9,1.91898948743158,1.91656563495521
0.975,1,0.925,1.92106493251064,1.9193251733306
0.975,1,0.95,1.92301073334459,1.92190714439062
0.975,1,0.975,1.92485063789517,1.92430218272288
0.975,1,1,1.92658274545265,1.92652744901776
0.975,1.025,0.6,1.88003295320353,1.86053724938252
0.975,1.025,0.625,1.88509354721452,1.8679612424995
0.975,1.025,0.65,1.8897801401024,1.87469522467449
0.975,1.025,0.675,1.89408162151334,1.8808631408321
0.975,1.025,0.7,1.89805237112966,1.88651879079547
0.975,1.025,0.725,1.90172815393117,1.89169580367232
0.975,1.025,0.75,1.90512538365404,1.89645414027346
0.975,1.025,0.775,1.9082966990828,1.90082930556643
0.975,1.025,0.8,1.9112289781632,1.90486311630159
0.975,1.025,0.825,1.91394513910537,1.90860254754164
0.975,1.025,0.85,1.91650111790619,1.91203965086881
0.975,1.025,0.875,1.9188685586553,1.9152377970073
0.975,1.025,0.9,1.92108994252808,1.9182047431334
0.975,1.025,0.925,1.92316624777616,1.9209635827373
0.975,1.025,0.95,1.92510751291799,1.92354193398755
0.975,1.025,0.975,1.9269424056993,1.92593161705097
0.975,1.025,1,1.92866182770459,1.92817210711963
0.975,1.05,0.6,1.88202214739568,1.8620789367249
0.975,1.05,0.625,1.88708239741518,1.8695009228655
0.975,1.05,0.65,1.89176545830307,1.87623509754048
0.975,1.05,0.675,1.89606527484818,1.88240246205375
0.975,1.05,0.7,1.90003434815211,1.88805708060427
0.975,1.05,0.725,1.90370999945726,1.89323137383358
0.975,1.05,0.75,1.90710527935918,1.89798965488291
0.975,1.05,0.775,1.91027420677872,1.90236105496481
0.975,1.05,0.8,1.91320457997854,1.90639419220109
0.975,1.05,0.825,1.91592095925682,1.91013032213474
0.975,1.05,0.85,1.91847405672809,1.91356650112647
0.975,1.05,0.875,1.92084039630171,1.91676567896261
0.975,1.05,0.9,1.92305956340979,1.9197303214285
0.975,1.05,0.925,1.9251355935304,1.92248717572905
0.975,1.05,0.95,1.92707589459379,1.92506291765688
0.975,1.05,0.975,1.92890835283612,1.92745185254799
0.975,1.05,1,1.93062581698511,1.9296924141723
0.975,1.075,0.6,1.88385995783325,1.86354931813442
0.975,1.075,0.625,1.88892410910231,1.87097075622057
0.975,1.075,0.65,1.89362133258487,1.87769922555256
0.975,1.075,0.675,1.89791298944105,1.88386446419695
0.975,1.075,0.7,1.90188146118585,1.88951352629448
0.975,1.075,0.725,1.90554946264096,1.89468710409382
0.975,1.075,0.75,1.90893994397091,1.89944027928717
0.975,1.075,0.775,1.91212492626212,1.90381232183172
0.975,1.075,0.8,1.91504920368393,1.90784281759576
0.975,1.075,0.825,1.91776041704254,1.91157901716858
0.975,1.075,0.85,1.92032138879051,1.91501170709664
0.975,1.075,0.875,1.92267433901767,1.91820501871315
0.975,1.075,0.9,1.92490089200497,1.92116923420904
0.975,1.075,0.925,1.92697157085499,1.92392560051978
0.975,1.075,0.95,1.92891247690855,1.92650197076018
0.975,1.075,0.975,1.93075068243436,1.92888850423129
0.975,1.075,1,1.9324645518612,1.93112679789773
0.975,1.1,0.6,1.88564110985625,1.86492127282918
0.975,1.1,0.625,1.89069853084774,1.87234085892004
0.975,1.1,0.65,1.89537975926716,1.87906909120891
0.975,1.1,0.675,1.89967675082662,1.88523476088434
0.975,1.1,0.7,1.90364267695488,1.89088544211865
0.975,1.1,0.725,1.90731448376581,1.89605670892302
0.975,1.1,0.75,1.91070675641929,1.9008123551061
0.975,1.1,0.775,1.91387258140707,1.90517785496711
0.975,1.1,0.8,1.91680006015186,1.90920844920493
0.975,1.1,0.825,1.91951262341403,1.91294218449715
0.975,1.1,0.85,1.92206338362238,1.91637379050363
0.975,1.1,0.875,1.92442689651961,1.91957100758933
0.975,1.1,0.9,1.92664362715574,1.92253199932889
0.975,1.1,0.925,1.92871661968969,1.92528647158745
0.975,1.1,0.95,1.93065414781499,1.92786013104382
0.975,1.1,0.975,1.93248461723326,1.93024571894796
0.975,1.1,1,1.93419981321574,1.93248309748448
0.975,1.125,0.6,1.88728439706271,1.86619478363351
0.975,1.125,0.625,1.8923455263143,1.87361698012159
0.975,1.125,0.65,1.89703196200257,1.88035568154533
0.975,1.125,0.675,1.90132330759416,1.88651084154699
0.975,1.125,0.7,1.90528816249226,1.89215767637123
0.975,1.125,0.725,1.90895518428199,1.89732707448279
0.975,1.125,0.75,1.91234470404716,1.9020732125316
0.975,1.125,0.775,1.9155185943459,1.90645537126048
0.975,1.125,0.8,1.91844167481502,1.9104786354691
0.975,1.125,0.825,1.9211522461403,1.91421037427676
0.975,1.125,0.85,1.92370584488324,1.9176466602813
0.975,1.125,0.875,1.92606128299292,1.92082921442003
0.975,1.125,0.9,1.92828136375392,1.9237957610645
0.975,1.125,0.925,1.93035085636968,1.92654881500752
0.975,1.125,0.95,1.93228924629035,1.92912335241888
0.975,1.125,0.975,1.93412187145277,1.93151204306386
0.975,1.125,1,1.93583391122625,1.93374658357585
0.975,1.15,0.6,1.88882124203255,1.86745887591465
0.975,1.15,0.625,1.89388116253669,1.87487680138382
0.975,1.15,0.65,1.8985707719748,1.88160217959216
0.975,1.15,0.675,1.90285912520229,1.88776306432137
0.975,1.15,0.7,1.90682263890608,1.89340813968523
0.975,1.15,0.725,1.91048736452566,1.89857647623567
0.975,1.15,0.75,1.9138740550975,1.90332630446904
0.975,1.15,0.775,1.91705079594104,1.90769232480241
0.975,1.15,0.8,1.9199714077112,1.91171852001289
0.975,1.15,0.825,1.92267952680112,1.91544982811508
0.975,1.15,0.85,1.92523424827423,1.91887875763204
0.975,1.15,0.875,1.92758564663217,1.92206950422642
0.975,1.15,0.9,1.92980640685698,1.92502924201971
0.975,1.15,0.925,1.93187445449357,1.92778161784398
0.975,1.15,0.95,1.93381169429055,1.93035387681136
0.975,1.15,0.975,1.93564494053822,1.93273741945636
0.975,1.15,1,1.93735590085832,1.93497271887851
0.975,1.175,0.6,1.89030985988347,1.86861687503762
0.975,1.175,0.625,1.89536372745115,1.87603235147453
0.975,1.175,0.65,1.90004098822228,1.8827589670174
0.975,1.175,0.675,1.904333232632,1.88891899588854
0.975,1.175,0.7,1.90829469066673,1.89456544310202
0.975,1.175,0.725,1.91196267795973,1.89973187616036
0.975,1.175,0.75,1.91535005808429,1.90448260456869
0.975,1.175,0.775,1.91851206982194,1.90884458730941
0.975,1.175,0.8,1.92143498162659,1.91287015955055
0.975,1.175,0.825,1.92414404623991,1.91659908159985
0.975,1.175,0.85,1.92669085345782,1.92002776986377
0.975,1.175,0.875,1.92905018019645,1.92322081003165
0.975,1.175,0.9,1.93126337215823,1.92617833391494
0.975,1.175,0.925,1.93333338789284,1.92892916294292
0.975,1.175,0.95,1.93526765842331,1.93149877619075
0.975,1.175,0.975,1.93709491684436,1.93388194539613
0.975,1.175,1,1.93880675402196,1.93611713141048
0.975,1.2,0.6,1.89167881241033,1.86970400560069
0.975,1.2,0.625,1.89673618304054,1.87712182530557
0.975,1.2,0.65,1.9014190119969,1.88385790451156
0.975,1.2,0.675,1.90570589798529,1.89000860679247
0.975,1.2,0.7,1.90966662626365,1.89565148608627
0.975,1.2,0.725,1.91332982906154,1.9008162475092
0.975,1.2,0.75,1.91671448811976,1.90555832630971
0.975,1.2,0.775,1.91988499685372,1.90993558748196
0.975,1.2,0.8,1.92280372103998,1.91395468307205
0.975,1.2,0.825,1.92551085771604,1.91768172474106
0.975,1.2,0.85,1.92806088838221,1.9211147468938
0.975,1.2,0.875,1.93041221834604,1.92429440213868
0.975,1.2,0.9,1.93262917614432,1.92725714282825
0.975,1.2,0.925,1.93469590234491,1.93000666226456
0.975,1.2,0.95,1.93663112660633,1.93257717293015
0.975,1.2,0.975,1.93846084916377,1.9349632401883
0.975,1.2,1,1.94016980866586,1.93719485998153
0.975,1.225,0.6,1.89299971664901,1.87077361265998
0.975,1.225,0.625,1.89805072982531,1.87818678228118
0.975,1.225,0.65,1.90272699063938,1.88491089478782
0.975,1.225,0.675,1.90701624529522,1.89106688565
0.975,1.225,0.7,1.91097494730869,1.89671024997622
0.975,1.225,0.725,1.91463961612904,1.90187434301273
0.975,1.225,0.75,1.91802409156778,1.90662116818348
0.975,1.225,0.775,1.92118444466589,1.9109817055408
0.975,1.225,0.8,1.92410469612888,1.91500366892437
0.975,1.225,0.825,1.9268105035318,1.91873076314726
0.975,1.225,0.85,1.92935587844591,1.92215707991399
0.975,1.225,0.875,1.93171229482546,1.92534634669522
0.975,1.225,0.9,1.9339239457426,1.92830207566116
0.975,1.225,0.925,1.93599149978532,1.9310511329273
0.975,1.225,0.95,1.93792357636221,1.93361903991245
0.975,1.225,0.975,1.93974965353792,1.93600038420082
0.975,1.225,1,1.94145967282685,1.9382330217328
0.975,1.25,0.6,1.89423703146798,1.87176404182131
0.975,1.25,0.625,1.89928746324145,1.87917535636863
0.975,1.25,0.65,1.90396119013596,1.88590009235423
0.975,1.25,0.675,1.90824899293833,1.89205499114641
0.975,1.25,0.7,1.91220643578863,1.89769761083065
0.975,1.25,0.725,1.91587071476537,1.90285975037646
0.975,1.25,0.75,1.91925371564862,1.90760608982671
0.975,1.25,0.775,1.92241256000598,1.911964711534
0.975,1.25,0.8,1.92533139191885,1.91598587186111
0.975,1.25,0.825,1.92803723645138,1.91971058451918
0.975,1.25,0.85,1.93058073692358,1.92313661127188
0.975,1.25,0.875,1.93293623028158,1.92632613171973
0.975,1.25,0.9,1.93514651587228,1.92928053008344
0.975,1.25,0.925,1.93721378232881,1.9320282236682
0.975,1.25,0.95,1.93914524719418,1.93459424808366
0.975,1.25,0.975,1.94096986434114,1.93697523324637
0.975,1.25,1,1.94267881169962,1.93920749471809
0.975,1.275,0.6,1.89538424444877,1.87272585871695
0.975,1.275,0.625,1.90043711326413,1.88013612017029
0.975,1.275,0.65,1.90512134500679,1.88685448735164
0.975,1.275,0.675,1.90940308391143,1.89300900513816
0.975,1.275,0.7,1.91336012033716,1.89864730219942
0.975,1.275,0.725,1.9170185965104,1.90380880526861
0.975,1.275,0.75,1.92039830585514,1.90855271088343
0.975,1.275,0.775,1.92356884810477,1.91290907588975
0.975,1.275,0.8,1.92648323029418,1.91692911080623
0.975,1.275,0.825,1.92918518883652,1.92065394945722
0.975,1.275,0.85,1.93173472026384,1.92407649152996
0.975,1.275,0.875,1.93408057093055,1.9272634256516
0.975,1.275,0.9,1.93629628048498,1.93021645433021
0.975,1.275,0.925,1.93835968320947,1.93296380225516
0.975,1.275,0.95,1.94029162201019,1.93553024988206
0.975,1.275,0.975,1.94212069746875,1.93790885055066
0.975,1.275,1,1.94382722716356,1.94013979968109
0.975,1.3,0.6,1.89651679140773,1.87362004418407
0.975,1.3,0.625,1.90156462778045,1.88102896778457
0.975,1.3,0.65,1.90623649866542,1.88774855262811
0.975,1.3,0.675,1.91052203869802,1.89390197146614
0.975,1.3,0.7,1.91447697827354,1.8995413199215
0.975,1.3,0.725,1.91813848635455,1.9047010164955
0.975,1.3,0.75,1.92151927790144,1.90944534989626
0.975,1.3,0.775,1.92467572744364,1.9137994293561
0.975,1.3,0.8,1.92759252296926,1.91781875889347
0.975,1.3,0.825,1.93029570931335,1.92154171523315
0.975,1.3,0.85,1.93283748540616,1.92496427249303
0.975,1.3,0.875,1.93519110940327,1.92815241614343
0.975,1.3,0.9,1.93739962119296,1.93110412007851
0.975,1.3,0.925,1.93946486560288,1.93385008194319
0.975,1.3,0.95,1.94139444159555,1.93641466533068
0.975,1.3,0.975,1.94321769037111,1.93879312832229
0.975,1.3,1,1.94492521734069,1.94102391884963
0.975,1.325,0.6,1.89755895303655,1.87445900907128
0.975,1.325,0.625,1.90260943453432,1.88186970489978
0.975,1.325,0.65,1.90728555160882,1.88859767871765
0.975,1.325,0.675,1.91156700832637,1.89474292964036
0.975,1.325,0.7,1.9155214122946,1.90037956302133
0.975,1.325,0.725,1.91917895355092,1.90553779710729
0.975,1.325,0.75,1.92255773463326,1.91027490419013
0.975,1.325,0.775,1.9257207120422,1.91464199932915
0.975,1.325,0.8,1.92863431411152,1.91865577285626
0.975,1.325,0.825,1.93133592464468,1.92237711728085
0.975,1.325,0.85,1.93388023956962,1.92580358782826
0.975,1.325,0.875,1.93622767788951,1.92898057900698
0.975,1.325,0.9,1.93843919794096,1.93193673433718
0.975,1.325,0.925,1.94050176816593,1.93468160123143
0.975,1.325,0.95,1.94243211889583,1.9372468404733
0.975,1.325,0.975,1.94425732891923,1.93962792567572
0.975,1.325,1,1.94596268644915,1.94185573424498
0.975,1.35,0.6,1.89856673066157,1.87529771239827
0.975,1.35,0.625,1.90361451257493,1.88270520066958
0.975,1.35,0.65,1.90828692225907,1.88942389305208
0.975,1.35,0.675,1.91256796049365,1.89557307558495
0.975,1.35,0.7,1.91652026075356,1.90120836437646
0.975,1.35,0.725,1.92017792836633,1.90636513012419
0.975,1.35,0.75,1.92355591877323,1.91110498342049
0.975,1.35,0.775,1.92671420771643,1.915460665212
0.975,1.35,0.8,1.92962750425653,1.9194765664335
0.975,1.35,0.825,1.93232831685866,1.92319722354842
0.975,1.35,0.85,1.93486983963453,1.92661863447301
0.975,1.35,0.875,1.93721856694529,1.92980134813018
0.975,1.35,0.9,1.93942706421955,1.9327528298222
0.975,1.35,0.925,1.9414896293425,1.93549688501856
0.975,1.35,0.95,1.94341851433459,1.93806054264993
0.975,1.35,0.975,1.94524151317831,1.94043809343374
0.975,1.35,1,1.94694678035023,1.94266659807884
0.975,1.375,0.6,1.89951934536721,1.8760725778961
0.975,1.375,0.625,1.90456405060494,1.88347776426006
0.975,1.375,0.65,1.90923257079576,1.89019566741638
0.975,1.375,0.675,1.91351448482988,1.89634449282867
0.975,1.375,0.7,1.91746602515925,1.90198046365568
0.975,1.375,0.725,1.92112453991067,1.90713644880154
0.975,1.375,0.75,1.92450183374311,1.911876972744
0.975,1.375,0.775,1.92765541293617,1.91622857687401
0.975,1.375,0.8,1.93056899846514,1.92024416154377
0.975,1.375,0.825,1.93326964974399,1.92396360972029
0.975,1.375,0.85,1.93580862092111,1.92738409055782
0.975,1.375,0.875,1.93815937388999,1.93056909253443
0.975,1.375,0.9,1.94036543053382,1.93351838425008
0.975,1.375,0.925,1.94242854904829,1.93626174927619
0.975,1.375,0.95,1.94435589580193,1.93882347183192
0.975,1.375,0.975,1.94617694448517,1.94120024970965
0.975,1.375,1,1.94788224182376,1.94342864378308
0.975,1.4,0.6,1.90039900277138,1.8768274585032
0.975,1.4,0.625,1.90544651478121,1.88423204407923
0.975,1.4,0.65,1.91012550364245,1.89094358665014
0.975,1.4,0.675,1.91440164941177,1.89709244178603
0.975,1.4,0.7,1.91835320756313,1.90272486115845
0.975,1.4,0.725,1.92200639728571,1.907880535783
0.975,1.4,0.75,1.92538022406628,1.91261903162027
0.975,1.4,0.775,1.92854593156421,1.91696790056531
0.975,1.4,0.8,1.93145530052855,1.92098280800738
0.975,1.4,0.825,1.9341525201886,1.92470257711967
0.975,1.4,0.85,1.93669762298051,1.92811965074675
0.975,1.4,0.875,1.93903885948048,1.93130315383728
0.975,1.4,0.9,1.94125072816217,1.93425099793074
0.975,1.4,0.925,1.94331037509112,1.93699425626013
0.975,1.4,0.95,1.94523834609814,1.93955618809866
0.975,1.4,0.975,1.94706394150968,1.94193063315419
0.975,1.4,1,1.94876700756411,1.94415806305914
0.975,1.425,0.6,1.90128283446655,1.87753277602602
0.975,1.425,0.625,1.90632506807882,1.88493362879908
0.975,1.425,0.65,1.91099244947953,1.89164889356894
0.975,1.425,0.675,1.91527222059951,1.89779652348498
0.975,1.425,0.7,1.91922168101649,1.90342978782991
0.975,1.425,0.725,1.92287776925043,1.90858376919367
0.975,1.425,0.75,1.92625309958282,1.91332271802599
0.975,1.425,0.775,1.92940508502108,1.91767018867146
0.975,1.425,0.8,1.93231686461779,1.92168435740741
0.975,1.425,0.825,1.93501530208585,1.92540237391877
0.975,1.425,0.85,1.93755303917338,1.92881989124447
0.975,1.425,0.875,1.9399019982216,1.93200408064801
0.975,1.425,0.9,1.94210680810956,1.93495101138675
0.975,1.425,0.925,1.94416822031022,1.93769302018036
0.975,1.425,0.95,1.94609400066689,1.94025280570057
0.975,1.425,0.975,1.94791415922129,1.94262811918986
0.975,1.425,1,1.94961826480562,1.94485476273887
0.975,1.45,0.6,1.90209430050611,1.87819265955478
0.975,1.45,0.625,1.90713881495658,1.88559692245755
0.975,1.45,0.65,1.91180916321582,1.89231781313501
0.975,1.45,0.675,1.91608587762882,1.89845822394844
0.975,1.45,0.7,1.92003492790186,1.90408940726519
0.975,1.45,0.725,1.9236877532406,1.90924209179163
0.975,1.45,0.75,1.92706163936715,1.91397491325043
0.975,1.45,0.775,1.93021859332471,1.9183337211042
0.975,1.45,0.8,1.93312796654579,1.9223430582023
0.975,1.45,0.825,1.93582511709461,1.92605967458001
0.975,1.45,0.85,1.93836483048661,1.92948078448263
0.975,1.45,0.875,1.94070903299147,1.93265548601837
0.975,1.45,0.9,1.94291621845112,1.93560631012525
0.975,1.45,0.925,1.94497545635142,1.93834738146207
0.975,1.45,0.95,1.94690194788569,1.94090834954747
0.975,1.45,0.975,1.94872357029931,1.94328539927919
0.975,1.45,1,1.95042603435032,1.94551011635738
0.975,1.475,0.6,1.90286458313785,1.87886702846108
0.975,1.475,0.625,1.9079083769468,1.88626791270158
0.975,1.475,0.65,1.91258197388954,1.8929773349983
0.975,1.475,0.675,1.91685589539724,1.89912266891359
0.975,1.475,0.7,1.92080415264697,1.90475222260181
0.975,1.475,0.725,1.92445526907879,1.9099044077823
0.975,1.475,0.75,1.92782684289512,1.91464034217364
0.975,1.475,0.775,1.93098727717924,1.91898626152309
0.975,1.475,0.8,1.93389459904211,1.92299829729028
0.975,1.475,0.825,1.93659002483478,1.92671504174261
0.975,1.475,0.85,1.93913131577203,1.93013012249005
0.975,1.475,0.875,1.94147193306452,1.93331153889661
0.975,1.475,0.9,1.94368032019286,1.93625706202879
0.975,1.475,0.925,1.9457385286304,1.9389979454243
0.975,1.475,0.95,1.94766443655392,1.94155755389141
0.975,1.475,0.975,1.94948711780803,1.94393043988288
0.975,1.475,1,1.95118868918435,1.94615603945924
0.975,1.5,0.6,1.90362895134513,1.87948071763193
0.975,1.5,0.625,1.9086686546943,1.88688025734764
0.975,1.5,0.65,1.91333269983827,1.89359213963317
0.975,1.5,0.675,1.91760953432072,1.89973570411205
0.975,1.5,0.7,1.92155612309219,1.9053660349112
0.975,1.5,0.725,1.92520981136983,1.91051681727632
0.975,1.5,0.75,1.9285823405571,1.91525246886924
0.975,1.5,0.775,1.93173171885683,1.91959813092703
0.975,1.5,0.8,1.93464096249237,1.92360911025904
0.975,1.5,0.825,1.93733739250261,1.92732418123015
0.975,1.5,0.85,1.93987272263201,1.93074007904155
0.975,1.5,0.875,1.94221953820826,1.93392147685098
0.975,1.5,0.9,1.94442223971533,1.93686653655148
0.975,1.5,0.925,1.94648199808664,1.93960637572975
0.975,1.5,0.95,1.94840605634901,1.94216452775448
0.975,1.5,0.975,1.95022427173663,1.94453786072011
0.975,1.5,1,1.95192662510537,1.9467631270505
1,0.75,0.6,1.83803040397032,1.82662273219805
1,0.75,0.625,1.84320872456045,1.83422634894326
1,0.75,0.65,1.84800103180823,1.84120704580971
1,0.75,0.675,1.8524277176301,1.84759606024266
1,0.75,0.7,1.85652498044979,1.85344390672922
1,0.75,0.725,1.86034647722667,1.8588498462599
1,0.75,0.75,1.86391867688263,1.86378283554735
1,0.75,0.775,1.86714798006246,1.86839932961957
1,0.75,0.8,1.8702220117992,1.87261114217706
1,0.75,0.825,1.87305997323037,1.876498448462
1,0.75,0.85,1.87570984792539,1.88010635844396
1,0.75,0.875,1.87818165104641,1.8834540971745
1,0.75,0.9,1.88049609084437,1.8865539460171
1,0.75,0.925,1.88267850807155,1.8894640150243
1,0.75,0.95,1.88471825295136,1.89216783946399
1,0.75,0.975,1.88662326701997,1.89469737715427
1,0.75,1,1.88843551204924,1.89705098536591
1,0.775,0.6,1.84257736075539,1.82995355582667
1,0.775,0.625,1.84776003401371,1.83757308724586
1,0.775,0.65,1.85255473270929,1.84455663928817
1,0.775,0.675,1.85698038186903,1.8509467730005
1,0.775,0.7,1.8610775465607,1.85680408455475
1,0.775,0.725,1.86490006265713,1.86219614155663
1,0.775,0.75,1.86844296994594,1.86715214077284
1,0.775,0.775,1.87166149669027,1.87177248489096
1,0.775,0.8,1.87477221629901,1.87594008968887
1,0.775,0.825,1.87760959972459,1.8798303896667
1,0.775,0.85,1.88025777402153,1.88343763697821
1,0.775,0.875,1.88272707286882,1.88678373178247
1,0.775,0.9,1.88503931342124,1.88988721750788
1,0.775,0.925,1.88722096545803,1.89278726864116
1,0.775,0.95,1.88925593859297,1.89549061519155
1,0.775,0.975,1.89116003678104,1.89801399903397
1,0.775,1,1.89297259154709,1.90036108802856
1,0.8,0.6,1.8468162010427,1.83300564377325
1,0.8,0.625,1.85201441698031,1.84063613783264
1,0.8,0.65,1.85681032419379,1.84762821856347
1,0.8,0.675,1.86124735063059,1.85401847781457
1,0.8,0.7,1.86534734929453,1.85988563766968
1,0.8,0.725,1.86915051833103,1.86526838668532
1,0.8,0.75,1.87268893821197,1.87021990470577
1,0.8,0.775,1.87595324507022,1.87479706203768
1,0.8,0.8,1.87906070483582,1.8789451588116
1,0.8,0.825,1.88184678611701,1.8828947543616
1,0.8,0.85,1.88449431919577,1.8865028855396
1,0.8,0.875,1.88696932979705,1.88984602933796
1,0.8,0.9,1.88928150746492,1.89295421600776
1,0.8,0.925,1.89144982251441,1.89584620878483
1,0.8,0.95,1.89348488853881,1.89854404055598
1,0.8,0.975,1.89538796927108,1.9010653735436
1,0.8,1,1.89718893580944,1.90340821597692
1,0.825,0.6,1.85074308593972,1.83584986437397
1,0.825,0.625,1.85593070615518,1.84346375551346
1,0.825,0.65,1.86072727928087,1.85044980302786
1,0.825,0.675,1.86515672750387,1.85683956483427
1,0.825,0.7,1.86925202748812,1.86268889794106
1,0.825,0.725,1.87306811811997,1.86808906799932
1,0.825,0.75,1.87660642944047,1.87304498725435
1,0.825,0.775,1.87986650725554,1.87762063526827
1,0.825,0.8,1.88293450054542,1.88182540992114
1,0.825,0.825,1.88579114382032,1.88568399611827
1,0.825,0.85,1.88840593473021,1.88931619253108
1,0.825,0.875,1.89087427928387,1.89265652114899
1,0.825,0.9,1.89318250975359,1.89575209309276
1,0.825,0.925,1.89535794390612,1.89865339630909
1,0.825,0.95,1.89739141355145,1.90135018958777
1,0.825,0.975,1.89929131688312,1.90387290179108
1,0.825,1,1.90109718603859,1.90622005750893
1,0.85,0.6,1.85436275166435,1.83851926924877
1,0.85,0.625,1.85955197628931,1.84613526851335
1,0.85,0.65,1.8643488414248,1.85312225459036
1,0.85,0.675,1.86877839731289,1.85951154855986
1,0.85,0.7,1.87287239034459,1.86536085484041
1,0.85,0.725,1.87668650614426,1.87075848791484
1,0.85,0.75,1.88022290220851,1.87571207790128
1,0.85,0.775,1.88348104521646,1.88028593747329
1,0.85,0.8,1.88654594766844,1.88448921123229
1,0.85,0.825,1.88937693817851,1.88836988905038
1,0.85,0.85,1.89204286932301,1.89194731946834
1,0.85,0.875,1.8944806667444,1.8953145906453
1,0.85,0.9,1.89678738916044,1.89840820902357
1,0.85,0.925,1.89896060986107,1.90130659448981
1,0.85,0.95,1.90099203986872,1.90400110606399
1,0.85,0.975,1.90289037090503,1.90652161390051
1,0.85,1,1.90469417549252,1.90886675376728
1,0.875,0.6,1.85769520699601,1.841034257115
1,0.875,0.625,1.86288481284376,1.84866308184271
1,0.875,0.65,1.86768195698327,1.85565034340603
1,0.875,0.675,1.87210923285823,1.86203940312481
1,0.875,0.7,1.87620136182651,1.8678962191663
1,0.875,0.725,1.88001710235186,1.87327937372601
1,0.875,0.75,1.88355226447246,1.87822765942178
1,0.875,0.775,1.88680533929307,1.88280011499166
1,0.875,0.8,1.88987213832103,1.8869935797362
1,0.875,0.825,1.89270038784132,1.89087826760994
1,0.875,0.85,1.89534135014979,1.89447780660028
1,0.875,0.875,1.89777133898875,1.89784898059966
1,0.875,0.9,1.90010433660328,1.90091697245178
1,0.875,0.925,1.90227772712041,1.90380581979646
1,0.875,0.95,1.90430515216518,1.90649985159155
1,0.875,0.975,1.90620275911145,1.90901523519001
1,0.875,1,1.90800709211201,1.91135416898333
1,0.9,0.6,1.86082501790975,1.84334878988736
1,0.9,0.625,1.86602571939695,1.85098365642105
1,0.9,0.65,1.87082208228128,1.85797668179228
1,0.9,0.675,1.87525727152936,1.864364783429
1,0.9,0.7,1.8793513421155,1.87022786225355
1,0.9,0.725,1.88315016065161,1.87560401028189
1,0.9,0.75,1.88668158667113,1.88054785888334
1,0.9,0.775,1.88993729044126,1.88511848198548
1,0.9,0.8,1.89298956978282,1.88930794393513
1,0.9,0.825,1.89582151713433,1.89319433405064
1,0.9,0.85,1.89846003692667,1.89679569463713
1,0.9,0.875,1.90092828372982,1.90013009965504
1,0.9,0.9,1.90319262211351,1.90327005154689
1,0.9,0.925,1.9053885455038,1.90611904606355
1,0.9,0.95,1.9074168870856,1.90880770032571
1,0.9,0.975,1.90931325672279,1.91132123439235
1,0.9,1,1.91110803223241,1.91365711998696
1,0.925,0.6,1.86374090685551,1.84551763057718
1,0.925,0.625,1.86893244148801,1.85313731193029
1,0.925,0.65,1.87372848929038,1.860124811911
1,0.925,0.675,1.87815667121764,1.86651168306975
1,0.925,0.7,1.88224654196324,1.87235941530311
1,0.925,0.725,1.88605499176466,1.87774970623695
1,0.925,0.75,1.88958586383005,1.88269655783347
1,0.925,0.775,1.89283862246541,1.88726465502927
1,0.925,0.8,1.89589694352243,1.89146162670873
1,0.925,0.825,1.89872186786251,1.89533810618065
1,0.925,0.85,1.90135841943984,1.8989343171953
1,0.925,0.875,1.90381978133504,1.90226761867975
1,0.925,0.9,1.90612014956634,1.90535786122281
1,0.925,0.925,1.90830659084315,1.90822952946786
1,0.925,0.95,1.91030941632343,1.91094113539066
1,0.925,0.975,1.91220390732685,1.91345507244783
1,0.925,1,1.91400249052328,1.91579458455084
1,0.95,0.6,1.86644196313247,1.84758681826195
1,0.95,0.625,1.87163617286531,1.85521624676819
1,0.95,0.65,1.87643029793897,1.86220332161087
1,0.95,0.675,1.88085822882328,1.86858852309349
1,0.95,0.7,1.88494837654745,1.87444212071051
1,0.95,0.725,1.88875084886125,1.87982070343385
1,0.95,0.75,1.89227962163156,1.88476282835037
1,0.95,0.775,1.89553005607855,1.88932929699748
1,0.95,0.8,1.89858370615498,1.89351759495594
1,0.95,0.825,1.90140866165182,1.8973968683166
1,0.95,0.85,1.90404249717238,1.90099208546496
1,0.95,0.875,1.90650272051898,1.90432363699185
1,0.95,0.9,1.90880196584003,1.90741693989064
1,0.95,0.925,1.91096499142023,1.91030003998707
1,0.95,0.95,1.91295699682027,1.91301909616039
1,0.95,0.975,1.91487787595035,1.91550173265298
1,0.95,1,1.9166733699326,1.91783554590261
1,0.975,0.6,1.8689565254656,1.84951007922312
1,0.975,0.625,1.87414659103746,1.85714132108272
1,0.975,0.65,1.87894133903059,1.86412760354502
1,0.975,0.675,1.88336609199697,1.87051263964554
1,0.975,0.7,1.88745167761206,1.87636611797922
1,0.975,0.725,1.89125989058908,1.88174005750385
1,0.975,0.75,1.89478764064661,1.88667972313812
1,0.975,0.775,1.89803419284357,1.89124466985594
1,0.975,0.8,1.90109247824792,1.89542981213684
1,0.975,0.825,1.90391319196312,1.89930795851435
1,0.975,0.85,1.90654611724311,1.90290159542948
1,0.975,0.875,1.90900354617447,1.90623210003951
1,0.975,0.9,1.91129898109447,1.90932454871101
1,0.975,0.925,1.91346433388685,1.91220494413144
1,0.975,0.95,1.91548551765332,1.91489082920166
1,0.975,0.975,1.91735685318883,1.91741987890145
1,0.975,1,1.91917144663968,1.9197349212946
1,1,0.6,1.87132840616987,1.85130495195925
1,1,0.625,1.87652698287313,1.8589392867514
1,1,0.65,1.88132011368382,1.86592969119789
1,1,0.675,1.88575087251754,1.87231332670065
1,1,0.7,1.88983803956481,1.87817081962348
1,1,0.725,1.89363132358467,1.88353971765772
1,1,0.75,1.89715572740735,1.88847565272121
1,1,0.775,1.90040423124086,1.89303869179894
1,1,0.8,1.90345004077382,1.89722111437336
1,1,0.825,1.90627393324397,1.90109995704992
1,1,0.85,1.90890497238817,1.9046945216975
1,1,0.875,1.9113654786069,1.90802286994735
1,1,0.9,1.91366114623684,1.91111757590345
1,1,0.925,1.91581658323721,1.91399368739384
1,1,0.95,1.91783771159657,1.91667605813993
1,1,0.975,1.91972854020416,1.91918275961751
1,1,1,1.92154553741163,1.92148518491476
1,1.025,0.6,1.87354534390509,1.85299772100725
1,1.025,0.625,1.87873595588766,1.86061809520968
1,1.025,0.65,1.88352850731425,1.86760373840571
1,1.025,0.675,1.88795301943006,1.87398585332424
1,1.025,0.7,1.89203634901913,1.87982992416103
1,1.025,0.725,1.89583749261527,1.88521116979926
1,1.025,0.75,1.89936117079478,1.89014947373074
1,1.025,0.775,1.90260723733642,1.8947099294811
1,1.025,0.8,1.90565793180214,1.89889921318132
1,1.025,0.825,1.90847600681933,1.90276944193702
1,1.025,0.85,1.91110567274558,1.90635967446599
1,1.025,0.875,1.91356120527149,1.90968626411193
1,1.025,0.9,1.91585389644996,1.91277231508396
1,1.025,0.925,1.91801387202076,1.91565524585325
1,1.025,0.95,1.92003317791638,1.9183370044995
1,1.025,0.975,1.92192184215848,1.92084479599144
1,1.025,1,1.92371479878975,1.92317782220689
1,1.05,0.6,1.87561992390592,1.8546193294839
1,1.05,0.625,1.8808116910508,1.86224755495135
1,1.05,0.65,1.88560189128247,1.86923242561003
1,1.05,0.675,1.89002615017243,1.87561220608103
1,1.05,0.7,1.89410910536109,1.88146131734362
1,1.05,0.725,1.89790451647745,1.88683234916692
1,1.05,0.75,1.90142610524194,1.89176624968595
1,1.05,0.775,1.90467035294992,1.89632509994953
1,1.05,0.8,1.90771660477824,1.90050678885424
1,1.05,0.825,1.91053443661137,1.90437943839754
1,1.05,0.85,1.91316164179766,1.90796882177748
1,1.05,0.875,1.91561645107318,1.91129356495509
1,1.05,0.9,1.91790841395361,1.91438203015938
1,1.05,0.925,1.92006414104906,1.91725869218811
1,1.05,0.95,1.92208139092586,1.91993966388797
1,1.05,0.975,1.92396912863469,1.922444149655
1,1.05,1,1.92575838772098,1.92477312319937
1,1.075,0.6,1.8775629658023,1.85611956836192
1,1.075,0.625,1.88275838679282,1.86375073416863
1,1.075,0.65,1.88754818790377,1.87073862051617
1,1.075,0.675,1.89197553010075,1.87711824540894
1,1.075,0.7,1.89605731637404,1.88297080772137
1,1.075,0.725,1.89984636764137,1.88833561515763
1,1.075,0.75,1.90336586246521,1.89326603136166
1,1.075,0.775,1.90660994118737,1.89782335340412
1,1.075,0.8,1.90965111554475,1.90200205704383
1,1.075,0.825,1.91246954815582,1.90587538326365
1,1.075,0.85,1.91509580503348,1.90946555209461
1,1.075,0.875,1.9175521590927,1.91278915402413
1,1.075,0.9,1.91984275632223,1.91587961156939
1,1.075,0.925,1.92199409232262,1.91875148556783
1,1.075,0.95,1.92401088784647,1.921429444171
1,1.075,0.975,1.92589740381413,1.9239325061776
1,1.075,1,1.92768305607498,1.92625949384904
1,1.1,0.6,1.87938892839304,1.85754759444089
1,1.1,0.625,1.88457708053848,1.86516624374554
1,1.1,0.65,1.88936700908054,1.87215062876865
1,1.1,0.675,1.89378751840817,1.8785277268366
1,1.1,0.7,1.89786565991287,1.88436812185946
1,1.1,0.725,1.90166235414323,1.8897441666517
1,1.1,0.75,1.90518117892382,1.89467686724637
1,1.1,0.775,1.90842286386307,1.89923172686452
1,1.1,0.8,1.91146886317768,1.90341668131539
1,1.1,0.825,1.91428204429735,1.90728240570566
1,1.1,0.85,1.91690727650585,1.91086860558246
1,1.1,0.875,1.91935910776553,1.91419055284279
1,1.1,0.9,1.92164693958967,1.91727319671351
1,1.1,0.925,1.92380287230998,1.92015136629997
1,1.1,0.95,1.92581809672913,1.92282928190947
1,1.1,0.975,1.92770336662548,1.92533222232769
1,1.1,1,1.92949202842046,1.92766253471356
1,1.125,0.6,1.8811155245709,1.8589038949974
1,1.125,0.625,1.88630892500258,1.8665315839292
1,1.125,0.65,1.89109632312652,1.8735169002014
1,1.125,0.675,1.89552015460532,1.87989457836556
1,1.125,0.7,1.89959886436539,1.88574247109811
1,1.125,0.725,1.90338586412663,1.89110493171358
1,1.125,0.75,1.90690226724747,1.89603210754723
1,1.125,0.775,1.91014204863045,1.9005873276953
1,1.125,0.8,1.91318139543742,1.90476312572652
1,1.125,0.825,1.9159969513824,1.90863206600014
1,1.125,0.85,1.91862031432261,1.91221899113172
1,1.125,0.875,1.92107333417132,1.91554022436038
1,1.125,0.9,1.92336130425767,1.91862672927442
1,1.125,0.925,1.92551061719812,1.92149674375915
1,1.125,0.95,1.92752474526281,1.92417247736414
1,1.125,0.975,1.92940818472266,1.92667385189218
1,1.125,1,1.93119225965461,1.9289988088828
1,1.15,0.6,1.88273002108469,1.86017106878637
1,1.15,0.625,1.88792011495609,1.86779535116979
1,1.15,0.65,1.89270751120464,1.8747811780066
1,1.15,0.675,1.8971300191954,1.88115700140451
1,1.15,0.7,1.90120569877008,1.88700273204702
1,1.15,0.725,1.90499430857579,1.89236702728256
1,1.15,0.75,1.90850933295181,1.89729297239945
1,1.15,0.775,1.91174938509446,1.90184491124313
1,1.15,0.8,1.91478878093752,1.90602286426037
1,1.15,0.825,1.9176010645405,1.90988977160505
1,1.15,0.85,1.92022386533052,1.91347628170444
1,1.15,0.875,1.92267587380622,1.91679566245878
1,1.15,0.9,1.92496126288821,1.91988122546623
1,1.15,0.925,1.92711140777878,1.92275105008705
1,1.15,0.95,1.9291241470551,1.9254248931005
1,1.15,0.975,1.93100807282432,1.92792428826216
1,1.15,1,1.93279203536286,1.93025009863431
1,1.175,0.6,1.88425897443321,1.86140265197399
1,1.175,0.625,1.88944319763929,1.86903056779778
1,1.175,0.65,1.89422926063822,1.87600974348399
1,1.175,0.675,1.89864536333866,1.88238466573803
1,1.175,0.7,1.90271823117598,1.88822922081103
1,1.175,0.725,1.90651333354897,1.89358675802763
1,1.175,0.75,1.91002805142477,1.89851141623233
1,1.175,0.775,1.91326284757943,1.90306338870548
1,1.175,0.8,1.91630788209508,1.90723431596993
1,1.175,0.825,1.91911654959163,1.91110091420073
1,1.175,0.85,1.92173779942534,1.91468329778398
1,1.175,0.875,1.92418514783431,1.91800215074709
1,1.175,0.9,1.92646870566322,1.92108554076549
1,1.175,0.925,1.92862244990671,1.92395263833588
1,1.175,0.95,1.93063264435203,1.92662740987007
1,1.175,0.975,1.93251481798869,1.92912606042651
1,1.175,1,1.93430216455287,1.93144794452336
1,1.2,0.6,1.88571282699649,1.86254353052989
1,1.2,0.625,1.89090314997651,1.87017134181551
1,1.2,0.65,1.89568702807504,1.87715306356275
1,1.2,0.675,1.90010756889986,1.88352627692416
1,1.2,0.7,1.90418197338307,1.889372297123
1,1.2,0.725,1.90796448409298,1.89472791749725
1,1.2,0.75,1.91147659450871,1.89965007059281
1,1.2,0.775,1.91471297528426,1.90420007864456
1,1.2,0.8,1.9177478047871,1.90837045437296
1,1.2,0.825,1.92055915976655,1.91223676548293
1,1.2,0.85,1.92317869552545,1.915819768585
1,1.2,0.875,1.92562846770986,1.91913684199423
1,1.2,0.9,1.92791267767885,1.92222126981972
1,1.2,0.925,1.93005840098988,1.92508618377016
1,1.2,0.95,1.93206930084019,1.9277580715529
1,1.2,0.975,1.93395007573925,1.93025573656312
1,1.2,1,1.93573084606949,1.93257701273625
1,1.225,0.6,1.88707834095594,1.86362717961509
1,1.225,0.625,1.89226314494823,1.87124372499022
1,1.225,0.65,1.89704649753588,1.87822206657121
1,1.225,0.675,1.90146197480603,1.88459382492516
1,1.225,0.7,1.90553372256656,1.89042972138482
1,1.225,0.725,1.90932179606729,1.89579474102311
1,1.225,0.75,1.91283316081614,1.90071848756859
1,1.225,0.775,1.91606759972661,1.9052664051954
1,1.225,0.8,1.91910591253518,1.90944229951854
1,1.225,0.825,1.92191335273398,1.91330213396837
1,1.225,0.85,1.92453213159612,1.91688220216366
1,1.225,0.875,1.92697830305395,1.92019789578049
1,1.225,0.9,1.92926052311742,1.92327602141454
1,1.225,0.925,1.9314096722034,1.9261461085838
1,1.225,0.95,1.93341913508075,1.92881735217394
1,1.225,0.975,1.93529907604381,1.93131530599562
1,1.225,1,1.93708209877354,1.93363948983644
1,1.25,0.6,1.88837443772496,1.86467790169266
1,1.25,0.625,1.89355916336735,1.87230088431275
1,1.25,0.65,1.89834028223719,1.87927777836449
1,1.25,0.675,1.9027558716781,1.88564761076551
1,1.25,0.7,1.90682679938877,1.89148759152243
1,1.25,0.725,1.91061030069635,1.89684366557149
1,1.25,0.75,1.91412014635624,1.90176395263061
1,1.25,0.775,1.91735339707975,1.90631081938504
1,1.25,0.8,1.92038828364889,1.9104800029374
1,1.25,0.825,1.9231953879862,1.91434208820312
1,1.25,0.85,1.9258122458576,1.91792131227404
1,1.25,0.875,1.92825817993027,1.92123575953087
1,1.25,0.9,1.93053976178559,1.92431590764307
1,1.25,0.925,1.93268564779889,1.92718080039665
1,1.25,0.95,1.93469397988017,1.9298515618084
1,1.25,0.975,1.93657319624906,1.93234709554024
1,1.25,1,1.93835379470189,1.93466740371881
1,1.275,0.6,1.88959479232855,1.86565450735542
1,1.275,0.625,1.89478172406488,1.87327827375121
1,1.275,0.65,1.89956216114339,1.88025690141425
1,1.275,0.675,1.90397943794933,1.8866262508232
1,1.275,0.7,1.90804961715642,1.89246785686977
1,1.275,0.725,1.91182849341587,1.89782018426595
1,1.275,0.75,1.91533678154991,1.90273803425595
1,1.275,0.775,1.91856980813642,1.90728361625824
1,1.275,0.8,1.92160104778451,1.91145118498538
1,1.275,0.825,1.92440858927013,1.91531330746501
1,1.275,0.85,1.92702470505604,1.91889299731228
1,1.275,0.875,1.92947152640372,1.92220655938598
1,1.275,0.9,1.93175231378206,1.92528777218689
1,1.275,0.925,1.93389514781308,1.92814969897078
1,1.275,0.95,1.93590322240806,1.93081830077345
1,1.275,0.975,1.93778153323686,1.93331285156022
1,1.275,1,1.93955970129113,1.9356319927921
1,1.3,0.6,1.89074948457228,1.8665901060589
1,1.3,0.625,1.89593122012828,1.87420366604964
1,1.3,0.65,1.90071129582566,1.88117911871575
1,1.3,0.675,1.90512340859853,1.88754714598274
1,1.3,0.7,1.90919098757793,1.89337946794038
1,1.3,0.725,1.91297574802638,1.89874053449001
1,1.3,0.75,1.91648338869867,1.90365998839624
1,1.3,0.775,1.91971441777035,1.90820361173384
1,1.3,0.8,1.92274943434027,1.91237631964444
1,1.3,0.825,1.92555327856426,1.91623263077522
1,1.3,0.85,1.92816888541861,1.91980961647432
1,1.3,0.875,1.93061224952067,1.92312190821358
1,1.3,0.9,1.93289108732867,1.92619735884121
1,1.3,0.925,1.93503761392049,1.92906417170419
1,1.3,0.95,1.93704422447053,1.9317326359832
1,1.3,0.975,1.93892194689191,1.9342270703117
1,1.3,1,1.94070257603158,1.93654895956966
1,1.325,0.6,1.89185629075557,1.86748842518434
1,1.325,0.625,1.89704096252682,1.87510934832753
1,1.325,0.65,1.90181917882175,1.88208541043583
1,1.325,0.675,1.90623352911874,1.88845288310081
1,1.325,0.7,1.91030113806783,1.89429105977043
1,1.325,0.725,1.91407847062351,1.89964095218395
1,1.325,0.75,1.9175844161983,1.90455619797801
1,1.325,0.775,1.92081428858543,1.90910012258019
1,1.325,0.8,1.92384423229489,1.91326513771387
1,1.325,0.825,1.92664961011311,1.91712425704555
1,1.325,0.85,1.92926365236292,1.92070154251615
1,1.325,0.875,1.93170808211274,1.92401338547727
1,1.325,0.9,1.93398696620067,1.92709189846361
1,1.325,0.925,1.93612847795177,1.92995222030588
1,1.325,0.95,1.93813469345725,1.93261923746494
1,1.325,0.975,1.94001090535502,1.93511251797814
1,1.325,1,1.94178809299454,1.93742997532772
1,1.35,0.6,1.89289364424759,1.86833049286797
1,1.35,0.625,1.89807599581045,1.87594742678288
1,1.35,0.65,1.90285415873465,1.88292377574142
1,1.35,0.675,1.90726690494502,1.8892896673655
1,1.35,0.7,1.91133249814276,1.89512534915542
1,1.35,0.725,1.91511133472247,1.90047769654609
1,1.35,0.75,1.91861624236422,1.90539219135008
1,1.35,0.775,1.92184604097308,1.90993358869224
1,1.35,0.8,1.92487632025743,1.91410102349702
1,1.35,0.825,1.92767945223533,1.91795808930196
1,1.35,0.85,1.9302932190071,1.92153507174559
1,1.35,0.875,1.9327366666966,1.92484549355624
1,1.35,0.9,1.93501382938164,1.92792288804123
1,1.35,0.925,1.9371562695602,1.93078374237599
1,1.35,0.95,1.93916131118227,1.93344936176044
1,1.35,0.975,1.9410379872426,1.93594128970773
1,1.35,1,1.9428153564179,1.93825986813821
1,1.375,0.6,1.89388588826317,1.86915789283525
1,1.375,0.625,1.89906306752127,1.87677903452215
1,1.375,0.65,1.90384026675423,1.88375005321984
1,1.375,0.675,1.90824816029122,1.89011527928083
1,1.375,0.7,1.91231103228639,1.89595117200855
1,1.375,0.725,1.91609536230502,1.90129645453159
1,1.375,0.75,1.91960007302983,1.90620957215944
1,1.375,0.775,1.92282594206529,1.91075123045655
1,1.375,0.8,1.9258609229381,1.91491197154354
1,1.375,0.825,1.92866105253432,1.91876963577898
1,1.375,0.85,1.93127379728668,1.92234358025982
1,1.375,0.875,1.9337138553516,1.92565377301352
1,1.375,0.9,1.93598935514814,1.92873021920522
1,1.375,0.925,1.93813491848908,1.93158802303064
1,1.375,0.95,1.94013800405783,1.93425443919188
1,1.375,0.975,1.94201357294994,1.9367457324558
1,1.375,1,1.94379379859306,1.9390606150655
1,1.4,0.6,1.89484027152132,1.86992630737452
1,1.4,0.625,1.90002217041752,1.87754601550424
1,1.4,0.65,1.90479729308959,1.88451877027898
1,1.4,0.675,1.9092088785872,1.89088245284944
1,1.4,0.7,1.91327322137143,1.89671857670092
1,1.4,0.725,1.91704698449685,1.90206356067921
1,1.4,0.75,1.92054969730294,1.90697500416629
1,1.4,0.775,1.92377703144736,1.91151498156938
1,1.4,0.8,1.92680357933192,1.91567617108539
1,1.4,0.825,1.92960602144918,1.9195331226047
1,1.4,0.85,1.93221731447475,1.92310749593989
1,1.4,0.875,1.93465943534766,1.92641628340587
1,1.4,0.9,1.93693573635174,1.92949310780824
1,1.4,0.925,1.93907464947195,1.93234994113998
1,1.4,0.95,1.94107863850321,1.93501420049976
1,1.4,0.975,1.94295297573713,1.93750483013172
1,1.4,1,1.94472782172329,1.93981975910927
1,1.425,0.6,1.89573744220822,1.87066031171383
1,1.425,0.625,1.90091545467121,1.8782708020496
1,1.425,0.65,1.90569028411786,1.88524121162878
1,1.425,0.675,1.91009764397601,1.89160366544987
1,1.425,0.7,1.91416014748447,1.89743191206417
1,1.425,0.725,1.91793835503519,1.90278448948606
1,1.425,0.75,1.92144045542774,1.90769713892007
1,1.425,0.775,1.92466618137943,1.91223543257323
1,1.425,0.8,1.92769556070547,1.91640129933584
1,1.425,0.825,1.93049523116949,1.9202531980854
1,1.425,0.85,1.93310615908889,1.92382554105214
1,1.425,0.875,1.93554548149906,1.92713325106031
1,1.425,0.9,1.93782038431518,1.93020530604261
1,1.425,0.925,1.93996213220967,1.93306630842494
1,1.425,0.95,1.94196484160483,1.93573003422321
1,1.425,0.975,1.94383878008858,1.93822086722634
1,1.425,1,1.94561549933024,1.94053829768263
1,1.45,0.6,1.8966005029789,1.87137957016617
1,1.45,0.625,1.90177802059434,1.87899569021808
1,1.45,0.65,1.90655092374728,1.88596452421913
1,1.45,0.675,1.91095878322187,1.8923254946787
1,1.45,0.7,1.91502040011127,1.89815727768763
1,1.45,0.725,1.91879479403498,1.90350199521578
1,1.45,0.75,1.92229579118539,1.90841188838543
1,1.45,0.775,1.92552080802216,1.91294954801705
1,1.45,0.8,1.9285473907244,1.91710947685612
1,1.45,0.825,1.9313467630188,1.92096349854259
1,1.45,0.85,1.93395615985106,1.92453508655928
1,1.45,0.875,1.93639557359009,1.92784196829951
1,1.45,0.9,1.93866995481008,1.93091580376836
1,1.45,0.925,1.9408090174985,1.93377240465222
1,1.45,0.95,1.94281115805048,1.93643587369108
1,1.45,0.975,1.94468443537459,1.938924937757
1,1.45,1,1.94645920210683,1.94123899654929
1,1.475,0.6,1.89741535301524,1.87204987902562
1,1.475,0.625,1.90259441993459,1.87966580277549
1,1.475,0.65,1.90736666758501,1.88663575752684
1,1.475,0.675,1.91177560547192,1.89299619236146
1,1.475,0.7,1.91583679341594,1.89882867691294
1,1.475,0.725,1.91960768298003,1.90417118765323
1,1.475,0.75,1.92310752866977,1.90907936401619
1,1.475,0.775,1.92633239222226,1.91361596799954
1,1.475,0.8,1.92935622734579,1.9177751142941
1,1.475,0.825,1.932155980204,1.92162888739346
1,1.475,0.85,1.93476481362881,1.92520078487814
1,1.475,0.875,1.93720482077125,1.92850697142471
1,1.475,0.9,1.93947874373011,1.93158136967301
1,1.475,0.925,1.94161555462455,1.93443612256685
1,1.475,0.95,1.94361756352922,1.93709800360053
1,1.475,0.975,1.94549016320164,1.93958638376861
1,1.475,1,1.94726313668389,1.94189982841619
1,1.5,0.6,1.89818929652733,1.87269500527219
1,1.5,0.625,1.90336455651511,1.88030248234853
1,1.5,0.65,1.90813667313057,1.88727024049328
1,1.5,0.675,1.91254114578282,1.89362958508182
1,1.5,0.7,1.91660045217345,1.89945476346272
1,1.5,0.725,1.92037631387868,1.90480442982616
1,1.5,0.75,1.92387562639635,1.90971384347896
1,1.5,0.775,1.92709875270539,1.91424887297099
1,1.5,0.8,1.93012584556377,1.91841242982979
1,1.5,0.825,1.93292286196122,1.92226160182355
1,1.5,0.85,1.93553151377424,1.9258316108423
1,1.5,0.875,1.9379687051638,1.92913680657129
1,1.5,0.9,1.94024119019118,1.93220678682812
1,1.5,0.925,1.94238120540403,1.93506551487699
1,1.5,0.95,1.94438183383369,1.93772722716327
1,1.5,0.975,1.94625421988358,1.94021553166295
1,1.5,1,1.94802934917803,1.94253136062041
1.025,0.75,0.6,1.83015129827033,1.81826710661452
1.025,0.75,0.625,1.83545750380068,1.82610054197019
1.025,0.75,0.65,1.84036392057302,1.83329353009694
1.025,0.75,0.675,1.8449099058184,1.83988696051952
1.025,0.75,0.7,1.84912678991453,1.84594178069411
1.025,0.75,0.725,1.85303523103494,1.85153331843838
1.025,0.75,0.75,1.8567361206016,1.85658930814374
1.025,0.75,0.775,1.86005371191683,1.86138882449891
1.025,0.75,0.8,1.8631883962435,1.86577614887961
1.025,0.75,0.825,1.86613269951532,1.86980727329316
1.025,0.75,0.85,1.86887318045661,1.87356135931147
1.025,0.75,0.875,1.87143399195492,1.87704294875257
1.025,0.75,0.9,1.87383146861299,1.88027792696039
1.025,0.75,0.925,1.87607708102339,1.88329136024145
1.025,0.75,0.95,1.87818559174834,1.88610197463721
1.025,0.75,0.975,1.88017243488387,1.88872712684179
1.025,0.75,1,1.88202633188423,1.89118855616937
1.025,0.775,0.6,1.83490288386013,1.8216224775539
1.025,0.775,0.625,1.84020446406192,1.82946057939877
1.025,0.775,0.65,1.84510829685848,1.83663278853409
1.025,0.775,0.675,1.84967621190399,1.84325376290015
1.025,0.775,0.7,1.85388495841826,1.84930886681305
1.025,0.775,0.725,1.85780207536835,1.85490826962283
1.025,0.775,0.75,1.86146079809225,1.86003449729291
1.025,0.775,0.775,1.86486072291811,1.86472575400236
1.025,0.775,0.8,1.86795596453163,1.86914718822622
1.025,0.775,0.825,1.87091160661809,1.87318790662157
1.025,0.775,0.85,1.87362965814904,1.87690816170999
1.025,0.775,0.875,1.87620121711433,1.88040274814063
1.025,0.775,0.9,1.87859038987112,1.88363561723766
1.025,0.775,0.925,1.88083151316763,1.88663496979342
1.025,0.775,0.95,1.88294885306103,1.88945649216368
1.025,0.775,0.975,1.88493498389262,1.89208421725336
1.025,0.775,1,1.88678454573963,1.89454410139838
1.025,0.8,0.6,1.83925127906318,1.82483388268867
1.025,0.8,0.625,1.84455470690276,1.83267667084542
1.025,0.8,0.65,1.84946119430771,1.83986351538373
1.025,0.8,0.675,1.85403375905151,1.84646835290922
1.025,0.8,0.7,1.85824103718731,1.85252428087944
1.025,0.8,0.725,1.86215493919989,1.85811781144044
1.025,0.8,0.75,1.86581702396125,1.86323389027318
1.025,0.8,0.775,1.8691881803733,1.86795910887891
1.025,0.8,0.8,1.87227318193181,1.87238394150705
1.025,0.8,0.825,1.87526480222154,1.87638128141229
1.025,0.8,0.85,1.87798078517688,1.88011535181202
1.025,0.8,0.875,1.88055224230363,1.88359854887741
1.025,0.8,0.9,1.88293900134196,1.88682990454369
1.025,0.8,0.925,1.88517798089624,1.88983296283748
1.025,0.8,0.95,1.88729470955239,1.89264462589733
1.025,0.8,0.975,1.88927923523557,1.89526771283701
1.025,0.8,1,1.89112495333035,1.89772588414584
1.025,0.825,0.6,1.84333396583694,1.82777622821288
1.025,0.825,0.625,1.84865372141921,1.8356231217647
1.025,0.825,0.65,1.85356617060184,1.84282408138483
1.025,0.825,0.675,1.85811781683555,1.8494205415912
1.025,0.825,0.7,1.86233610182839,1.85547640122917
1.025,0.825,0.725,1.86624162149401,1.86106642164883
1.025,0.825,0.75,1.86988450936966,1.86617689635724
1.025,0.825,0.775,1.87326211704578,1.87090703164939
1.025,0.825,0.8,1.87639240301202,1.87528909404143
1.025,0.825,0.825,1.87938143765186,1.87926660661331
1.025,0.825,0.85,1.88205980609761,1.88307044237819
1.025,0.825,0.875,1.88461705279512,1.88654417362831
1.025,0.825,0.9,1.88700961587577,1.88977270380408
1.025,0.825,0.925,1.88924868135936,1.89278048367197
1.025,0.825,0.95,1.89135219651343,1.89558429604685
1.025,0.825,0.975,1.89333334424556,1.89820275483824
1.025,0.825,1,1.89518173791184,1.90065825623294
1.025,0.85,0.6,1.84709292338168,1.83052944719967
1.025,0.85,0.625,1.8524151981756,1.83837929019679
1.025,0.85,0.65,1.85732808118416,1.84558155368992
1.025,0.85,0.675,1.86188076120455,1.85217817925131
1.025,0.85,0.7,1.86609865575038,1.85823365131764
1.025,0.85,0.725,1.87000303764035,1.86382217081761
1.025,0.85,0.75,1.87364516248639,1.86893161600227
1.025,0.85,0.775,1.87702045545702,1.87366009129793
1.025,0.85,0.8,1.88014793917441,1.87804127334535
1.025,0.85,0.825,1.88308825051638,1.88206444793057
1.025,0.85,0.85,1.88586307353164,1.88576723725915
1.025,0.85,0.875,1.88836741387655,1.88929014600087
1.025,0.85,0.9,1.89075890586821,1.89251591075311
1.025,0.85,0.925,1.89299584119259,1.89552166637721
1.025,0.85,0.95,1.89509785838048,1.89832325795386
1.025,0.85,0.975,1.89707714064444,1.90093954290953
1.025,0.85,1,1.89892374995385,1.90339313921224
1.025,0.875,0.6,1.85058213855188,1.83306183739342
1.025,0.875,0.625,1.8558983791373,1.84091342162774
1.025,0.875,0.65,1.86080775875296,1.84809700789476
1.025,0.875,0.675,1.86537576552288,1.85471520888817
1.025,0.875,0.7,1.86958619244635,1.86076949110406
1.025,0.875,0.725,1.8734969777018,1.86636252152161
1.025,0.875,0.75,1.8771485362115,1.87148343085151
1.025,0.875,0.775,1.88051466429757,1.87619916230702
1.025,0.875,0.8,1.88363882948443,1.88057817442669
1.025,0.875,0.825,1.88658554972125,1.88461076120852
1.025,0.875,0.85,1.88929838404644,1.88833015036724
1.025,0.875,0.875,1.89188466980194,1.89178945692965
1.025,0.875,0.9,1.89424029945738,1.89504223412998
1.025,0.875,0.925,1.89647415696612,1.89803570097517
1.025,0.875,0.95,1.89858276075901,1.9008460788742
1.025,0.875,0.975,1.90056116122034,1.90346423265895
1.025,0.875,1,1.90240431680146,1.90591628203253
1.025,0.9,0.6,1.85379781694993,1.83551011408569
1.025,0.9,0.625,1.85911334625289,1.84336369201249
1.025,0.9,0.65,1.86402227121715,1.85055888382634
1.025,0.9,0.675,1.8685939387563,1.8571604261306
1.025,0.9,0.7,1.87280195028464,1.86321441891706
1.025,0.9,0.725,1.87670971428196,1.868801571234
1.025,0.9,0.75,1.8803647601431,1.87391091067448
1.025,0.9,0.775,1.8837289494302,1.87863181149611
1.025,0.9,0.8,1.88684814172321,1.88300952228929
1.025,0.9,0.825,1.88979683892957,1.88703242922023
1.025,0.9,0.85,1.89250512498061,1.89076542578135
1.025,0.9,0.875,1.8950686561722,1.89423719092514
1.025,0.9,0.9,1.8974166001658,1.89749397921949
1.025,0.9,0.925,1.89967657642722,1.90046214134726
1.025,0.9,0.95,1.90178548210982,1.90326310618406
1.025,0.9,0.975,1.90376261874397,1.90587717202674
1.025,0.9,1,1.90560251637384,1.90832793095916
1.025,0.925,0.6,1.85684035743281,1.83775840060517
1.025,0.925,0.625,1.86216725399861,1.84561370775401
1.025,0.925,0.65,1.86708018948574,1.85281796535712
1.025,0.925,0.675,1.87163304145164,1.85941332057074
1.025,0.925,0.7,1.87584882768157,1.86546635360109
1.025,0.925,0.725,1.87974916087396,1.87105006125826
1.025,0.925,0.75,1.88338781775747,1.87615536205393
1.025,0.925,0.775,1.88675735143736,1.88087855075415
1.025,0.925,0.8,1.88987923727868,1.88525442382435
1.025,0.925,0.825,1.89281360451491,1.88927349036746
1.025,0.925,0.85,1.89553689375367,1.89301589849599
1.025,0.925,0.875,1.89808683160977,1.89648197242066
1.025,0.925,0.9,1.90047305037691,1.8997022031864
1.025,0.925,0.925,1.9026648347465,1.90274202720311
1.025,0.925,0.95,1.90479612392679,1.90550356018693
1.025,0.925,0.975,1.90677113803936,1.90811314288321
1.025,0.925,1,1.90861306514292,1.91056134647106
1.025,0.95,0.6,1.85965609790966,1.83983923724862
1.025,0.95,0.625,1.86497663971958,1.84769520980734
1.025,0.95,0.65,1.86988599946586,1.854882310957
1.025,0.95,0.675,1.87445130929629,1.86149630897412
1.025,0.95,0.7,1.87866006994486,1.86754785102749
1.025,0.95,0.725,1.88256540183639,1.87313503047656
1.025,0.95,0.75,1.886211744215,1.87825038762615
1.025,0.95,0.775,1.88957340040303,1.88296204476436
1.025,0.95,0.8,1.89269241032204,1.88733553653055
1.025,0.95,0.825,1.89563281962692,1.89136214613306
1.025,0.95,0.85,1.89834095003888,1.89508030121177
1.025,0.95,0.875,1.90089726558087,1.89855582415296
1.025,0.95,0.9,1.90327667273931,1.90177503712466
1.025,0.95,0.925,1.90550445231715,1.90476542183507
1.025,0.95,0.95,1.90762646201623,1.90754955304851
1.025,0.95,0.975,1.90957665101312,1.91018465234293
1.025,0.95,1,1.91141618521515,1.9126308263464
1.025,0.975,0.6,1.86228630192587,1.84183099931285
1.025,0.975,0.625,1.86760753564929,1.84968769672941
1.025,0.975,0.65,1.8725162753099,1.85687549832607
1.025,0.975,0.675,1.87708032390426,1.86348774040634
1.025,0.975,0.7,1.88128825406934,1.86953811970087
1.025,0.975,0.725,1.88519156353991,1.87512323904456
1.025,0.975,0.75,1.88883607721278,1.88023665592314
1.025,0.975,0.775,1.89219614585926,1.88494690169179
1.025,0.975,0.8,1.89531344108286,1.88931854864921
1.025,0.975,0.825,1.8982518586735,1.8933431144569
1.025,0.975,0.85,1.90095858267994,1.89706074668682
1.025,0.975,0.875,1.90351282281739,1.90053389667035
1.025,0.975,0.9,1.90589071497015,1.90375150938957
1.025,0.975,0.925,1.90811621147168,1.90674126342039
1.025,0.975,0.95,1.91021768928677,1.90954183375154
1.025,0.975,0.975,1.91220610586342,1.91213513202507
1.025,0.975,1,1.9140230534403,1.91460092618843
1.025,1,0.6,1.86472465582146,1.84373884122908
1.025,1,0.625,1.87004413824425,1.85159620671754
1.025,1,0.65,1.8749509695059,1.85879376231766
1.025,1,0.675,1.87951833392567,1.86538971144495
1.025,1,0.7,1.88372360982881,1.87143941309125
1.025,1,0.725,1.88762424623343,1.87701914342571
1.025,1,0.75,1.89127192205355,1.8821211241771
1.025,1,0.775,1.89462958961855,1.88683608328089
1.025,1,0.8,1.89774258295389,1.89120661194832
1.025,1,0.825,1.90068312731066,1.89522163266557
1.025,1,0.85,1.90338534274756,1.89895121698355
1.025,1,0.875,1.90594011582955,1.90241476133495
1.025,1,0.9,1.90831577074071,1.9056313931174
1.025,1,0.925,1.91053877983991,1.90862415475915
1.025,1,0.95,1.91264000406432,1.91141710324471
1.025,1,0.975,1.91461093318015,1.91402337392963
1.025,1,1,1.91642518495801,1.9164881948904
1.025,1.025,0.6,1.86704853705236,1.84549328506891
1.025,1.025,0.625,1.87237657282385,1.85335112286299
1.025,1.025,0.65,1.87728644266669,1.86055454258008
1.025,1.025,0.675,1.88183698854949,1.86714615223804
1.025,1.025,0.7,1.88604821130257,1.87319452976908
1.025,1.025,0.725,1.88994238101043,1.87877118085037
1.025,1.025,0.75,1.89357580683221,1.8838705118493
1.025,1.025,0.775,1.89693782787872,1.88858651470859
1.025,1.025,0.8,1.9000528452806,1.8929551546139
1.025,1.025,0.825,1.90298110525204,1.89696756969955
1.025,1.025,0.85,1.90569601892271,1.90070360388412
1.025,1.025,0.875,1.90823954245778,1.90416251372992
1.025,1.025,0.9,1.9106183530707,1.90737710867417
1.025,1.025,0.925,1.91284168127818,1.91037218812393
1.025,1.025,0.95,1.91493311108877,1.91316094242197
1.025,1.025,0.975,1.9169011975636,1.91576463487783
1.025,1.025,1,1.91873793712118,1.91820629010331
1.025,1.05,0.6,1.8692048312089,1.84712579896637
1.025,1.05,0.625,1.87452674746843,1.85498344265667
1.025,1.05,0.65,1.87943316273512,1.86217158056176
1.025,1.05,0.675,1.8839936024037,1.86877928112086
1.025,1.05,0.7,1.88819863134593,1.87482597299785
1.025,1.05,0.725,1.89209660716735,1.88040519131155
1.025,1.05,0.75,1.89573609297067,1.8855135202205
1.025,1.05,0.775,1.89909154929217,1.89021944557207
1.025,1.05,0.8,1.90220417509741,1.89458567619624
1.025,1.05,0.825,1.90513729540394,1.89860490773481
1.025,1.05,0.85,1.90783977785868,1.90232013516279
1.025,1.05,0.875,1.91038875573431,1.9057871081525
1.025,1.05,0.9,1.9127626574656,1.90900000490828
1.025,1.05,0.925,1.91498312542407,1.91198654501064
1.025,1.05,0.95,1.91707909410861,1.91478215137454
1.025,1.05,0.975,1.91904620725756,1.91738730882517
1.025,1.05,1,1.92087999991997,1.91982815669109
1.025,1.075,0.6,1.87121916262132,1.8487280161259
1.025,1.075,0.625,1.87653894795413,1.85658496943633
1.025,1.075,0.65,1.88144289656293,1.86378185657043
1.025,1.075,0.675,1.88600591648696,1.87037451644558
1.025,1.075,0.7,1.89020826109805,1.87641984748579
1.025,1.075,0.725,1.89410382535529,1.88199457587757
1.025,1.075,0.75,1.89774459507909,1.88709119731023
1.025,1.075,0.775,1.90109852840723,1.89180205887347
1.025,1.075,0.8,1.90420746490626,1.89616746825905
1.025,1.075,0.825,1.9071412700666,1.90017706850332
1.025,1.075,0.85,1.90984028648911,1.90390372997959
1.025,1.075,0.875,1.91238966647739,1.90736198438357
1.025,1.075,0.9,1.91476153862813,1.91057373639685
1.025,1.075,0.925,1.91697973842032,1.91356307853018
1.025,1.075,0.95,1.91907587434896,1.91635134521176
1.025,1.075,0.975,1.9210418436567,1.91895342089483
1.025,1.075,1,1.92287313822888,1.92139379495024
1.025,1.1,0.6,1.87314387227376,1.85019942122909
1.025,1.1,0.625,1.8784712948022,1.85805699235524
1.025,1.1,0.65,1.88337773924543,1.8652578025481
1.025,1.1,0.675,1.8879255489409,1.87184719828774
1.025,1.1,0.7,1.89213333096215,1.87789159388531
1.025,1.1,0.725,1.89602305838189,1.88346287918396
1.025,1.1,0.75,1.89965230778504,1.88855893237046
1.025,1.1,0.775,1.90300902759273,1.8932694438451
1.025,1.1,0.8,1.90611976355963,1.89763271562649
1.025,1.1,0.825,1.90904364562928,1.90164141568158
1.025,1.1,0.85,1.91175305652068,1.90537254821037
1.025,1.1,0.875,1.91429241610864,1.90882698121639
1.025,1.1,0.9,1.91666725287583,1.91203710000667
1.025,1.1,0.925,1.91888580582481,1.91502816369019
1.025,1.1,0.95,1.92097332594201,1.91781283775514
1.025,1.1,0.975,1.92293729173321,1.92041233757975
1.025,1.1,1,1.92476979794425,1.92285067684633
1.025,1.125,0.6,1.87492895942852,1.85158030719956
1.025,1.125,0.625,1.88025006897637,1.85943745708733
1.025,1.125,0.65,1.88515316487309,1.86662430119219
1.025,1.125,0.675,1.88971022578719,1.87322818053743
1.025,1.125,0.7,1.89391200786084,1.87927094449039
1.025,1.125,0.725,1.8978051137088,1.88484452103598
1.025,1.125,0.75,1.90144011698829,1.88994871269618
1.025,1.125,0.775,1.90479093749436,1.89465026046252
1.025,1.125,0.8,1.90789937563727,1.8990112360689
1.025,1.125,0.825,1.9108279459755,1.90302615806996
1.025,1.125,0.85,1.91352596408568,1.90673849581389
1.025,1.125,0.875,1.91607064633764,1.91020033202375
1.025,1.125,0.9,1.91844104322467,1.91340885608122
1.025,1.125,0.925,1.92065696920651,1.91639222001789
1.025,1.125,0.95,1.92274898474698,1.91918317432091
1.025,1.125,0.975,1.92471224183302,1.92178397566192
1.025,1.125,1,1.92654269943173,1.92422095537233
1.025,1.15,0.6,1.87663116668744,1.85292829411051
1.025,1.15,0.625,1.88195621931858,1.86078606541391
1.025,1.15,0.65,1.88686023671111,1.86798338506308
1.025,1.15,0.675,1.89140728393059,1.87457106810547
1.025,1.15,0.7,1.89561147653263,1.88061364215797
1.025,1.15,0.725,1.89949775310128,1.88618229735789
1.025,1.15,0.75,1.90312580741075,1.89127545251293
1.025,1.15,0.775,1.90647945473448,1.89598150121149
1.025,1.15,0.8,1.90958594012216,1.90034289768085
1.025,1.15,0.825,1.91250836617287,1.90434871509056
1.025,1.15,0.85,1.91521403720563,1.90807475714096
1.025,1.15,0.875,1.91775156746773,1.91152703023934
1.025,1.15,0.9,1.92012310181795,1.91473498820508
1.025,1.15,0.925,1.9223390748467,1.9177222592859
1.025,1.15,0.95,1.92442487813487,1.92050511678421
1.025,1.15,0.975,1.92638644763287,1.92310237089517
1.025,1.15,1,1.928215735722,1.92553932759473
1.025,1.175,0.6,1.87822655091819,1.85418099461463
1.025,1.175,0.625,1.88355232867145,1.86203739192142
1.025,1.175,0.65,1.88845514050323,1.86923515117803
1.025,1.175,0.675,1.89300005612959,1.87582190684401
1.025,1.175,0.7,1.89720422467362,1.88186237793416
1.025,1.175,0.725,1.90108973692405,1.88742856460818
1.025,1.175,0.75,1.9047151049536,1.89252136556982
1.025,1.175,0.775,1.90806702358066,1.89722685852182
1.025,1.175,0.8,1.91117376744859,1.90158527741304
1.025,1.175,0.825,1.91409374631848,1.90559050850602
1.025,1.175,0.85,1.9167982655496,1.9093172855234
1.025,1.175,0.875,1.91933398891697,1.91276766746735
1.025,1.175,0.9,1.92170522032296,1.91597381151502
1.025,1.175,0.925,1.92391965050969,1.91896125899
1.025,1.175,0.95,1.92600386486934,1.92174223096963
1.025,1.175,0.975,1.92796436754703,1.92433788146087
1.025,1.175,1,1.9297937740233,1.9267726646045
1.025,1.2,0.6,1.87971453756609,1.85538725689006
1.025,1.2,0.625,1.88503182351786,1.86324365967177
1.025,1.2,0.65,1.88993012099946,1.87043870511783
1.025,1.2,0.675,1.89448851835236,1.8770210402551
1.025,1.2,0.7,1.89868500382797,1.883060954477
1.025,1.2,0.725,1.90257277516578,1.88862677517029
1.025,1.2,0.75,1.90620864402327,1.89371440843869
1.025,1.2,0.775,1.90955437088658,1.89841821684251
1.025,1.2,0.8,1.91265599835532,1.90277673311141
1.025,1.2,0.825,1.91558461791057,1.90677770108911
1.025,1.2,0.85,1.91827560812069,1.91050044908285
1.025,1.2,0.875,1.92081900962497,1.91394922506172
1.025,1.2,0.9,1.92318491674144,1.91715498100192
1.025,1.2,0.925,1.9253964897702,1.92013918298563
1.025,1.2,0.95,1.92748716892996,1.92291919404259
1.025,1.2,0.975,1.92944735655442,1.92551473488616
1.025,1.2,1,1.93127303541089,1.92795001214668
1.025,1.225,0.6,1.88115864645626,1.8565144650343
1.025,1.225,0.625,1.88648209745977,1.86436996825886
1.025,1.225,0.65,1.89138314849656,1.87156756153092
1.025,1.225,0.675,1.89592618420447,1.87814857215944
1.025,1.225,0.7,1.90012714950809,1.88418676244565
1.025,1.225,0.725,1.90400961320544,1.88975028788615
1.025,1.225,0.75,1.90763304065681,1.89483754369
1.025,1.225,0.775,1.91098257625579,1.89954131339716
1.025,1.225,0.8,1.91408579599328,1.9038977853441
1.025,1.225,0.825,1.91700383466607,1.90789816966318
1.025,1.225,0.85,1.91970590434956,1.91162384219935
1.025,1.225,0.875,1.9222394806586,1.91507038022725
1.025,1.225,0.9,1.92460790935781,1.9182743695127
1.025,1.225,0.925,1.92682037747147,1.92125977353741
1.025,1.225,0.95,1.92890266858529,1.92403761129828
1.025,1.225,0.975,1.93086105814068,1.92663118570916
1.025,1.225,1,1.93268786081949,1.92906462702721
1.025,1.25,0.6,1.88250516564772,1.8575648203608
1.025,1.25,0.625,1.88782358686533,1.86541947757383
1.025,1.25,0.65,1.89272232860086,1.8726052400963
1.025,1.25,0.675,1.89727151660948,1.87919844147309
1.025,1.25,0.7,1.90146777895809,1.88523504360537
1.025,1.25,0.725,1.90535252501784,1.89080016740921
1.025,1.25,0.75,1.90897972343766,1.89589463131602
1.025,1.25,0.775,1.91232501973802,1.90059057773635
1.025,1.25,0.8,1.9154264268136,1.90494510939358
1.025,1.25,0.825,1.91834755923161,1.90895103556155
1.025,1.25,0.85,1.9210415766571,1.91266128117103
1.025,1.25,0.875,1.9235787635153,1.91611395981673
1.025,1.25,0.9,1.92594375459208,1.9193166081289
1.025,1.25,0.925,1.92815444087202,1.9222958187944
1.025,1.25,0.95,1.93023980637729,1.92507880733451
1.025,1.25,0.975,1.93219736772329,1.92767298302422
1.025,1.25,1,1.93402278239241,1.93010553454234
1.025,1.275,0.6,1.88376727515338,1.85861967176826
1.025,1.275,0.625,1.88908333290633,1.86647387895476
1.025,1.275,0.65,1.89397885186946,1.87366662822725
1.025,1.275,0.675,1.89853181179982,1.88024575503999
1.025,1.275,0.7,1.9027256707365,1.88628165585257
1.025,1.275,0.725,1.90660893150677,1.89184276142286
1.025,1.275,0.75,1.91023940345453,1.89692716985782
1.025,1.275,0.775,1.91358193695545,1.90162714465894
1.025,1.275,0.8,1.91668041545513,1.90598116192561
1.025,1.275,0.825,1.91960406330206,1.90997891390512
1.025,1.275,0.85,1.92229310141112,1.9136987737509
1.025,1.275,0.875,1.92483187755296,1.91714380462556
1.025,1.275,0.9,1.92719526912128,1.92034594329669
1.025,1.275,0.925,1.9294038062887,1.92332749932601
1.025,1.275,0.95,1.93149042205499,1.92610413528931
1.025,1.275,0.975,1.93344760361315,1.92869632163508
1.025,1.275,1,1.93527100765565,1.93112835576713
1.025,1.3,0.6,1.88499503066521,1.85958659976159
1.025,1.3,0.625,1.89031655502733,1.86743999727502
1.025,1.3,0.65,1.89521418330621,1.87463409773389
1.025,1.3,0.675,1.89975401268653,1.88121270572366
1.025,1.3,0.7,1.90395187493911,1.8872471086837
1.025,1.3,0.725,1.90783064323007,1.892806218405
1.025,1.3,0.75,1.91145042924503,1.89789075876007
1.025,1.3,0.775,1.91479606826025,1.90259008451037
1.025,1.3,0.8,1.91789609258136,1.90694235039057
1.025,1.3,0.825,1.92081065784447,1.91093996086729
1.025,1.3,0.85,1.92350903584476,1.91466163967574
1.025,1.3,0.875,1.9260394274642,1.91810499861679
1.025,1.3,0.9,1.92840507381835,1.92130562250054
1.025,1.3,0.925,1.93061429534913,1.92428795695207
1.025,1.3,0.95,1.93269375586152,1.92706290873947
1.025,1.3,0.975,1.93464941270486,1.9296533675191
1.025,1.3,1,1.9364738833323,1.93208381427349
1.025,1.325,0.6,1.88613786680308,1.86049499030843
1.025,1.325,0.625,1.8914541223738,1.86834759863967
1.025,1.325,0.65,1.89634948101294,1.87553080543001
1.025,1.325,0.675,1.90089564924962,1.88212060791835
1.025,1.325,0.7,1.90508879479818,1.88815357674956
1.025,1.325,0.725,1.90896978285993,1.89371414054341
1.025,1.325,0.75,1.91259354506656,1.89880533744946
1.025,1.325,0.775,1.91593520963685,1.90349762102363
1.025,1.325,0.8,1.91903344252644,1.90784805893881
1.025,1.325,0.825,1.92195131086202,1.91185081859953
1.025,1.325,0.85,1.92464187682884,1.91555840498837
1.025,1.325,0.875,1.92717611548957,1.91900748210586
1.025,1.325,0.9,1.92953849259047,1.92220688135809
1.025,1.325,0.925,1.93174598662675,1.92518356842554
1.025,1.325,0.95,1.93382872787804,1.92796333453767
1.025,1.325,0.975,1.93578384038272,1.93055466427853
1.025,1.325,1,1.93760686643447,1.93298400517255
1.025,1.35,0.6,1.88723585870351,1.86140305796721
1.025,1.35,0.625,1.89255308740892,1.86925391611261
1.025,1.35,0.65,1.89744776331128,1.87644274565912
1.025,1.35,0.675,1.90198932017086,1.88302204531235
1.025,1.35,0.7,1.90618273523393,1.8890533518
1.025,1.35,0.725,1.91006116789994,1.89461100089145
1.025,1.35,0.75,1.9136814089981,1.89969431805998
1.025,1.35,0.775,1.91702282143607,1.90438966107248
1.025,1.35,0.8,1.92012008768773,1.90873931092621
1.025,1.35,0.825,1.92303479809232,1.9127356626882
1.025,1.35,0.85,1.92572694011396,1.91645061492998
1.025,1.35,0.875,1.92825766835265,1.91989385631619
1.025,1.35,0.9,1.93061998973958,1.92309224514542
1.025,1.35,0.925,1.93282698484024,1.92607093198112
1.025,1.35,0.95,1.93490667676016,1.92884582073598
1.025,1.35,0.975,1.93686088591215,1.9314351700285
1.025,1.35,1,1.93868327378504,1.93386404032397
1.025,1.375,0.6,1.88827383275618,1.86224148621999
1.025,1.375,0.625,1.89359318650997,1.87009264912658
1.025,1.375,0.65,1.89848756106504,1.87728334353329
1.025,1.375,0.675,1.90302445063893,1.88385951690256
1.025,1.375,0.7,1.90721931022111,1.88989041235327
1.025,1.375,0.725,1.9110947189825,1.89544545157193
1.025,1.375,0.75,1.91471126370347,1.90052742700864
1.025,1.375,0.775,1.91805340357085,1.90522274539926
1.025,1.375,0.8,1.92115050282311,1.90957124944477
1.025,1.375,0.825,1.92406202548764,1.91356631761688
1.025,1.375,0.85,1.92675708585969,1.91728445729016
1.025,1.375,0.875,1.92928472147799,1.92072495481498
1.025,1.375,0.9,1.93164783529936,1.92392260667207
1.025,1.375,0.925,1.93385421136429,1.92690219956759
1.025,1.375,0.95,1.93593123874501,1.92967457716156
1.025,1.375,0.975,1.93788448364017,1.93226228109202
1.025,1.375,1,1.93970686636203,1.93469009844969
1.025,1.4,0.6,1.88925150555053,1.86303223295496
1.025,1.4,0.625,1.89456537849699,1.87088267379778
1.025,1.4,0.65,1.89945752863134,1.87806330783375
1.025,1.4,0.675,1.90400092997529,1.88464989264099
1.025,1.4,0.7,1.90819104077998,1.89067948597914
1.025,1.4,0.725,1.91206860550854,1.89623592011956
1.025,1.4,0.75,1.91568933918795,1.90132411224658
1.025,1.4,0.775,1.91902773829459,1.90601303899788
1.025,1.4,0.8,1.9221230123006,1.91035983057081
1.025,1.4,0.825,1.92503804867341,1.91435973356802
1.025,1.4,0.85,1.92772547298031,1.91806487302168
1.025,1.4,0.875,1.93025716598039,1.92151075300152
1.025,1.4,0.9,1.93261713375126,1.92470727305372
1.025,1.4,0.925,1.93482182667179,1.9276816853732
1.025,1.4,0.95,1.9369023197822,1.93045860930229
1.025,1.4,0.975,1.93885510865866,1.93304719247712
1.025,1.4,1,1.94067612563946,1.9354739597637
1.025,1.425,0.6,1.89020195696458,1.86381976240847
1.025,1.425,0.625,1.89551893530282,1.8716699670295
1.025,1.425,0.65,1.90041106481788,1.87885807334692
1.025,1.425,0.675,1.90494705440241,1.88543177539061
1.025,1.425,0.7,1.90913923364377,1.89146100243246
1.025,1.425,0.725,1.91301222492731,1.89701391032509
1.025,1.425,0.75,1.91662784298211,1.90209316501361
1.025,1.425,0.775,1.91996782914668,1.90678574265254
1.025,1.425,0.8,1.92306213544755,1.91113290384002
1.025,1.425,0.825,1.92597270375124,1.91512554521005
1.025,1.425,0.85,1.92866524976996,1.91884092157947
1.025,1.425,0.875,1.93119176121479,1.92227959830309
1.025,1.425,0.9,1.9335527716068,1.92547582860094
1.025,1.425,0.925,1.93575750181442,1.92845314395976
1.025,1.425,0.95,1.93783352053738,1.93122403542257
1.025,1.425,0.975,1.9397853065882,1.93381024547593
1.025,1.425,1,1.94160572117621,1.93623718496755
1.025,1.45,0.6,1.891097640869,1.86455124914475
1.025,1.45,0.625,1.89641470310872,1.87240014819749
1.025,1.45,0.65,1.90130602440911,1.87958758399913
1.025,1.45,0.675,1.90584026255428,1.88616136002433
1.025,1.45,0.7,1.91003225040215,1.89218902589657
1.025,1.45,0.725,1.91390462023235,1.89774031447547
1.025,1.45,0.75,1.91751829911709,1.90281989033801
1.025,1.45,0.775,1.9208572911916,1.90751159985836
1.025,1.45,0.8,1.92395171389955,1.9118567320948
1.025,1.45,0.825,1.92686058000115,1.91584947569273
1.025,1.45,0.85,1.92955263762888,1.91956449251845
1.025,1.45,0.875,1.93207789392963,1.92300240780756
1.025,1.45,0.9,1.93443869773782,1.92619742831728
1.025,1.45,0.925,1.93664256708966,1.92917457381611
1.025,1.45,0.95,1.93871750532031,1.93194464510704
1.025,1.45,0.975,1.94066861461868,1.93452989935302
1.025,1.45,1,1.94248912002569,1.93695539768412
1.025,1.475,0.6,1.89193557933205,1.86526826255536
1.025,1.475,0.625,1.89724583635012,1.87311688154696
1.025,1.475,0.65,1.90213333873668,1.88030364820268
1.025,1.475,0.675,1.90667819771678,1.88687195738551
1.025,1.475,0.7,1.91086431799258,1.89289923713276
1.025,1.475,0.725,1.91473834497937,1.89844985892097
1.025,1.475,0.75,1.91836031548463,1.9035242253746
1.025,1.475,0.775,1.92169470403719,1.90821574809861
1.025,1.475,0.8,1.92478533034454,1.91256113768294
1.025,1.475,0.825,1.92770109694172,1.91654969189733
1.025,1.475,0.85,1.93038285628752,1.92026392782556
1.025,1.475,0.875,1.93291438232866,1.92369963208817
1.025,1.475,0.9,1.93527135710241,1.92689452455916
1.025,1.475,0.925,1.93747299200278,1.92987010589265
1.025,1.475,0.95,1.93955323352401,1.93263862360608
1.025,1.475,0.975,1.941504231335,1.93522365060831
1.025,1.475,1,1.94332211290214,1.93764966085108
1.025,1.5,0.6,1.89276770587386,1.86593622970198
1.025,1.5,0.625,1.89808271371126,1.87378375297599
1.025,1.5,0.65,1.90297231841749,1.8809707253701
1.025,1.5,0.675,1.90750510010236,1.88753982851496
1.025,1.5,0.7,1.9116947941389,1.89356566163357
1.025,1.5,0.725,1.91556502940284,1.89911489359927
1.025,1.5,0.75,1.9191773918183,1.90419028302604
1.025,1.5,0.775,1.92251467177965,1.90888090818751
1.025,1.5,0.8,1.92560677182331,1.91322469072867
1.025,1.5,0.825,1.92851440999018,1.917213902414
1.025,1.5,0.85,1.93120473848226,1.92092848890948
1.025,1.5,0.875,1.93372866473832,1.92436363029784
1.025,1.5,0.9,1.93608769109808,1.92755724370732
1.025,1.5,0.925,1.93829026498572,1.93053314240369
1.025,1.5,0.95,1.9403640412772,1.93330098053547
1.025,1.5,0.975,1.94231384744218,1.935884859433
1.025,1.5,1,1.94413272495727,1.93830952119137
1.05,0.75,0.6,1.82225473696672,1.80990820171617
1.05,0.75,0.625,1.82772428365953,1.81797130303917
1.05,0.75,0.65,1.83272936980843,1.82534727596753
1.05,0.75,0.675,1.83735698372428,1.83215957590913
1.05,0.75,0.7,1.8417145077888,1.83839125696922
1.05,0.75,0.725,1.84572124330785,1.84413591563189
1.05,0.75,0.75,1.84937910564392,1.84951203192696
1.05,0.75,0.775,1.85293299503151,1.85435228668477
1.05,0.75,0.8,1.85614873320451,1.85886393443468
1.05,0.75,0.825,1.85918965207953,1.86306756734298
1.05,0.75,0.85,1.86200548139775,1.86695641475622
1.05,0.75,0.875,1.86464500779181,1.87056116335352
1.05,0.75,0.9,1.86713551153776,1.87393067484365
1.05,0.75,0.925,1.86944810682914,1.87706071980047
1.05,0.75,0.95,1.87162473966412,1.87997329166214
1.05,0.75,0.975,1.87369781892131,1.88271866400521
1.05,0.75,1,1.87562241830646,1.88526676701231
1.05,0.775,0.6,1.82722457557226,1.81341372816686
1.05,0.775,0.625,1.83265371857,1.82145544421996
1.05,0.775,0.65,1.83767938399033,1.82884705119049
1.05,0.775,0.675,1.84231861120471,1.83566576652935
1.05,0.775,0.7,1.84665360944948,1.84189147904132
1.05,0.775,0.725,1.85067277496549,1.84764638894858
1.05,0.775,0.75,1.85439257721429,1.85296959869896
1.05,0.775,0.775,1.85793702711728,1.85779142369401
1.05,0.775,0.8,1.861113343398,1.86239089554288
1.05,0.775,0.825,1.86413669918903,1.86658249658913
1.05,0.775,0.85,1.86696170276435,1.87046882713227
1.05,0.775,0.875,1.86960211091202,1.87408115591861
1.05,0.775,0.9,1.87207597530605,1.8774404302164
1.05,0.775,0.925,1.87439596633869,1.88056789403656
1.05,0.775,0.95,1.87657260139517,1.88348681935218
1.05,0.775,0.975,1.87862392687694,1.88621469863194
1.05,0.775,1,1.88055191317075,1.88876584717723
1.05,0.8,0.6,1.83176184137521,1.81667206263151
1.05,0.8,0.625,1.83719943562409,1.82472025585213
1.05,0.8,0.65,1.8422281812399,1.83211544920446
1.05,0.8,0.675,1.84686979023425,1.83893644093694
1.05,0.8,0.7,1.85120707979762,1.84516384839877
1.05,0.8,0.725,1.85522561132472,1.85091881875031
1.05,0.8,0.75,1.85894387742729,1.85624264878398
1.05,0.8,0.775,1.86243270901455,1.86111954889829
1.05,0.8,0.8,1.86572190078406,1.86560244043009
1.05,0.8,0.825,1.86868552708731,1.86985126526498
1.05,0.8,0.85,1.87151007203235,1.87373487943377
1.05,0.8,0.875,1.87414842666318,1.87734521484187
1.05,0.8,0.9,1.87662113581853,1.88070221945204
1.05,0.8,0.925,1.8789394545051,1.88382769261912
1.05,0.8,0.95,1.88111370878938,1.88674480166039
1.05,0.8,0.975,1.88316406197056,1.88947023491187
1.05,0.8,1,1.88508971332984,1.89201934863665
1.05,0.825,0.6,1.8359439968258,1.8196346205261
1.05,0.825,0.625,1.84142462755254,1.82774648221868
1.05,0.825,0.65,1.84644253383914,1.83512498574097
1.05,0.825,0.675,1.85108516151134,1.84194555470484
1.05,0.825,0.7,1.85543838839672,1.8481916513506
1.05,0.825,0.725,1.85944564514073,1.85393081317772
1.05,0.825,0.75,1.86316177839274,1.85925299980562
1.05,0.825,0.775,1.86666124590492,1.86414420772147
1.05,0.825,0.8,1.8698761036211,1.86864112193717
1.05,0.825,0.825,1.87293774881111,1.87281876492516
1.05,0.825,0.85,1.87571954699545,1.8767350962098
1.05,0.825,0.875,1.87835405429563,1.88032979183823
1.05,0.825,0.9,1.88083642513225,1.88369891494756
1.05,0.825,0.925,1.88314709989773,1.8868222519241
1.05,0.825,0.95,1.88531721178582,1.88972625110614
1.05,0.825,0.975,1.88738162159871,1.89247381755696
1.05,0.825,1,1.88930041988547,1.89501348541267
1.05,0.85,0.6,1.83980159846297,1.82253616709263
1.05,0.85,0.625,1.84529104352393,1.83061251488746
1.05,0.85,0.65,1.85031168230265,1.83800594018005
1.05,0.85,0.675,1.85494991171666,1.84482731820235
1.05,0.85,0.7,1.85930983444716,1.85106096561
1.05,0.85,0.725,1.86331708960829,1.85680893372512
1.05,0.85,0.75,1.86702783346232,1.8621303506225
1.05,0.85,0.775,1.87053096833591,1.8670104943583
1.05,0.85,0.8,1.87374208533752,1.87152570360793
1.05,0.85,0.825,1.8767770082449,1.87571811861573
1.05,0.85,0.85,1.87954767460985,1.87964181917071
1.05,0.85,0.875,1.88221643430189,1.88320471420067
1.05,0.85,0.9,1.88469927258513,1.88656242530136
1.05,0.85,0.925,1.88700769390119,1.88968433306454
1.05,0.85,0.95,1.88917568456602,1.89259188300694
1.05,0.85,0.975,1.8912400151061,1.89532355302782
1.05,0.85,1,1.89315707081352,1.89786531375377
1.05,0.875,0.6,1.84346748251347,1.82518891520837
1.05,0.875,0.625,1.84892073242286,1.83324972679275
1.05,0.875,0.65,1.85395548150848,1.84065218481324
1.05,0.875,0.675,1.85860082535959,1.84747670056703
1.05,0.875,0.7,1.86294094376022,1.85370574746501
1.05,0.875,0.725,1.86695735871565,1.8594591659355
1.05,0.875,0.75,1.87067286654331,1.86478036527838
1.05,0.875,0.775,1.87415812296929,1.86965541990607
1.05,0.875,0.8,1.87739025664165,1.87418516477826
1.05,0.875,0.825,1.8804082588483,1.87837015036707
1.05,0.875,0.85,1.88322808827224,1.88224843962055
1.05,0.875,0.875,1.88580925396795,1.88590463389362
1.05,0.875,0.9,1.88832220616719,1.88921040863782
1.05,0.875,0.925,1.89063658065092,1.89232905936308
1.05,0.875,0.95,1.89280493185158,1.89524069055863
1.05,0.875,0.975,1.89485124418394,1.89795922340041
1.05,0.875,1,1.89677098804726,1.90050273176902
1.05,0.9,0.6,1.846815502952,1.8276054734435
1.05,0.9,0.625,1.85230269693134,1.83572082508642
1.05,0.9,0.65,1.85732732538097,1.8431072935553
1.05,0.9,0.675,1.86197232614669,1.8499303888651
1.05,0.9,0.7,1.86632481767522,1.85617528868475
1.05,0.9,0.725,1.87033128807675,1.86191409752569
1.05,0.9,0.75,1.87404456418493,1.86723299923843
1.05,0.9,0.775,1.87753908506075,1.87211940879117
1.05,0.9,0.8,1.8807508335228,1.87661722721953
1.05,0.9,0.825,1.8837781769128,1.88081538353287
1.05,0.9,0.85,1.88658976687424,1.88469275885128
1.05,0.9,0.875,1.88921787633907,1.8882847941155
1.05,0.9,0.9,1.89171734806602,1.8916224530155
1.05,0.9,0.925,1.89399600133377,1.89476813842258
1.05,0.9,0.95,1.89616139769214,1.89766762058762
1.05,0.9,0.975,1.89821934455395,1.90040526099723
1.05,0.9,1,1.90013330123932,1.90294042691072
1.05,0.925,0.6,1.84991742754418,1.82999584368316
1.05,0.925,0.625,1.85541289354397,1.83807539734215
1.05,0.925,0.65,1.86043786398638,1.8454749381607
1.05,0.925,0.675,1.865078113114,1.85229800702207
1.05,0.925,0.7,1.86943630958453,1.85852969281454
1.05,0.925,0.725,1.87344147536924,1.86427641133703
1.05,0.925,0.75,1.87714962089364,1.86959429350043
1.05,0.925,0.775,1.88064764072694,1.87446919883379
1.05,0.925,0.8,1.88385504885398,1.87898349266809
1.05,0.925,0.825,1.88688318222893,1.88316958504567
1.05,0.925,0.85,1.88969203051153,1.88704595931873
1.05,0.925,0.875,1.89231719674542,1.89064263942863
1.05,0.925,0.9,1.89479425701777,1.89399266696625
1.05,0.925,0.925,1.89706533619063,1.89714246610094
1.05,0.925,0.95,1.89925669786818,1.90001694868105
1.05,0.925,0.975,1.90131565526958,1.90273941007498
1.05,0.925,1,1.90322785683483,1.90527648207196
1.05,0.95,0.6,1.85288609130173,1.83217996850129
1.05,0.95,0.625,1.85834783745181,1.84024766376197
1.05,0.95,0.65,1.8633842177714,1.84765314111414
1.05,0.95,0.675,1.86802978312704,1.85447801585996
1.05,0.95,0.7,1.87236966493601,1.8607062268897
1.05,0.95,0.725,1.87638241795737,1.8664564411344
1.05,0.95,0.75,1.88009418139569,1.87177356669182
1.05,0.95,0.775,1.88357600324328,1.8766445457114
1.05,0.95,0.8,1.88680179526103,1.88116982156568
1.05,0.95,0.825,1.88981511158813,1.88534940003571
1.05,0.95,0.85,1.89262883408002,1.88922357130587
1.05,0.95,0.875,1.89525450644316,1.89282427735346
1.05,0.95,0.9,1.89771811445785,1.89616876646705
1.05,0.95,0.925,1.90002748741844,1.89928219945564
1.05,0.95,0.95,1.90215109369243,1.90222806205517
1.05,0.95,0.975,1.90422706926998,1.90490672257037
1.05,0.95,1,1.906142491004,1.90744417132087
1.05,0.975,0.6,1.85561853013077,1.83423516694789
1.05,0.975,0.625,1.86108253788886,1.84230448835169
1.05,0.975,0.65,1.86611860826331,1.84971020550252
1.05,0.975,0.675,1.87076368607468,1.85653474557503
1.05,0.975,0.7,1.8751032610831,1.86276244377511
1.05,0.975,0.725,1.87911439222574,1.86851128388355
1.05,0.975,0.75,1.88282469970513,1.87382690779265
1.05,0.975,0.775,1.88630540210541,1.87869650608268
1.05,0.975,0.8,1.88952879796505,1.88322017745396
1.05,0.975,0.825,1.89254076725974,1.8873978978357
1.05,0.975,0.85,1.89535276026135,1.89127038713249
1.05,0.975,0.875,1.8979763282386,1.89486949831019
1.05,0.975,0.9,1.90043833363775,1.89821230606485
1.05,0.975,0.925,1.90274528771999,1.90132486075746
1.05,0.975,0.95,1.90490635289488,1.90422981981175
1.05,0.975,0.975,1.90698116284851,1.90690662063986
1.05,0.975,1,1.90885577418047,1.9094814949517
1.05,1,0.6,1.85816005899799,1.83611218289162
1.05,1,0.625,1.86364918965165,1.84422663237664
1.05,1,0.65,1.8686766661811,1.85161784868968
1.05,1,0.675,1.87332051515687,1.85844045852031
1.05,1,0.7,1.87766914788801,1.86468126959486
1.05,1,0.725,1.88167212106558,1.87041730031245
1.05,1,0.75,1.88538013941049,1.87573053247203
1.05,1,0.775,1.8888677748584,1.88060963778113
1.05,1,0.8,1.89207503039351,1.88510630628915
1.05,1,0.825,1.8950943779418,1.88929481074673
1.05,1,0.85,1.89790030128371,1.89316547072433
1.05,1,0.875,1.90052039369122,1.89675366635589
1.05,1,0.9,1.90298841392467,1.90010540854496
1.05,1,0.925,1.90528960788313,1.90321640109899
1.05,1,0.95,1.90744696887459,1.90611253139019
1.05,1,0.975,1.90949792797789,1.90883816179025
1.05,1,1,1.9114223941895,1.91135155881483
1.05,1.025,0.6,1.86052828357851,1.83799075849972
1.05,1.025,0.625,1.86602527753877,1.8460703552062
1.05,1.025,0.65,1.87105136243572,1.8534728580694
1.05,1.025,0.675,1.87569057872414,1.86029493375852
1.05,1.025,0.7,1.88004407698129,1.86652233684363
1.05,1.025,0.725,1.8840448712299,1.87226541910826
1.05,1.025,0.75,1.88774825777094,1.87757765725939
1.05,1.025,0.775,1.89123908893958,1.88244543565794
1.05,1.025,0.8,1.89444136840685,1.8869570588523
1.05,1.025,0.825,1.89746184536865,1.89113422337649
1.05,1.025,0.85,1.90026536140885,1.89500386492912
1.05,1.025,0.875,1.9028829603841,1.89859572988043
1.05,1.025,0.9,1.90535159729056,1.9019379884328
1.05,1.025,0.925,1.90765063495136,1.90504810437649
1.05,1.025,0.95,1.90980558750008,1.90794730651002
1.05,1.025,0.975,1.91185713094502,1.91066021762965
1.05,1.025,1,1.91376352505777,1.9131917728764
1.05,1.05,0.6,1.86281375203022,1.83970478020403
1.05,1.05,0.625,1.86828099532576,1.84777660213869
1.05,1.05,0.65,1.87331590187804,1.85518227820201
1.05,1.05,0.675,1.87795900316996,1.86200503324533
1.05,1.05,0.7,1.88229640044271,1.86823030521944
1.05,1.05,0.725,1.88630322120663,1.87397513530973
1.05,1.05,0.75,1.89000929909757,1.87928623772568
1.05,1.05,0.775,1.89348609080216,1.88415145446175
1.05,1.05,0.8,1.89670375782932,1.88867056617701
1.05,1.05,0.825,1.89971136961936,1.89284293691581
1.05,1.05,0.85,1.90251872448028,1.89671053614749
1.05,1.05,0.875,1.90513699364187,1.90030509021799
1.05,1.05,0.9,1.90759453690534,1.90364279944079
1.05,1.05,0.925,1.90989680534335,1.90675098631833
1.05,1.05,0.95,1.91205215331747,1.90965256486505
1.05,1.05,0.975,1.91408953126507,1.91235785597293
1.05,1.05,1,1.91599763595632,1.91489043746956
1.05,1.075,0.6,1.86490827182854,1.84127698385143
1.05,1.075,0.625,1.8703968094935,1.84938964682824
1.05,1.075,0.65,1.87542393692875,1.85678166819625
1.05,1.075,0.675,1.88006558409372,1.86360222945997
1.05,1.075,0.7,1.8844106515285,1.86983960404447
1.05,1.075,0.725,1.8884102138571,1.87557263275283
1.05,1.075,0.75,1.89211415405892,1.88088127199156
1.05,1.075,0.775,1.89559691081087,1.88575537145726
1.05,1.075,0.8,1.89880037844451,1.89025011917673
1.05,1.075,0.825,1.90181453278796,1.89443231529848
1.05,1.075,0.85,1.90461654863747,1.89829815474088
1.05,1.075,0.875,1.90723169422551,1.90188292354418
1.05,1.075,0.9,1.90969466306016,1.90522871495739
1.05,1.075,0.925,1.91199207910799,1.90833526061611
1.05,1.075,0.95,1.91414467675534,1.91122840564381
1.05,1.075,0.975,1.91618999672046,1.91394810045941
1.05,1.075,1,1.91809377289679,1.91647468278498
1.05,1.1,0.6,1.86687253619846,1.84286336922325
1.05,1.1,0.625,1.87236696818842,1.85094213944173
1.05,1.1,0.65,1.87739248828823,1.8583446372905
1.05,1.1,0.675,1.88203069979296,1.86516535409113
1.05,1.1,0.7,1.88637853489056,1.87138860962505
1.05,1.1,0.725,1.89037601780998,1.87712836222949
1.05,1.1,0.75,1.89407649799784,1.88243672410328
1.05,1.1,0.775,1.89756089879534,1.88729915903643
1.05,1.1,0.8,1.90076014224951,1.89180813036494
1.05,1.1,0.825,1.9037748841842,1.89597961192346
1.05,1.1,0.85,1.90657511203889,1.89984460269277
1.05,1.1,0.875,1.90918776184178,1.90343280513034
1.05,1.1,0.9,1.9116509801454,1.90676967246814
1.05,1.1,0.925,1.91394683345173,1.90987548150191
1.05,1.1,0.95,1.91609717092438,1.91277143869958
1.05,1.1,0.975,1.91814320570655,1.91547862562744
1.05,1.1,1,1.92004531733541,1.91800728625396
1.05,1.125,0.6,1.8687757178271,1.84430677868784
1.05,1.125,0.625,1.87424437020878,1.85238144777573
1.05,1.125,0.65,1.87927688957782,1.85978509629661
1.05,1.125,0.675,1.88391765890305,1.86660500795319
1.05,1.125,0.7,1.8882521865162,1.87282845018028
1.05,1.125,0.725,1.89225446947958,1.87856861394766
1.05,1.125,0.75,1.89595667723064,1.8838749524671
1.05,1.125,0.775,1.89942949110574,1.88873675709507
1.05,1.125,0.8,1.9026417096099,1.89325086413871
1.05,1.125,0.825,1.90564524661161,1.89741876530427
1.05,1.125,0.85,1.90844854048779,1.90128175967136
1.05,1.125,0.875,1.91106192175428,1.90487197952275
1.05,1.125,0.9,1.91351550972396,1.90820533482944
1.05,1.125,0.925,1.91581396128033,1.91130929744102
1.05,1.125,0.95,1.91796480501538,1.9142070781345
1.05,1.125,0.975,1.91999881351613,1.91690818881347
1.05,1.125,1,1.92190262090818,1.91943704933083
1.05,1.15,0.6,1.87051738756416,1.84563964670492
1.05,1.15,0.625,1.87600486861366,1.85375092801805
1.05,1.15,0.65,1.88103035378408,1.8611421488416
1.05,1.15,0.675,1.88566931290369,1.86795982461356
1.05,1.15,0.7,1.89001082619036,1.87419415037576
1.05,1.15,0.725,1.89400661298261,1.87992369672951
1.05,1.15,0.75,1.89770665010605,1.88522765520961
1.05,1.15,0.775,1.90118500713542,1.89009752770362
1.05,1.15,0.8,1.90438435487475,1.89458965764873
1.05,1.15,0.825,1.90739407948328,1.898766506821
1.05,1.15,0.85,1.91019248602298,1.90262785936039
1.05,1.15,0.875,1.91280301488817,1.9062092761574
1.05,1.15,0.9,1.9152617770781,1.90955002081638
1.05,1.15,0.925,1.91755586576308,1.91265244424482
1.05,1.15,0.95,1.91970421620771,1.91554263210597
1.05,1.15,0.975,1.92174569168157,1.91825676928811
1.05,1.15,1,1.92364574264987,1.92078018361415
1.05,1.175,0.6,1.87219745927238,1.84698342302853
1.05,1.175,0.625,1.87766854409683,1.85505960829764
1.05,1.175,0.65,1.88269886443419,1.86246053034536
1.05,1.175,0.675,1.88733576387237,1.86928003594003
1.05,1.175,0.7,1.89167033321396,1.87550108852393
1.05,1.175,0.725,1.89566958019859,1.88123716203517
1.05,1.175,0.75,1.89936743488837,1.88654203899967
1.05,1.175,0.775,1.90283942825517,1.89140090201236
1.05,1.175,0.8,1.90604726269821,1.89591002400086
1.05,1.175,0.825,1.90904936891694,1.90007552927167
1.05,1.175,0.85,1.9118490702102,1.90393641747779
1.05,1.175,0.875,1.91445958463671,1.90752261183628
1.05,1.175,0.9,1.91691168650706,1.91085383577645
1.05,1.175,0.925,1.91920685890087,1.91395583720908
1.05,1.175,0.95,1.9213551633364,1.91684997778936
1.05,1.175,0.975,1.9233877674708,1.91955037096147
1.05,1.175,1,1.92528925974424,1.92207602758368
1.05,1.2,0.6,1.87376818354103,1.84821613100208
1.05,1.2,0.625,1.87923694973956,1.85629211990891
1.05,1.2,0.65,1.88426666756573,1.86369315949827
1.05,1.2,0.675,1.88890470223873,1.87050992960937
1.05,1.2,0.7,1.89323620106716,1.87673115613818
1.05,1.2,0.725,1.89723418242499,1.88246681238068
1.05,1.2,0.75,1.90093263055968,1.88776865490069
1.05,1.2,0.775,1.90440170816245,1.89262713565529
1.05,1.2,0.8,1.90760902592323,1.89713664492638
1.05,1.2,0.825,1.91060885727413,1.90130043050984
1.05,1.2,0.85,1.91340840930568,1.90515925835166
1.05,1.2,0.875,1.91601748760591,1.90874553401621
1.05,1.2,0.9,1.91846757203383,1.91207496411954
1.05,1.2,0.925,1.92076259082312,1.91517514689885
1.05,1.2,0.95,1.92290954220831,1.91806948466864
1.05,1.2,0.975,1.92494062771786,1.92076682167132
1.05,1.2,1,1.92684086170695,1.92329223128526
1.05,1.225,0.6,1.87523055554735,1.84935540797131
1.05,1.225,0.625,1.88071627813217,1.85746464293342
1.05,1.225,0.65,1.88573964976836,1.86485434212439
1.05,1.225,0.675,1.89037557668122,1.87166893354091
1.05,1.225,0.7,1.89471360843903,1.87790008925507
1.05,1.225,0.725,1.89870575965386,1.88362613823404
1.05,1.225,0.75,1.90240198855438,1.88892572688033
1.05,1.225,0.775,1.90587634365938,1.89379163126788
1.05,1.225,0.8,1.90907185608197,1.89828114523624
1.05,1.225,0.825,1.91207762933192,1.90245317700013
1.05,1.225,0.85,1.91487265348777,1.90631047774381
1.05,1.225,0.875,1.91747911317037,1.90988879004489
1.05,1.225,0.9,1.9199341978211,1.91322505504427
1.05,1.225,0.925,1.92222523068806,1.91632380367566
1.05,1.225,0.95,1.924369891335,1.91921127860195
1.05,1.225,0.975,1.92640805714793,1.92192056192347
1.05,1.225,1,1.92830490551091,1.92444108620667
1.05,1.25,0.6,1.87665674366728,1.85050899698468
1.05,1.25,0.625,1.88212622739502,1.85858519858979
1.05,1.25,0.65,1.88715403713507,1.86598360825443
1.05,1.25,0.675,1.891788432603,1.87279968772704
1.05,1.25,0.7,1.89611934302987,1.87901817902528
1.05,1.25,0.725,1.90011479256116,1.88475014318282
1.05,1.25,0.75,1.90380932402038,1.89005054295093
1.05,1.25,0.775,1.90727724661286,1.89490602677394
1.05,1.25,0.8,1.91048118728147,1.89941111003512
1.05,1.25,0.825,1.91347935216782,1.90357258770135
1.05,1.25,0.85,1.91627579975558,1.90742940278183
1.05,1.25,0.875,1.91888251312942,1.91101211879475
1.05,1.25,0.9,1.92133098099333,1.91433955803121
1.05,1.25,0.925,1.92362319305934,1.91743790217727
1.05,1.25,0.95,1.92576806599119,1.92032902712327
1.05,1.25,0.975,1.92779753983321,1.92302565057057
1.05,1.25,1,1.92969590981283,1.92554824107927
1.05,1.275,0.6,1.8779889277748,1.85156459648861
1.05,1.275,0.625,1.88345705164018,1.85964088761066
1.05,1.275,0.65,1.8884838279343,1.86703903852689
1.05,1.275,0.675,1.89311898279753,1.87385258014545
1.05,1.275,0.7,1.89744749146179,1.88007141996915
1.05,1.275,0.725,1.90144147794831,1.88580281956944
1.05,1.275,0.75,1.90513636944942,1.89110047975459
1.05,1.275,0.775,1.90860201358853,1.8959557996377
1.05,1.275,0.8,1.91180493491444,1.90046113526372
1.05,1.275,0.825,1.91480143854999,1.9046211595511
1.05,1.275,0.85,1.91759757214314,1.9084762362866
1.05,1.275,0.875,1.92020286264563,1.91205894743677
1.05,1.275,0.9,1.92264985641864,1.915384852024
1.05,1.275,0.925,1.92494178611476,1.9184816704791
1.05,1.275,0.95,1.92708534721626,1.9213729203219
1.05,1.275,0.975,1.92911385667268,1.92406689791626
1.05,1.275,1,1.93101099446998,1.92658924179365
1.05,1.3,0.6,1.87921712684105,1.85259508261649
1.05,1.3,0.625,1.88470907058302,1.86066357404422
1.05,1.3,0.65,1.88972827411161,1.86806256478515
1.05,1.3,0.675,1.89435775087572,1.87487576676519
1.05,1.3,0.7,1.89869814987418,1.88108822027666
1.05,1.3,0.725,1.90268558502963,1.88681906757942
1.05,1.3,0.75,1.90637527718589,1.8921167106409
1.05,1.3,0.775,1.90985061220486,1.89696677617609
1.05,1.3,0.8,1.91303899118232,1.90146968996476
1.05,1.3,0.825,1.91604407947036,1.90562711035339
1.05,1.3,0.85,1.91883472874598,1.90948185225629
1.05,1.3,0.875,1.92143699632678,1.91306180979563
1.05,1.3,0.9,1.92389116958085,1.91638594883772
1.05,1.3,0.925,1.92617831254437,1.9194824878533
1.05,1.3,0.95,1.92831928327722,1.92237108707975
1.05,1.3,0.975,1.93035711952717,1.92506525968996
1.05,1.3,1,1.93225078590717,1.92758619188755
1.05,1.325,0.6,1.88044944486409,1.85355145242077
1.05,1.325,0.625,1.88591654444433,1.86161929830574
1.05,1.325,0.65,1.89094184035484,1.8690181736305
1.05,1.325,0.675,1.89557389454259,1.87583051701384
1.05,1.325,0.7,1.89990101920458,1.88204359435917
1.05,1.325,0.725,1.90389297635109,1.88777416204318
1.05,1.325,0.75,1.90758458671281,1.89307017821178
1.05,1.325,0.775,1.91104859189441,1.8979203002052
1.05,1.325,0.8,1.91424920281512,1.9024254643734
1.05,1.325,0.825,1.91724375161849,1.90658127607198
1.05,1.325,0.85,1.92003720395052,1.91043431568236
1.05,1.325,0.875,1.92264063943867,1.91401527787657
1.05,1.325,0.9,1.92508583859252,1.91733772445999
1.05,1.325,0.925,1.92737536236076,1.92043272682043
1.05,1.325,0.95,1.92951729244748,1.9233222813536
1.05,1.325,0.975,1.93154392102341,1.926013121741
1.05,1.325,1,1.93343956792109,1.92853404675154
1.05,1.35,0.6,1.88157838461859,1.85443045732645
1.05,1.35,0.625,1.88705658699097,1.86252674854262
1.05,1.35,0.65,1.89207734557382,1.86991512537685
1.05,1.35,0.675,1.89670778515684,1.87672554992651
1.05,1.35,0.7,1.90103908286406,1.88294750668072
1.05,1.35,0.725,1.90502657006876,1.88866882800451
1.05,1.35,0.75,1.90871680730242,1.89396352484182
1.05,1.35,0.775,1.91218418798752,1.89882033059083
1.05,1.35,0.8,1.91537660175042,1.90330879937164
1.05,1.35,0.825,1.91837505998338,1.90747155427236
1.05,1.35,0.85,1.92116503254185,1.91132327810268
1.05,1.35,0.875,1.92376674189416,1.91489774370954
1.05,1.35,0.9,1.92621524991021,1.91822588223917
1.05,1.35,0.925,1.92850169707988,1.92131969120622
1.05,1.35,0.95,1.93064212465127,1.92420370232173
1.05,1.35,0.975,1.93267342429139,1.9269043363804
1.05,1.35,1,1.93456654054662,1.92942083778464
1.05,1.375,0.6,1.88264013273721,1.85535294627371
1.05,1.375,0.625,1.88812736201969,1.86341984740281
1.05,1.375,0.65,1.89314470707139,1.87081646674726
1.05,1.375,0.675,1.89777171954717,1.87762630135217
1.05,1.375,0.7,1.90210758146862,1.8838362041596
1.05,1.375,0.725,1.90609229488683,1.88956367792582
1.05,1.375,0.75,1.90977911639775,1.89485735858752
1.05,1.375,0.775,1.91324998273096,1.89970443680458
1.05,1.375,0.8,1.91643648005112,1.90420448122829
1.05,1.375,0.825,1.91943733248069,1.90835836873515
1.05,1.375,0.85,1.92222552371563,1.9122096695525
1.05,1.375,0.875,1.92482490196997,1.91578694476203
1.05,1.375,0.9,1.92727530279098,1.9191078369104
1.05,1.375,0.925,1.92956025318259,1.92220132880165
1.05,1.375,0.95,1.93169864683947,1.92508762918958
1.05,1.375,0.975,1.93373283141043,1.92777841154927
1.05,1.375,1,1.93562431444241,1.93029698285193
1.05,1.4,0.6,1.88370020271551,1.85618100190337
1.05,1.4,0.625,1.88916568499244,1.86424895605483
1.05,1.4,0.65,1.89418821433163,1.87164461016469
1.05,1.4,0.675,1.89881770342537,1.87845369903473
1.05,1.4,0.7,1.90314181936067,1.88466467825529
1.05,1.4,0.725,1.90713039897174,1.89039128681687
1.05,1.4,0.75,1.91081908741122,1.89568353907334
1.05,1.4,0.775,1.91427993663007,1.90053108434147
1.05,1.4,0.8,1.91747713115973,1.90503232215072
1.05,1.4,0.825,1.92046869586532,1.90918513100704
1.05,1.4,0.85,1.92325945808553,1.91303493377225
1.05,1.4,0.875,1.92585983078631,1.91661282119045
1.05,1.4,0.9,1.92830232667383,1.91993248348579
1.05,1.4,0.925,1.93058945553874,1.92302462698481
1.05,1.4,0.95,1.93272867209453,1.92591155925861
1.05,1.4,0.975,1.93475304384055,1.92859983487388
1.05,1.4,1,1.93664624122513,1.93111817861954
1.05,1.425,0.6,1.88466838695771,1.85694693833049
1.05,1.425,0.625,1.89014456966044,1.86504108582062
1.05,1.425,0.65,1.89516286703048,1.87242711678677
1.05,1.425,0.675,1.89979056516187,1.87923438256762
1.05,1.425,0.7,1.90411893447924,1.88545360347702
1.05,1.425,0.725,1.90810365356817,1.891172330548
1.05,1.425,0.75,1.91179060747689,1.89646277389571
1.05,1.425,0.775,1.91525495631011,1.90131655653389
1.05,1.425,0.8,1.91844426252652,1.90580247771615
1.05,1.425,0.825,1.92143988944448,1.90996175449404
1.05,1.425,0.85,1.92422730251639,1.91381035844361
1.05,1.425,0.875,1.9268260271596,1.91738229861798
1.05,1.425,0.9,1.92927197432249,1.92070727652755
1.05,1.425,0.925,1.93155617890325,1.92379832585069
1.05,1.425,0.95,1.93369395389633,1.92668018762412
1.05,1.425,0.975,1.93572306025566,1.92937753099626
1.05,1.425,1,1.93761402081184,1.93189208650518
1.05,1.45,0.6,1.88558965035398,1.85775362286385
1.05,1.45,0.625,1.89107236654743,1.86581889094067
1.05,1.45,0.65,1.89608786550776,1.8732130477799
1.05,1.45,0.675,1.9007129075593,1.88002024750839
1.05,1.45,0.7,1.90504421041274,1.88622718117381
1.05,1.45,0.725,1.90902643467077,1.89195146187822
1.05,1.45,0.75,1.91271094728037,1.89724195248331
1.05,1.45,0.775,1.91617746758383,1.90208589757967
1.05,1.45,0.8,1.91936228601597,1.90658322723518
1.05,1.45,0.825,1.92235934386089,1.91073396216692
1.05,1.45,0.85,1.92514545442965,1.91458224644729
1.05,1.45,0.875,1.92774216085637,1.91815699351885
1.05,1.45,0.9,1.93018920631126,1.92147501313348
1.05,1.45,0.925,1.93247230786212,1.92456584631128
1.05,1.45,0.95,1.93460834056875,1.92744999744243
1.05,1.45,0.975,1.93663927717537,1.93013783673316
1.05,1.45,1,1.93852885668705,1.93265427681704
1.05,1.475,0.6,1.88650777245493,1.85847518721041
1.05,1.475,0.625,1.8919715487768,1.86654283188667
1.05,1.475,0.65,1.89699142837207,1.87393535414119
1.05,1.475,0.675,1.90161843847323,1.8807413517318
1.05,1.475,0.7,1.90593977876377,1.88695026287465
1.05,1.475,0.725,1.90992527841559,1.89267322356459
1.05,1.475,0.75,1.9136112660434,1.8979620407262
1.05,1.475,0.775,1.91706928060207,1.90280718779718
1.05,1.475,0.8,1.92026339828232,1.90730488065063
1.05,1.475,0.825,1.92325231626907,1.91145495901629
1.05,1.475,0.85,1.92604062764593,1.91530185806425
1.05,1.475,0.875,1.92863828885394,1.91887696988085
1.05,1.475,0.9,1.93107840710039,1.92219412970164
1.05,1.475,0.925,1.93336337108352,1.92528372647371
1.05,1.475,0.95,1.93550019913048,1.92816830212062
1.05,1.475,0.975,1.93752258248986,1.93085429712433
1.05,1.475,1,1.93941362491816,1.93337034006451
1.05,1.5,0.6,1.88734366272181,1.85914649586519
1.05,1.5,0.625,1.89281786530687,1.86723844786328
1.05,1.5,0.65,1.89783377651956,1.87462209588337
1.05,1.5,0.675,1.90245880061323,1.88142637427746
1.05,1.5,0.7,1.90678451553666,1.88764299063164
1.05,1.5,0.725,1.91076639611525,1.89335871859762
1.05,1.5,0.75,1.91445057595906,1.89864583850972
1.05,1.5,0.775,1.917912239519,1.90349684597243
1.05,1.5,0.8,1.92109868807571,1.90798038762602
1.05,1.5,0.825,1.92409182700938,1.91213653481622
1.05,1.5,0.85,1.92687687751032,1.91598233430487
1.05,1.5,0.875,1.92947295162396,1.91955197366007
1.05,1.5,0.9,1.93191666748539,1.92287413203116
1.05,1.5,0.925,1.93419881583792,1.92596271879627
1.05,1.5,0.95,1.93633424881809,1.92884263205631
1.05,1.5,0.975,1.93836145274551,1.93153708401687
1.05,1.5,1,1.94025036595763,1.93404967502626
1.075,0.75,0.6,1.8145297025293,1.80159914334291
1.075,0.75,0.625,1.8200143296496,1.80985898465616
1.075,0.75,0.65,1.82514383645018,1.81740585118853
1.075,0.75,0.675,1.82990482208689,1.82439658068333
1.075,0.75,0.7,1.83432316276842,1.83082566144603
1.075,0.75,0.725,1.83843966390476,1.83675158611028
1.075,0.75,0.75,1.84232526877368,1.84217447737601
1.075,0.75,0.775,1.84582940584493,1.84729956070695
1.075,0.75,0.8,1.8491629599649,1.85197991654441
1.075,0.75,0.825,1.85227420575839,1.8563227635564
1.075,0.75,0.85,1.85518288684922,1.86035203089971
1.075,0.75,0.875,1.85790698082018,1.86409500296968
1.075,0.75,0.9,1.86045920724361,1.86758111204573
1.075,0.75,0.925,1.8628541553561,1.87083026992243
1.075,0.75,0.95,1.86511161581078,1.87386351309948
1.075,0.75,0.975,1.86721729955875,1.87670678287314
1.075,0.75,1,1.86921570231625,1.87934801513913
1.075,0.775,0.6,1.81960429835988,1.8051518546353
1.075,0.775,0.625,1.82509908412126,1.81341796631801
1.075,0.775,0.65,1.83025766064124,1.82099746582991
1.075,0.775,0.675,1.83498379508034,1.82793378670597
1.075,0.775,0.7,1.83942756108874,1.83439365824006
1.075,0.775,0.725,1.8435351913111,1.84032227389792
1.075,0.775,0.75,1.84736091244402,1.84578011978211
1.075,0.775,0.775,1.85098141901317,1.85083052501656
1.075,0.775,0.8,1.85426595502787,1.85555021910359
1.075,0.775,0.825,1.85737305553771,1.85987348933763
1.075,0.775,0.85,1.86029673844965,1.86392027045319
1.075,0.775,0.875,1.86301196098437,1.86766137804923
1.075,0.775,0.9,1.86555923472905,1.87113084814822
1.075,0.775,0.925,1.867966223949,1.87439432614701
1.075,0.775,0.95,1.87022372087304,1.8774312684202
1.075,0.775,0.975,1.87232514629822,1.88027284318055
1.075,0.775,1,1.87433203975712,1.88292100353316
1.075,0.8,0.6,1.82425256737989,1.80854425666299
1.075,0.8,0.625,1.82974757956322,1.81681754941609
1.075,0.8,0.65,1.83492041519713,1.82438680176482
1.075,0.8,0.675,1.83964955783443,1.83135859294813
1.075,0.8,0.7,1.84409888508744,1.83780324594042
1.075,0.8,0.725,1.8482059232036,1.84373373352227
1.075,0.8,0.75,1.85203203238852,1.84920256237712
1.075,0.8,0.775,1.85562324504575,1.85427021575917
1.075,0.8,0.8,1.8588906812378,1.85900491776957
1.075,0.8,0.825,1.86204451555161,1.86328783995398
1.075,0.8,0.85,1.86496946086606,1.86732118739991
1.075,0.8,0.875,1.867682568701,1.8710611440838
1.075,0.8,0.9,1.87022851319466,1.87453572965318
1.075,0.8,0.925,1.87263534995176,1.87778788503091
1.075,0.8,0.95,1.87489149335686,1.88081976924056
1.075,0.8,0.975,1.87698848272484,1.88365966198455
1.075,0.8,1,1.87899646145311,1.88630053840524
1.075,0.825,0.6,1.8286249883563,1.81164845863318
1.075,0.825,0.625,1.83413513064695,1.81993423012762
1.075,0.825,0.65,1.83928589180093,1.82750035553098
1.075,0.825,0.675,1.8440553958119,1.83450288011125
1.075,0.825,0.7,1.84848348792095,1.84093883047853
1.075,0.825,0.725,1.85260361372527,1.84687001730163
1.075,0.825,0.75,1.85643328032965,1.85235043153329
1.075,0.825,0.775,1.86000396495072,1.85740891725048
1.075,0.825,0.8,1.86333659171356,1.86208686755765
1.075,0.825,0.825,1.86649455215985,1.8663758936388
1.075,0.825,0.85,1.86934295160361,1.87045828691503
1.075,0.825,0.875,1.87206497787056,1.87419499798043
1.075,0.825,0.9,1.87461192267668,1.87767602169971
1.075,0.825,0.925,1.87700331012998,1.88091883460726
1.075,0.825,0.95,1.87925589128517,1.88394560016529
1.075,0.825,0.975,1.88135661339397,1.88678306187424
1.075,0.825,1,1.88335090272724,1.88941889929449
1.075,0.85,0.6,1.83265741280645,1.81452962291373
1.075,0.85,0.625,1.83817316401156,1.82281843601391
1.075,0.85,0.65,1.84334551063603,1.83041132160928
1.075,0.85,0.675,1.84808492764821,1.83736494024069
1.075,0.85,0.7,1.85253270788494,1.84382624658201
1.075,0.85,0.725,1.85664509529261,1.84975747003891
1.075,0.85,0.75,1.86047000213646,1.85521932715242
1.075,0.85,0.775,1.86405522417948,1.86029709542026
1.075,0.85,0.8,1.86737839389269,1.86497483606972
1.075,0.85,0.825,1.87048080891817,1.86929793823658
1.075,0.85,0.85,1.87342729188006,1.87330888989952
1.075,0.85,0.875,1.8761066514116,1.87707828596352
1.075,0.85,0.9,1.87864986415148,1.88054385506752
1.075,0.85,0.925,1.88105090433439,1.88379878322735
1.075,0.85,0.95,1.88330306058854,1.88682841846605
1.075,0.85,0.975,1.88540001128158,1.88966408400849
1.075,0.85,1,1.88740095579582,1.8923059264723
1.075,0.875,0.6,1.83636890487086,1.81730325412641
1.075,0.875,0.625,1.84188243117705,1.82559607064599
1.075,0.875,0.65,1.84706586828715,1.83317587355921
1.075,0.875,0.675,1.85180410390501,1.84016120251622
1.075,0.875,0.7,1.85625632384533,1.84660629811963
1.075,0.875,0.725,1.86036705224192,1.85253800294947
1.075,0.875,0.75,1.86419117059453,1.85800860169886
1.075,0.875,0.775,1.86777828884339,1.8630720248356
1.075,0.875,0.8,1.87109883539581,1.86774926600918
1.075,0.875,0.825,1.87419891929586,1.87207905780027
1.075,0.875,0.85,1.8771190442325,1.87610460348949
1.075,0.875,0.875,1.879787518973,1.87988128555395
1.075,0.875,0.9,1.88236456317321,1.88331554014238
1.075,0.875,0.925,1.88476620639608,1.88655917600399
1.075,0.875,0.95,1.88701713440032,1.88958404064195
1.075,0.875,0.975,1.88911008568362,1.89241823404576
1.075,0.875,1,1.89111212043041,1.89505288381963
1.075,0.9,0.6,1.83988027293418,1.81984382930025
1.075,0.9,0.625,1.84540463195805,1.82814537208508
1.075,0.9,0.65,1.85056686212016,1.83572262245743
1.075,0.9,0.675,1.85533884140962,1.84273085531545
1.075,0.9,0.7,1.8597709426313,1.84916874039862
1.075,0.9,0.725,1.86389173043913,1.85510010831464
1.075,0.9,0.75,1.86771860705551,1.86057922150582
1.075,0.9,0.775,1.87128748684596,1.8656345258902
1.075,0.9,0.8,1.87461557709354,1.87031009718978
1.075,0.9,0.825,1.87771693583196,1.87464638265008
1.075,0.9,0.85,1.88062026445764,1.87866465824513
1.075,0.9,0.875,1.88333771843181,1.88239628477311
1.075,0.9,0.9,1.88582807057813,1.88592302068024
1.075,0.9,0.925,1.88825938184545,1.88911547012578
1.075,0.9,0.95,1.89050794278003,1.892134948685
1.075,0.9,0.975,1.8926038996668,1.89496658518584
1.075,0.9,1,1.89459393793489,1.89759720212083
1.075,0.925,0.6,1.84312952948824,1.82220999699398
1.075,0.925,0.625,1.84865678343538,1.83051263649223
1.075,0.925,0.65,1.85383561341747,1.83811247482102
1.075,0.925,0.675,1.8585816762359,1.8450768086459
1.075,0.925,0.7,1.86302941123279,1.85153627302431
1.075,0.925,0.725,1.86714278640674,1.85746692799197
1.075,0.925,0.75,1.87096519777778,1.86292922392394
1.075,0.925,0.775,1.87454599163966,1.86800087540633
1.075,0.925,0.8,1.87786653378445,1.87267483728244
1.075,0.925,0.825,1.88096336497155,1.87699647322601
1.075,0.925,0.85,1.88387596093494,1.88102793516462
1.075,0.925,0.875,1.88658522294416,1.88475869514912
1.075,0.925,0.9,1.88912223443679,1.88822184368107
1.075,0.925,0.925,1.89154044707972,1.8914458504902
1.075,0.925,0.95,1.8937593276764,1.89449670684677
1.075,0.925,0.975,1.89585267063096,1.89732589316578
1.075,0.925,1,1.89784823758608,1.89996172363319
1.075,0.95,0.6,1.84616159716691,1.82446561629014
1.075,0.95,0.625,1.85169122436165,1.83277168627074
1.075,0.95,0.65,1.85687112238733,1.84037287789876
1.075,0.95,0.675,1.86161847902145,1.84734008925043
1.075,0.95,0.7,1.86606556120417,1.85379839761932
1.075,0.95,0.725,1.87017877159943,1.85972844967924
1.075,0.95,0.75,1.87399990920616,1.86519064179724
1.075,0.95,0.775,1.87757899734052,1.87026001730114
1.075,0.95,0.8,1.88089854947669,1.87493249594523
1.075,0.95,0.825,1.88399356283843,1.8792533504907
1.075,0.95,0.85,1.88690405902046,1.88328233015984
1.075,0.95,0.875,1.88961191470547,1.88701152685158
1.075,0.95,0.9,1.89214646482605,1.89047423209234
1.075,0.95,0.925,1.8945401250727,1.89371825061313
1.075,0.95,0.95,1.89680571887224,1.89671843762818
1.075,0.95,0.975,1.89887155891581,1.89957187639295
1.075,0.95,1,1.90086594025758,1.90220522566472
1.075,0.975,0.6,1.84897034113592,1.82662463709439
1.075,0.975,0.625,1.85449644262491,1.83493242294605
1.075,0.975,0.65,1.85968489936129,1.8425188201147
1.075,0.975,0.675,1.8644281095935,1.84951392785611
1.075,0.975,0.7,1.86887886957444,1.85595598355937
1.075,0.975,0.725,1.87298978380925,1.8618857513839
1.075,0.975,0.75,1.87680896573846,1.8673552510009
1.075,0.975,0.775,1.88038994479334,1.87241073078035
1.075,0.975,0.8,1.88370691017875,1.87708232438548
1.075,0.975,0.825,1.88679959703707,1.88140838047657
1.075,0.975,0.85,1.88971100944149,1.88542565991362
1.075,0.975,0.875,1.89241635130452,1.88915389481186
1.075,0.975,0.9,1.89494842519108,1.89262070215782
1.075,0.975,0.925,1.89734185728486,1.89585544848147
1.075,0.975,0.95,1.89958619754743,1.89887163493023
1.075,0.975,0.975,1.90164829829496,1.9017242656929
1.075,0.975,1,1.90366429156188,1.9043302852891
1.075,1,0.6,1.8516457720127,1.82860442254868
1.075,1,0.625,1.85717931558662,1.83691766328526
1.075,1,0.65,1.86234873411739,1.84450258639929
1.075,1,0.675,1.86711890384716,1.85151305078103
1.075,1,0.7,1.87155175518387,1.85794983130901
1.075,1,0.725,1.87567004897887,1.86387863835903
1.075,1,0.75,1.87949132793357,1.86935379866921
1.075,1,0.775,1.88305642570129,1.87440325541537
1.075,1,0.8,1.88637900829113,1.87907304311192
1.075,1,0.825,1.88947284987744,1.8834034224216
1.075,1,0.85,1.89237041143238,1.88741476111241
1.075,1,0.875,1.89508029221794,1.89114097756742
1.075,1,0.9,1.89761298482513,1.89461137073719
1.075,1,0.925,1.89999427090761,1.89784067502699
1.075,1,0.95,1.90223520762117,1.90085377925499
1.075,1,0.975,1.90432554040208,1.90367803220018
1.075,1,1,1.90634351976405,1.90626915333649
1.075,1.025,0.6,1.85413074841341,1.83045681633651
1.075,1.025,0.625,1.85966513419312,1.83876985953683
1.075,1.025,0.65,1.86484656014427,1.84637330296479
1.075,1.025,0.675,1.86959588734117,1.8533460293841
1.075,1.025,0.7,1.8740404767392,1.8598006082312
1.075,1.025,0.725,1.87815212967606,1.86572823010409
1.075,1.025,0.75,1.88196954400569,1.87118895961638
1.075,1.025,0.775,1.88554374919104,1.87625200270462
1.075,1.025,0.8,1.88885991962159,1.88092003777222
1.075,1.025,0.825,1.89195003741866,1.8852379415954
1.075,1.025,0.85,1.89485494547005,1.88926011510327
1.075,1.025,0.875,1.89755884173315,1.89298452040824
1.075,1.025,0.9,1.90008814667742,1.89644414680283
1.075,1.025,0.925,1.9024754659323,1.89968245021772
1.075,1.025,0.95,1.90471543468949,1.90269762638804
1.075,1.025,0.975,1.90680222367502,1.90552105627113
1.075,1.025,1,1.90879170913539,1.90814944721685
1.075,1.05,0.6,1.8564421029459,1.83226943292631
1.075,1.05,0.625,1.8619725961255,1.8405832663129
1.075,1.05,0.65,1.86716158827898,1.84817126024865
1.075,1.05,0.675,1.87190543890592,1.85517000035174
1.075,1.05,0.7,1.87635355387977,1.86160852252501
1.075,1.05,0.725,1.88046275076596,1.86753562390151
1.075,1.05,0.75,1.88427776276426,1.87300302422497
1.075,1.05,0.775,1.88785399862025,1.87805260347528
1.075,1.05,0.8,1.89116763392643,1.88271975772132
1.075,1.05,0.825,1.89425524196365,1.88704246674183
1.075,1.05,0.85,1.89716135153337,1.8910534249194
1.075,1.05,0.875,1.89986291446202,1.89477692631621
1.075,1.05,0.9,1.90238980814303,1.89824026680611
1.075,1.05,0.925,1.90477782131301,1.90146919981947
1.075,1.05,0.95,1.90701667206107,1.90448078187583
1.075,1.05,0.975,1.9091001594733,1.90730357530326
1.075,1.05,1,1.91109028731713,1.90992595883544
1.075,1.075,0.6,1.85865564277603,1.83393147917747
1.075,1.075,0.625,1.8641921106058,1.84224924217049
1.075,1.075,0.65,1.86936327320051,1.84983654648707
1.075,1.075,0.675,1.87413091159137,1.85684660471129
1.075,1.075,0.7,1.87856231345942,1.86328110523059
1.075,1.075,0.725,1.88267774332603,1.86920698945303
1.075,1.075,0.75,1.88649464639856,1.87467861540309
1.075,1.075,0.775,1.89005622942697,1.87972347311888
1.075,1.075,0.8,1.89337465559402,1.88438881662327
1.075,1.075,0.825,1.89646341191478,1.88871479340363
1.075,1.075,0.85,1.89935684271005,1.89272102331326
1.075,1.075,0.875,1.90206230952609,1.89644260119562
1.075,1.075,0.9,1.90458993767546,1.89990867724209
1.075,1.075,0.925,1.90696700203284,1.90313314074141
1.075,1.075,0.95,1.9092032778899,1.90614161895048
1.075,1.075,0.975,1.91128839529159,1.90896248043384
1.075,1.075,1,1.91326918771644,1.91158296591573
1.075,1.1,0.6,1.8607144634481,1.83549140586918
1.075,1.1,0.625,1.86625093978595,1.84380836272399
1.075,1.1,0.65,1.87143207503072,1.85141242172521
1.075,1.1,0.675,1.87618137623285,1.85838805455473
1.075,1.1,0.7,1.88062285263177,1.86483859245631
1.075,1.1,0.725,1.88473214540102,1.87076317333594
1.075,1.1,0.75,1.88854551274715,1.87622170056387
1.075,1.1,0.775,1.89211502424333,1.88127885639639
1.075,1.1,0.8,1.89542768928395,1.88594248544328
1.075,1.1,0.825,1.89851309832645,1.89025724027481
1.075,1.1,0.85,1.90141299469832,1.89427328846721
1.075,1.1,0.875,1.90411318878083,1.89799313512068
1.075,1.1,0.9,1.90663781358858,1.90144956819189
1.075,1.1,0.925,1.90902027624593,1.90468213012136
1.075,1.1,0.95,1.91125579146511,1.90769226162447
1.075,1.1,0.975,1.91333852966353,1.91051156253573
1.075,1.1,1,1.91532290548657,1.91313644731025
1.075,1.125,0.6,1.86263951949825,1.83702721313848
1.075,1.125,0.625,1.86817314722897,1.84534556184695
1.075,1.125,0.65,1.87335941027097,1.85293273319202
1.075,1.125,0.675,1.87810333939232,1.85993279531034
1.075,1.125,0.7,1.8825475732729,1.86636775458303
1.075,1.125,0.725,1.88665455265501,1.87229160137323
1.075,1.125,0.75,1.89046550850094,1.87775639455354
1.075,1.125,0.775,1.8940365984001,1.88280067087287
1.075,1.125,0.8,1.89734696873258,1.8874633986371
1.075,1.125,0.825,1.90042999383591,1.89178273778767
1.075,1.125,0.85,1.90333081818119,1.89578815031597
1.075,1.125,0.875,1.90602894371304,1.89950714830616
1.075,1.125,0.9,1.90855134779431,1.90296715373426
1.075,1.125,0.925,1.91093435475435,1.90619086574739
1.075,1.125,0.95,1.91316891237612,1.90919768484002
1.075,1.125,0.975,1.91524928447923,1.91201673671256
1.075,1.125,1,1.91723422898907,1.91463498416321
1.075,1.15,0.6,1.86449045740822,1.83843426786248
1.075,1.15,0.625,1.87002815582798,1.84675415148311
1.075,1.15,0.65,1.87519935616428,1.85434311648961
1.075,1.15,0.675,1.87996371693754,1.86135077911281
1.075,1.15,0.7,1.88439294657469,1.86778306252406
1.075,1.15,0.725,1.8885053244333,1.87370562596309
1.075,1.15,0.75,1.89231777953665,1.87917334081029
1.075,1.15,0.775,1.89587579389459,1.88421416576669
1.075,1.15,0.8,1.89919034956775,1.88887517507413
1.075,1.15,0.825,1.90227430452605,1.8931968223847
1.075,1.15,0.85,1.90516386059241,1.89719863615545
1.075,1.15,0.875,1.90786541345926,1.90091586542336
1.075,1.15,0.9,1.91038843132583,1.90437786079385
1.075,1.15,0.925,1.91276174277947,1.90759807916898
1.075,1.15,0.95,1.91499405588084,1.91060217651016
1.075,1.15,0.975,1.91707551504472,1.91341899896725
1.075,1.15,1,1.91905274992636,1.91603625833875
1.075,1.175,0.6,1.86621201775138,1.83976197750186
1.075,1.175,0.625,1.87174897430074,1.84808072567284
1.075,1.175,0.65,1.87692889093542,1.85568468117165
1.075,1.175,0.675,1.88167677937563,1.86266111956105
1.075,1.175,0.7,1.88611508443148,1.86910782742523
1.075,1.175,0.725,1.89022164025034,1.87502908320446
1.075,1.175,0.75,1.89403086699331,1.88048492940931
1.075,1.175,0.775,1.89759613664073,1.88553688651232
1.075,1.175,0.8,1.90090537040786,1.89019627558543
1.075,1.175,0.825,1.90398630011835,1.89450780895723
1.075,1.175,0.85,1.90688183441103,1.89851854756971
1.075,1.175,0.875,1.90957860200938,1.90223416330857
1.075,1.175,0.9,1.91209891661879,1.90568749372557
1.075,1.175,0.925,1.91447725622066,1.90891508934331
1.075,1.175,0.95,1.91670889278161,1.91192068954966
1.075,1.175,0.975,1.91878826537694,1.91473600452515
1.075,1.175,1,1.9207688782435,1.91735728062241
1.075,1.2,0.6,1.8678345356222,1.84107359700712
1.075,1.2,0.625,1.87336794334328,1.8493924964425
1.075,1.2,0.65,1.87855289900791,1.85698060678436
1.075,1.2,0.675,1.88329513753899,1.86397959233275
1.075,1.2,0.7,1.88773575776267,1.87041157480669
1.075,1.2,0.725,1.89184000436539,1.87633162726733
1.075,1.2,0.75,1.89564673986095,1.881793387173
1.075,1.2,0.775,1.89921334531552,1.88683328003718
1.075,1.2,0.8,1.90252035615737,1.89149153187352
1.075,1.2,0.825,1.90559894636444,1.89580744390373
1.075,1.2,0.85,1.90849527693027,1.8998082794449
1.075,1.2,0.875,1.91119006308519,1.90352293041115
1.075,1.2,0.9,1.91370826348932,1.90697969475309
1.075,1.2,0.925,1.91608708310916,1.9101990837512
1.075,1.2,0.95,1.91831776854239,1.91320156686144
1.075,1.2,0.975,1.92039499035678,1.9160167432013
1.075,1.2,1,1.92237613776504,1.91863175617895
1.075,1.225,0.6,1.86939626935158,1.84227415107103
1.075,1.225,0.625,1.87493394383306,1.85059474804057
1.075,1.225,0.65,1.880104250733,1.85818417981084
1.075,1.225,0.675,1.88486517952262,1.86518900138024
1.075,1.225,0.7,1.88929191380534,1.87161872072463
1.075,1.225,0.725,1.89340111997532,1.87753789237517
1.075,1.225,0.75,1.89720939719625,1.8830017609923
1.075,1.225,0.775,1.90076397147384,1.88803872212597
1.075,1.225,0.8,1.90407486181934,1.89269567480351
1.075,1.225,0.825,1.90715449351371,1.89701328625736
1.075,1.225,0.85,1.91004049321319,1.90101105215021
1.075,1.225,0.875,1.91273846714971,1.90472432667402
1.075,1.225,0.9,1.9152574187038,1.90818259521235
1.075,1.225,0.925,1.91762737316225,1.91139899093771
1.075,1.225,0.95,1.91985617523747,1.91439916627675
1.075,1.225,0.975,1.92193440975536,1.91721235532798
1.075,1.225,1,1.92390856911389,1.91982663868253
1.075,1.25,0.6,1.87084927143123,1.84341322158822
1.075,1.25,0.625,1.87638563536383,1.85173254625559
1.075,1.25,0.65,1.88156378244847,1.85933558015259
1.075,1.25,0.675,1.88630975418474,1.86631192907315
1.075,1.25,0.7,1.89074485131176,1.87275477728933
1.075,1.25,0.725,1.89484850653567,1.8786726870169
1.075,1.25,0.75,1.89865383739749,1.88412576484834
1.075,1.25,0.775,1.90221519291692,1.88917290878915
1.075,1.25,0.8,1.90552111827648,1.89382834951923
1.075,1.25,0.825,1.90859800425002,1.89813680387133
1.075,1.25,0.85,1.91148964146101,1.90214276041938
1.075,1.25,0.875,1.91418321713952,1.90585454111078
1.075,1.25,0.9,1.91669971726048,1.90930498476259
1.075,1.25,0.925,1.91907443889279,1.91252816461078
1.075,1.25,0.95,1.92130264295865,1.91552973424043
1.075,1.25,0.975,1.92337899368426,1.91834149985345
1.075,1.25,1,1.92535636491978,1.92095952478909
1.075,1.275,0.6,1.87224523648094,1.84453073103076
1.075,1.275,0.625,1.87778037151707,1.8528527924408
1.075,1.275,0.65,1.88295206499074,1.86044059362993
1.075,1.275,0.675,1.88770893300375,1.86744256857925
1.075,1.275,0.7,1.89213545347397,1.87387012628437
1.075,1.275,0.725,1.896241364975,1.87978790240075
1.075,1.275,0.75,1.90004687841257,1.88524816338685
1.075,1.275,0.775,1.90360049132686,1.8902826157806
1.075,1.275,0.8,1.90690802446626,1.89493776775947
1.075,1.275,0.825,1.90998497976973,1.89925174192378
1.075,1.275,0.85,1.91286979028383,1.90324717322707
1.075,1.275,0.875,1.91556462464032,1.90695865559183
1.075,1.275,0.9,1.91808116050172,1.9104135332281
1.075,1.275,0.925,1.92044991332799,1.9136279232098
1.075,1.275,0.95,1.92267656403686,1.91662596107074
1.075,1.275,0.975,1.92475171658264,1.91943798735604
1.075,1.275,1,1.92672501881864,1.92205006027091
1.075,1.3,0.6,1.87355881407092,1.84557456553834
1.075,1.3,0.625,1.87909570405821,1.85389495842156
1.075,1.3,0.65,1.88426459568155,1.86148408401616
1.075,1.3,0.675,1.88902212520963,1.86848586789375
1.075,1.3,0.7,1.89344627039849,1.87491288475909
1.075,1.3,0.725,1.89755234564024,1.88082872645966
1.075,1.3,0.75,1.90135676724522,1.88628890858318
1.075,1.3,0.775,1.90490811446405,1.89132223610612
1.075,1.3,0.8,1.90821559536555,1.89597543683075
1.075,1.3,0.825,1.91129135606792,1.90028932424416
1.075,1.3,0.85,1.91417412935268,1.90428340587067
1.075,1.3,0.875,1.91686885446133,1.90799310280227
1.075,1.3,0.9,1.91938421974098,1.91144798718751
1.075,1.3,0.925,1.92175118106411,1.91466095613576
1.075,1.3,0.95,1.92397686751947,1.91765763365644
1.075,1.3,0.975,1.92605223739231,1.92046758321491
1.075,1.3,1,1.9280236874221,1.92307918940678
1.075,1.325,0.6,1.87479558360213,1.84655901986179
1.075,1.325,0.625,1.88033070194871,1.85487807027878
1.075,1.325,0.65,1.88550680788733,1.86247965326259
1.075,1.325,0.675,1.89025060625467,1.86945530823145
1.075,1.325,0.7,1.8946825920714,1.87589438018599
1.075,1.325,0.725,1.8987833406844,1.88180901636361
1.075,1.325,0.75,1.90258506229923,1.88725934096101
1.075,1.325,0.775,1.90614285007676,1.89230206133038
1.075,1.325,0.8,1.90944565367523,1.89695385341759
1.075,1.325,0.825,1.91251890554053,1.90125940760909
1.075,1.325,0.85,1.91540707524845,1.90526106631437
1.075,1.325,0.875,1.91809771092808,1.90896937900986
1.075,1.325,0.9,1.92061083432179,1.91241715977687
1.075,1.325,0.925,1.92298237951354,1.91563641566936
1.075,1.325,0.95,1.92520754257873,1.91863440355476
1.075,1.325,0.975,1.9272811791163,1.92144301299785
1.075,1.325,1,1.92925573075688,1.92405813479187
1.075,1.35,0.6,1.87599291797171,1.84752784606282
1.075,1.35,0.625,1.88152723542401,1.85584909317535
1.075,1.35,0.65,1.8866968171277,1.86343603786243
1.075,1.35,0.675,1.89145094749099,1.87043531076927
1.075,1.35,0.7,1.89587445695395,1.87685996203424
1.075,1.35,0.725,1.89997755959401,1.88277431629525
1.075,1.35,0.75,1.90377956482368,1.88823126467734
1.075,1.35,0.775,1.90732975682274,1.89326209459522
1.075,1.35,0.8,1.91063427103572,1.89791355093978
1.075,1.35,0.825,1.91370772861913,1.90222421497804
1.075,1.35,0.85,1.91658923055188,1.90621605537621
1.075,1.35,0.875,1.91928121074263,1.90992407090944
1.075,1.35,0.9,1.9217945160809,1.91337596423877
1.075,1.35,0.925,1.92416024982753,1.91658704538431
1.075,1.35,0.95,1.92638404191551,1.91958180656141
1.075,1.35,0.975,1.92845671174785,1.92239072058279
1.075,1.35,1,1.93042729845052,1.92500024529716
1.075,1.375,0.6,1.87712006518506,1.8484316585614
1.075,1.375,0.625,1.88265571899034,1.856751252565
1.075,1.375,0.65,1.88782292397237,1.86433957620228
1.075,1.375,0.675,1.89257718396239,1.87133828095407
1.075,1.375,0.7,1.89699877533621,1.87776258144586
1.075,1.375,0.725,1.90110184440666,1.8836752274613
1.075,1.375,0.75,1.90490274156468,1.8891319305003
1.075,1.375,0.775,1.90845110843357,1.89416187708906
1.075,1.375,0.8,1.91175544880448,1.89881163070159
1.075,1.375,0.825,1.9148277507279,1.90312210208001
1.075,1.375,0.85,1.91770761604033,1.90711284076236
1.075,1.375,0.875,1.92039940242685,1.91081930781306
1.075,1.375,0.9,1.92291160079248,1.91427112713443
1.075,1.375,0.925,1.92527589910553,1.91748102540137
1.075,1.375,0.95,1.92749881897387,1.92047458130481
1.075,1.375,0.975,1.92957163922629,1.92328164293094
1.075,1.375,1,1.93154069668573,1.92589084783183
1.075,1.4,0.6,1.87817330664103,1.84931706489535
1.075,1.4,0.625,1.88370325466041,1.85763638878338
1.075,1.4,0.65,1.88888481884493,1.86521682957157
1.075,1.4,0.675,1.89361907265304,1.87221608473757
1.075,1.4,0.7,1.8980537124985,1.87863590230851
1.075,1.4,0.725,1.90214960633487,1.88454772125874
1.075,1.4,0.75,1.90594664583579,1.89000247883453
1.075,1.4,0.775,1.90950570387868,1.89502913228774
1.075,1.4,0.8,1.91280382283674,1.8996781949159
1.075,1.4,0.825,1.91587275211315,1.90398651103793
1.075,1.4,0.85,1.91876150197133,1.9079749104969
1.075,1.4,0.875,1.92144789785627,1.91168084025508
1.075,1.4,0.9,1.92395718632944,1.91513047491045
1.075,1.4,0.925,1.92632895252753,1.9183387702691
1.075,1.4,0.95,1.92855179131667,1.92133203814231
1.075,1.4,0.975,1.93062114971248,1.92413968898972
1.075,1.4,1,1.93259610519521,1.92674599155911
1.075,1.425,0.6,1.87921568590355,1.85013366386388
1.075,1.425,0.625,1.88474884135913,1.85845368357177
1.075,1.425,0.65,1.88991622346207,1.86603945672241
1.075,1.425,0.675,1.89466768917585,1.87303598225288
1.075,1.425,0.7,1.89908833635051,1.87945780577916
1.075,1.425,0.725,1.903188759986,1.88536893320173
1.075,1.425,0.75,1.90698755604438,1.89082274722478
1.075,1.425,0.775,1.91053462965505,1.89585024402024
1.075,1.425,0.8,1.91383636783201,1.90049832920032
1.075,1.425,0.825,1.91690669214896,1.90480594289776
1.075,1.425,0.85,1.91978523032904,1.9087945448838
1.075,1.425,0.875,1.92247462762641,1.91249944230655
1.075,1.425,0.9,1.92498507053036,1.91594861745614
1.075,1.425,0.925,1.92734812602906,1.91915674579019
1.075,1.425,0.95,1.92956937704878,1.92214858461936
1.075,1.425,0.975,1.93163982910132,1.92495472733444
1.075,1.425,1,1.93360802144271,1.92756197653768
1.075,1.45,0.6,1.88018990821908,1.85092117220427
1.075,1.45,0.625,1.88572406946625,1.85923958690503
1.075,1.45,0.65,1.89088947059138,1.86682679684255
1.075,1.45,0.675,1.89564063689727,1.87382247954106
1.075,1.45,0.7,1.9000597801932,1.88024412209367
1.075,1.45,0.725,1.90416000823587,1.88615374313991
1.075,1.45,0.75,1.90795769951022,1.89160719518675
1.075,1.45,0.775,1.91150333914227,1.89663401408404
1.075,1.45,0.8,1.91480480138911,1.90128061193213
1.075,1.45,0.825,1.91787401281473,1.90558796104403
1.075,1.45,0.85,1.92075126623369,1.90957566833528
1.075,1.45,0.875,1.92344039723351,1.9132792202441
1.075,1.45,0.9,1.92594979257321,1.91672826681826
1.075,1.45,0.925,1.92831172319879,1.91993540924881
1.075,1.45,0.95,1.93053218278991,1.92292617288578
1.075,1.45,0.975,1.93260272927544,1.92573065509414
1.075,1.45,1,1.93456967088719,1.92833770449182
1.075,1.475,0.6,1.88110091817048,1.85169901990634
1.075,1.475,0.625,1.88662963112277,1.86001698064159
1.075,1.475,0.65,1.89180788309509,1.86759615481408
1.075,1.475,0.675,1.89654148434936,1.87459410897641
1.075,1.475,0.7,1.90097190094742,1.88101032346884
1.075,1.475,0.725,1.90506591877071,1.8869196824132
1.075,1.475,0.75,1.90886011159528,1.89237164999468
1.075,1.475,0.775,1.91241501926275,1.8973944837181
1.075,1.475,0.8,1.91571111799292,1.90204084613167
1.075,1.475,0.825,1.91877727955565,1.90634646823157
1.075,1.475,0.85,1.92166225103514,1.91033130490704
1.075,1.475,0.875,1.92434674877661,1.9140346829668
1.075,1.475,0.9,1.92685351650264,1.91748193399799
1.075,1.475,0.925,1.92922194278154,1.92068704911445
1.075,1.475,0.95,1.93144233109874,1.92367753275183
1.075,1.475,0.975,1.93350972164973,1.92648255844541
1.075,1.475,1,1.93548198996744,1.92908675031573
1.075,1.5,0.6,1.88200687795408,1.85241645520384
1.075,1.5,0.625,1.88753889280304,1.86073462351007
1.075,1.5,0.65,1.89270373461032,1.86831623295099
1.075,1.5,0.675,1.89745294848397,1.87531474604398
1.075,1.5,0.7,1.90187073722184,1.88173133119527
1.075,1.5,0.725,1.90596860574471,1.887639259512
1.075,1.5,0.75,1.90976459159772,1.89309182308974
1.075,1.5,0.775,1.91330872041582,1.89811428846562
1.075,1.5,0.8,1.91660789084433,1.90275916754835
1.075,1.5,0.825,1.91967548832445,1.9070653277228
1.075,1.5,0.85,1.92255129555913,1.91104944750423
1.075,1.5,0.875,1.92523833706879,1.91475143537808
1.075,1.5,0.9,1.92774629797491,1.91819922834148
1.075,1.5,0.925,1.93010691935445,1.92140346540976
1.075,1.5,0.95,1.9323258683705,1.9243925993
1.075,1.5,0.975,1.93439443115596,1.9271961779556
1.075,1.5,1,1.93636040656155,1.92980047247739
1.1,0.75,0.6,1.80669329486826,1.79334221590092
1.1,0.75,0.625,1.81227863978655,1.80173032327494
1.1,0.75,0.65,1.8175143880683,1.80949857981038
1.1,0.75,0.675,1.82234859178822,1.81665070755561
1.1,0.75,0.7,1.82685926600679,1.82324699197689
1.1,0.75,0.725,1.8310929933214,1.82936079938726
1.1,0.75,0.75,1.83493211275712,1.8350704381889
1.1,0.75,0.775,1.83865446128747,1.84021552332617
1.1,0.75,0.8,1.84209577680407,1.8450629324607
1.1,0.75,0.825,1.8452923899552,1.84955904786964
1.1,0.75,0.85,1.84827773455354,1.85373559492926
1.1,0.75,0.875,1.85110760227054,1.85760208905624
1.1,0.75,0.9,1.85373156384123,1.86120514157512
1.1,0.75,0.925,1.85618079598774,1.8645832400581
1.1,0.75,0.95,1.85852403871318,1.86771878881204
1.1,0.75,0.975,1.86070311976172,1.87065213734228
1.1,0.75,1,1.86274219831723,1.87341382305258
1.1,0.775,0.6,1.81197820113795,1.79701163210212
1.1,0.775,0.625,1.81758224047076,1.80543361775492
1.1,0.775,0.65,1.82279664890435,1.8131960750615
1.1,0.775,0.675,1.82765534690631,1.82035589658985
1.1,0.775,0.7,1.83217546624151,1.82697375837808
1.1,0.775,0.725,1.83638585328456,1.83307768008286
1.1,0.775,0.75,1.84031519012682,1.83871618746505
1.1,0.775,0.775,1.84403392825954,1.84388461878557
1.1,0.775,0.8,1.84738782910812,1.84878615514439
1.1,0.775,0.825,1.85059111412964,1.85327426878287
1.1,0.775,0.85,1.85357625778146,1.85745154416261
1.1,0.775,0.875,1.8563867027478,1.86131035208634
1.1,0.775,0.9,1.85901813638865,1.86491931143027
1.1,0.775,0.925,1.86147351086876,1.86829574389677
1.1,0.775,0.95,1.86379927362455,1.87142440083271
1.1,0.775,0.975,1.86598369464268,1.87436242827405
1.1,0.775,1,1.86802803224954,1.87712178874272
1.1,0.8,0.6,1.81680296109059,1.80039255088561
1.1,0.8,0.625,1.82240972162928,1.80879334578822
1.1,0.8,0.65,1.82765837760435,1.81659746462435
1.1,0.8,0.675,1.83251189871327,1.82376200727668
1.1,0.8,0.7,1.83702917274295,1.83035797794354
1.1,0.8,0.725,1.84126370957556,1.83649177978759
1.1,0.8,0.75,1.84518351595839,1.84213232196113
1.1,0.8,0.775,1.84884129120786,1.84733647752212
1.1,0.8,0.8,1.8523118811458,1.85216204261373
1.1,0.8,0.825,1.85547392025161,1.85669109958836
1.1,0.8,0.85,1.85845995002047,1.86087138944172
1.1,0.8,0.875,1.86128303455675,1.86474169051201
1.1,0.8,0.9,1.8639042113182,1.86833692937304
1.1,0.8,0.925,1.86635586654106,1.87171145175899
1.1,0.8,0.95,1.86869179248442,1.87484898311178
1.1,0.8,0.975,1.87086718101307,1.87777505861666
1.1,0.8,1,1.87290731694559,1.88053281806191
1.1,0.825,0.6,1.82127488993848,1.80364745501054
1.1,0.825,0.625,1.82689673145594,1.8120728340377
1.1,0.825,0.65,1.83214325666632,1.81986540608177
1.1,0.825,0.675,1.83700187443239,1.82703348596076
1.1,0.825,0.7,1.84152713591587,1.83364381195137
1.1,0.825,0.725,1.84575572237646,1.83976490727523
1.1,0.825,0.75,1.84967679013226,1.84540564925376
1.1,0.825,0.775,1.8533382158066,1.85061970446509
1.1,0.825,0.8,1.85677038594369,1.85546452094506
1.1,0.825,0.825,1.8600191596353,1.85990602192373
1.1,0.825,0.85,1.86294688398124,1.86413590344092
1.1,0.825,0.875,1.86576501927002,1.86799662850239
1.1,0.825,0.9,1.86838881782342,1.87159570513783
1.1,0.825,0.925,1.8708384385423,1.87496841989887
1.1,0.825,0.95,1.87316887451254,1.87809817677244
1.1,0.825,0.975,1.87534581561639,1.88102718527613
1.1,0.825,1,1.87738396168053,1.883783063558
1.1,0.85,0.6,1.82541095404899,1.80664874291408
1.1,0.85,0.625,1.83103460969845,1.81508562724394
1.1,0.85,0.65,1.83629880098027,1.82287865830738
1.1,0.85,0.675,1.8411593775264,1.83005216765267
1.1,0.85,0.7,1.84568190933611,1.83666695347029
1.1,0.85,0.725,1.84992198767225,1.84278502433764
1.1,0.85,0.75,1.85384217637093,1.848427503904
1.1,0.85,0.775,1.85749900031964,1.85364303352918
1.1,0.85,0.8,1.8609382352822,1.85848462490723
1.1,0.85,0.825,1.86413414890416,1.86297442679348
1.1,0.85,0.85,1.86707650204785,1.86718701125428
1.1,0.85,0.875,1.86993582102903,1.87101086318353
1.1,0.85,0.9,1.87255592343199,1.87460802626896
1.1,0.85,0.925,1.87500187291057,1.87797903461325
1.1,0.85,0.95,1.87733763645124,1.88110612976461
1.1,0.85,0.975,1.87951019259275,1.88403383862023
1.1,0.85,1,1.88154479783365,1.88678814584741
1.1,0.875,0.6,1.8293287532141,1.80944144472
1.1,0.875,0.625,1.83496404019543,1.81790036292219
1.1,0.875,0.65,1.8402072213485,1.82568818489195
1.1,0.875,0.675,1.84508384360196,1.83286554036481
1.1,0.875,0.7,1.84961223655411,1.83949431122024
1.1,0.875,0.725,1.85383189302672,1.84560383324355
1.1,0.875,0.75,1.85776338075996,1.85124650022699
1.1,0.875,0.775,1.86142315069512,1.85647184640821
1.1,0.875,0.8,1.86484358052199,1.86130434915623
1.1,0.875,0.825,1.86804226071608,1.86578856873973
1.1,0.875,0.85,1.87102450282209,1.86995935036618
1.1,0.875,0.875,1.87388043580834,1.87376461444961
1.1,0.875,0.9,1.87644964241394,1.87742154895453
1.1,0.875,0.925,1.87890043320513,1.88078954469439
1.1,0.875,0.95,1.88122202034649,1.88391133084713
1.1,0.875,0.975,1.88339861850471,1.88684176784946
1.1,0.875,1,1.88543656521854,1.88959371739042
1.1,0.9,0.6,1.83292193362255,1.81202762945899
1.1,0.9,0.625,1.83855675127213,1.82046638953065
1.1,0.9,0.65,1.84382338136859,1.82828653520174
1.1,0.9,0.675,1.84869372184542,1.83546565078441
1.1,0.9,0.7,1.85321847907457,1.84207490206495
1.1,0.9,0.725,1.85745515481617,1.84820768129076
1.1,0.9,0.75,1.86137899653567,1.85384956080015
1.1,0.9,0.775,1.86503412629962,1.85905734932229
1.1,0.9,0.8,1.86846751943396,1.86390762787306
1.1,0.9,0.825,1.87166399251541,1.86839194263623
1.1,0.9,0.85,1.87464454234148,1.8725663243007
1.1,0.9,0.875,1.87746202879768,1.87642808698279
1.1,0.9,0.9,1.88010189062489,1.8799944626729
1.1,0.9,0.925,1.88251832855834,1.88339146275124
1.1,0.9,0.95,1.88484776726919,1.88651976578131
1.1,0.9,0.975,1.88701738317834,1.88943996150832
1.1,0.9,1,1.88905187156136,1.89219019632603
1.1,0.925,0.6,1.83625006294966,1.81454432009862
1.1,0.925,0.625,1.84188883034794,1.82300337148219
1.1,0.925,0.65,1.84716322703747,1.8308055976036
1.1,0.925,0.675,1.85203314636572,1.83798706022399
1.1,0.925,0.7,1.85655822382145,1.84460847333153
1.1,0.925,0.725,1.86079874643064,1.85072488833297
1.1,0.925,0.75,1.86472054013102,1.85636690340782
1.1,0.925,0.775,1.86837441055159,1.86158268073421
1.1,0.925,0.8,1.87180961235523,1.86641881731521
1.1,0.925,0.825,1.87500111824188,1.87090454884342
1.1,0.925,0.85,1.87798068885708,1.87507162393904
1.1,0.925,0.875,1.88079981034685,1.87892466863669
1.1,0.925,0.9,1.88341446103117,1.88251853524669
1.1,0.925,0.925,1.88582461640219,1.8859162324587
1.1,0.925,0.95,1.88818167062289,1.88901040657083
1.1,0.925,0.975,1.89035032272609,1.89193272367904
1.1,0.925,1,1.89238117893053,1.894681578999
1.1,0.95,0.6,1.83943086125423,1.816851443325
1.1,0.95,0.625,1.8450784161538,1.82532691463386
1.1,0.95,0.65,1.85033240783636,1.83312491586294
1.1,0.95,0.675,1.85521483198034,1.84030857009993
1.1,0.95,0.7,1.85974441647738,1.84694039945276
1.1,0.95,0.725,1.86396582371253,1.85304988650371
1.1,0.95,0.75,1.86789651606306,1.85869138320612
1.1,0.95,0.775,1.8715527650328,1.86391450462736
1.1,0.95,0.8,1.87497085670501,1.86874313648164
1.1,0.95,0.825,1.87816517177008,1.87322302024433
1.1,0.95,0.85,1.88114189184892,1.87739034397204
1.1,0.95,0.875,1.88394598240671,1.88123934371471
1.1,0.95,0.9,1.88656461070043,1.88483615304542
1.1,0.95,0.925,1.88901052676023,1.8881989966987
1.1,0.95,0.95,1.89136809213064,1.89127585864306
1.1,0.95,0.975,1.89349321420512,1.8942470705905
1.1,0.95,1,1.89552748571749,1.89699284673684
1.1,0.975,0.6,1.84235527006039,1.8189943598988
1.1,0.975,0.625,1.84800130478075,1.82745071230154
1.1,0.975,0.65,1.85327395033156,1.83527640567826
1.1,0.975,0.675,1.85814987140417,1.8424607423913
1.1,0.975,0.7,1.862675760596,1.84907469594743
1.1,0.975,0.725,1.8669109197254,1.85520428236732
1.1,0.975,0.75,1.87083444934394,1.86084457408048
1.1,0.975,0.775,1.87448644579743,1.86605187219767
1.1,0.975,0.8,1.877915220138,1.87089589013727
1.1,0.975,0.825,1.88110731645237,1.87537531473608
1.1,0.975,0.85,1.88408331890622,1.87954456167991
1.1,0.975,0.875,1.88689438361107,1.88340192648444
1.1,0.975,0.9,1.88950553984614,1.88698870980855
1.1,0.975,0.925,1.89194746143392,1.89035057213984
1.1,0.975,0.95,1.8942715269454,1.89347322313773
1.1,0.975,0.975,1.89645654541415,1.89636948865928
1.1,0.975,1,1.8984617087603,1.89913969054057
1.1,1,0.6,1.84507559028098,1.82109609061786
1.1,1,0.625,1.85072299753772,1.82956997541758
1.1,1,0.65,1.85600232372095,1.83737701303233
1.1,1,0.675,1.86087688409462,1.84456258267085
1.1,1,0.7,1.86540172698867,1.85118725094156
1.1,1,0.725,1.86964044538739,1.85730050813811
1.1,1,0.75,1.87356160309346,1.86294051372897
1.1,1,0.775,1.87721161769883,1.86815497314463
1.1,1,0.8,1.8806423139652,1.87298517981783
1.1,1,0.825,1.88382980204791,1.87746561051427
1.1,1,0.85,1.88680501937797,1.88162806133936
1.1,1,0.875,1.88961846239986,1.88547595496037
1.1,1,0.9,1.8922276109238,1.8890665102606
1.1,1,0.925,1.89466540535762,1.89242753157989
1.1,1,0.95,1.89699041887534,1.89554291808351
1.1,1,0.975,1.89915380423628,1.89846169513797
1.1,1,1,1.90115533330062,1.90123115959658
1.1,1.025,0.6,1.84769056003545,1.8230227035402
1.1,1.025,0.625,1.85334490861087,1.83150882334641
1.1,1.025,0.65,1.85860478171724,1.83931264849569
1.1,1.025,0.675,1.8634894681775,1.84649930763308
1.1,1.025,0.7,1.86801798435519,1.85313174337153
1.1,1.025,0.725,1.87223891501709,1.85923953048079
1.1,1.025,0.75,1.8761673573457,1.86487860725839
1.1,1.025,0.775,1.87981942448165,1.87009858695485
1.1,1.025,0.8,1.88323442415435,1.87492279023349
1.1,1.025,0.825,1.88642438090314,1.87939782271736
1.1,1.025,0.85,1.8893966513779,1.88356034417645
1.1,1.025,0.875,1.89219669626464,1.88740502619684
1.1,1.025,0.9,1.89480980774805,1.89099715008549
1.1,1.025,0.925,1.89724986390778,1.89435630065368
1.1,1.025,0.95,1.89956308994814,1.89746891450549
1.1,1.025,0.975,1.90172903838545,1.90038948780507
1.1,1.025,1,1.90375883625788,1.90313067428983
1.1,1.05,0.6,1.85009904135681,1.82481695643608
1.1,1.05,0.625,1.85575142114607,1.83328512118525
1.1,1.05,0.65,1.86102653360102,1.84111306710529
1.1,1.05,0.675,1.8659048114387,1.84829973349086
1.1,1.05,0.7,1.87042981543678,1.85491584682206
1.1,1.05,0.725,1.87466215569949,1.8610412927716
1.1,1.05,0.75,1.87858396856461,1.86667897167658
1.1,1.05,0.775,1.88223221045579,1.8718847109099
1.1,1.05,0.8,1.88565619220059,1.87672250050334
1.1,1.05,0.825,1.88884383861764,1.88119690559721
1.1,1.05,0.85,1.89181546980995,1.88536089325269
1.1,1.05,0.875,1.89462141729407,1.88921302535107
1.1,1.05,0.9,1.89722825523761,1.89279599589368
1.1,1.05,0.925,1.8996655891204,1.89615329890331
1.1,1.05,0.95,1.90198367453839,1.89927181219813
1.1,1.05,0.975,1.90414406619344,1.90218473513285
1.1,1.05,1,1.90617036375338,1.90492520351381
1.1,1.075,0.6,1.8523483613025,1.82658992764874
1.1,1.075,0.625,1.85800047627488,1.83507364099729
1.1,1.075,0.65,1.86328163337059,1.842882715828
1.1,1.075,0.675,1.86815805570755,1.85006994911341
1.1,1.075,0.7,1.87268119726476,1.85669573639453
1.1,1.075,0.725,1.87691699642046,1.8628051260089
1.1,1.075,0.75,1.8808363314191,1.86844232641368
1.1,1.075,0.775,1.88448219728634,1.8736546327972
1.1,1.075,0.8,1.88790824493178,1.8784790643411
1.1,1.075,0.825,1.89109163859528,1.88295427217779
1.1,1.075,0.85,1.89406256101858,1.88711210824929
1.1,1.075,0.875,1.89687091013655,1.89095491397355
1.1,1.075,0.9,1.89947563503885,1.89454147694722
1.1,1.075,0.925,1.90190938133319,1.89789799708939
1.1,1.075,0.95,1.9042291823961,1.90100876127561
1.1,1.075,0.975,1.90638757726177,1.90392442728862
1.1,1.075,1,1.90841064256269,1.90666433877266
1.1,1.1,0.6,1.85452284121054,1.82821417034561
1.1,1.1,0.625,1.86018066894234,1.83670704240249
1.1,1.1,0.65,1.86544344184969,1.84451391783046
1.1,1.1,0.675,1.87032835482697,1.85170154228349
1.1,1.1,0.7,1.87485464203357,1.85833313181101
1.1,1.1,0.725,1.87907390798083,1.86443834017223
1.1,1.1,0.75,1.88299941899323,1.87007439232953
1.1,1.1,0.775,1.88664715379883,1.87529085095615
1.1,1.1,0.8,1.89005875307323,1.88011056770627
1.1,1.1,0.825,1.89324441878077,1.88458084601696
1.1,1.1,0.85,1.89621240541104,1.88873869257447
1.1,1.1,0.875,1.89900859832497,1.89257912277441
1.1,1.1,0.9,1.90161688718864,1.8961666397935
1.1,1.1,0.925,1.90405258689458,1.89952131917352
1.1,1.1,0.95,1.90636186820273,1.902629904156
1.1,1.1,0.975,1.90852304577361,1.90554640577402
1.1,1.1,1,1.91054780684598,1.90828444086491
1.1,1.125,0.6,1.85652733825901,1.82973078013126
1.1,1.125,0.625,1.86218303679501,1.83820687548716
1.1,1.125,0.65,1.8674586338182,1.84603525294529
1.1,1.125,0.675,1.87233738765636,1.85322250313002
1.1,1.125,0.7,1.87686041238634,1.85983915845634
1.1,1.125,0.725,1.88108943293412,1.86596021370629
1.1,1.125,0.75,1.88500884734259,1.87159480617269
1.1,1.125,0.775,1.88865314676816,1.87679838879362
1.1,1.125,0.8,1.89207252002514,1.88163034303178
1.1,1.125,0.825,1.89525583001523,1.88609995478603
1.1,1.125,0.85,1.89822333992169,1.89025892680162
1.1,1.125,0.875,1.90102462662673,1.8941062094783
1.1,1.125,0.9,1.9036274649843,1.89768546341015
1.1,1.125,0.925,1.90606079582554,1.90103832908855
1.1,1.125,0.95,1.90837435154774,1.90415231109565
1.1,1.125,0.975,1.91053084198192,1.90706180151148
1.1,1.125,1,1.91255324816797,1.90979838534946
1.1,1.15,0.6,1.85840792954554,1.83123993599105
1.1,1.15,0.625,1.86406244045748,1.8397300578917
1.1,1.15,0.65,1.86934327792383,1.84753970206188
1.1,1.15,0.675,1.87422002197898,1.85472701832156
1.1,1.15,0.7,1.87874081372186,1.86135257861011
1.1,1.15,0.725,1.88297293340066,1.86745802951619
1.1,1.15,0.75,1.88688995516901,1.87309200884437
1.1,1.15,0.775,1.89053177684411,1.87830173805922
1.1,1.15,0.8,1.89395307736526,1.88312087275774
1.1,1.15,0.825,1.89713253940798,1.88759114326259
1.1,1.15,0.85,1.9000999667035,1.89174513572923
1.1,1.15,0.875,1.90290287194218,1.8955827686107
1.1,1.15,0.9,1.90550364226232,1.89916552888806
1.1,1.15,0.925,1.90793426531963,1.90251823967634
1.1,1.15,0.95,1.91024895643342,1.9056242524685
1.1,1.15,0.975,1.91240357037699,1.90853641371987
1.1,1.15,1,1.91442364217575,1.91127285018305
1.1,1.175,0.6,1.86023469660165,1.83262070896871
1.1,1.175,0.625,1.86589389572016,1.84111747728253
1.1,1.175,0.65,1.87115774452498,1.84892603451994
1.1,1.175,0.675,1.87604180538916,1.85611333098638
1.1,1.175,0.7,1.88056524518152,1.86274306397944
1.1,1.175,0.725,1.88478224407366,1.86884556408472
1.1,1.175,0.75,1.88870464551147,1.87447831446219
1.1,1.175,0.775,1.89234810101506,1.87969105005651
1.1,1.175,0.8,1.89575626846474,1.8845066377731
1.1,1.175,0.825,1.89893788462317,1.8889724008831
1.1,1.175,0.85,1.90190192904066,1.89312578658175
1.1,1.175,0.875,1.90469446333236,1.89696243961847
1.1,1.175,0.9,1.90729837063594,1.90054562350194
1.1,1.175,0.925,1.90973024690151,1.90389609266488
1.1,1.175,0.95,1.91203598691298,1.90700107448002
1.1,1.175,0.975,1.91419308395478,1.90991364781776
1.1,1.175,1,1.91621428461511,1.91264790777616
1.1,1.2,0.6,1.86191835286871,1.83391470373548
1.1,1.2,0.625,1.86757542675565,1.84239590228615
1.1,1.2,0.65,1.87285042202526,1.850223708557
1.1,1.2,0.675,1.87772852537101,1.85741041859747
1.1,1.2,0.7,1.88224897900267,1.86402651227705
1.1,1.2,0.725,1.88647460619448,1.8701432967098
1.1,1.2,0.75,1.89039132350852,1.87577460479644
1.1,1.2,0.775,1.89403170079552,1.88097568410363
1.1,1.2,0.8,1.89744683173481,1.88580235056085
1.1,1.2,0.825,1.90062602405491,1.89026750598605
1.1,1.2,0.85,1.90358978271985,1.89442176203233
1.1,1.2,0.875,1.90638688322886,1.89826470835696
1.1,1.2,0.9,1.90898600422478,1.9018404522863
1.1,1.2,0.925,1.91141574982003,1.90518920467104
1.1,1.2,0.95,1.9137253509571,1.90829915998892
1.1,1.2,0.975,1.91587834150989,1.91120543264125
1.1,1.2,1,1.91789748464795,1.91393829140212
1.1,1.225,0.6,1.86350699032299,1.83520922741075
1.1,1.225,0.625,1.86916243151387,1.84370342617202
1.1,1.225,0.65,1.87444178907693,1.85151268989193
1.1,1.225,0.675,1.87931792788761,1.85869914073262
1.1,1.225,0.7,1.88383607694079,1.86532364317936
1.1,1.225,0.725,1.88806429346751,1.87142523041699
1.1,1.225,0.75,1.89197879786697,1.87705586704101
1.1,1.225,0.775,1.89561679565411,1.88226283400997
1.1,1.225,0.8,1.89903354286897,1.88707714174576
1.1,1.225,0.825,1.90220960702336,1.89154297545374
1.1,1.225,0.85,1.90517286266177,1.8956925749419
1.1,1.225,0.875,1.90797138626897,1.89952620364362
1.1,1.225,0.9,1.91056861604863,1.90310541519988
1.1,1.225,0.925,1.91299588415137,1.90645412216865
1.1,1.225,0.95,1.91530650054564,1.90955641035255
1.1,1.225,0.975,1.91745780626855,1.91246534101547
1.1,1.225,1,1.91947482701358,1.91519816400096
1.1,1.25,0.6,1.86505581275218,1.83639239873599
1.1,1.25,0.625,1.87071516569937,1.8448913264184
1.1,1.25,0.65,1.87597896467625,1.85270034928317
1.1,1.25,0.675,1.88086150265216,1.85988654485029
1.1,1.25,0.7,1.88538191696597,1.86651397024474
1.1,1.25,0.725,1.88959638397277,1.8726135580734
1.1,1.25,0.75,1.89351563551299,1.87824297043427
1.1,1.25,0.775,1.89715507958824,1.88345205622528
1.1,1.25,0.8,1.90055993534513,1.88826372947544
1.1,1.25,0.825,1.90373779383678,1.89272529611652
1.1,1.25,0.85,1.90669819417612,1.89687456691761
1.1,1.25,0.875,1.90948734817195,1.90070771881525
1.1,1.25,0.9,1.91208735280896,1.90428695454156
1.1,1.25,0.925,1.91451578928513,1.90763360822555
1.1,1.25,0.95,1.91681833923588,1.91073530639015
1.1,1.25,0.975,1.9189718618048,1.91364433196532
1.1,1.25,1,1.92098993333706,1.91637517450763
1.1,1.275,0.6,1.86648247412136,1.83750482899269
1.1,1.275,0.625,1.87213979599174,1.84598935117157
1.1,1.275,0.65,1.87741350535091,1.85381581555525
1.1,1.275,0.675,1.88229029589894,1.86100133230691
1.1,1.275,0.7,1.88680800054659,1.86761628431225
1.1,1.275,0.725,1.89103026880467,1.87372888154591
1.1,1.275,0.75,1.89494419270324,1.87935691379238
1.1,1.275,0.775,1.89858087904961,1.88455541204165
1.1,1.275,0.8,1.90199210357526,1.88937720696899
1.1,1.275,0.825,1.90516749701483,1.89383823511732
1.1,1.275,0.85,1.90812778848186,1.89798819470915
1.1,1.275,0.875,1.91092113028482,1.90182717911601
1.1,1.275,0.9,1.91351689641185,1.90539968296474
1.1,1.275,0.925,1.91594338998025,1.90874472562336
1.1,1.275,0.95,1.91824950052687,1.91185104944942
1.1,1.275,0.975,1.92039938479387,1.91475438948468
1.1,1.275,1,1.92241561495951,1.91748390959078
1.1,1.3,0.6,1.86783683288761,1.83862401541566
1.1,1.3,0.625,1.87349182728013,1.84712040538689
1.1,1.3,0.65,1.8787698488456,1.85492927115023
1.1,1.3,0.675,1.883644511233,1.86211392053543
1.1,1.3,0.7,1.88815956608495,1.86873665528766
1.1,1.3,0.725,1.89238453591717,1.87483496530017
1.1,1.3,0.75,1.89629621886362,1.88046201698577
1.1,1.3,0.775,1.899930359383,1.88566602285074
1.1,1.3,0.8,1.90334337496572,1.89047626907945
1.1,1.3,0.825,1.90651558761588,1.89493751157749
1.1,1.3,0.85,1.9094752881556,1.89908325822196
1.1,1.3,0.875,1.91226986785419,1.90291326029594
1.1,1.3,0.9,1.91486391995283,1.90648919409459
1.1,1.3,0.925,1.91728815929885,1.90983428909534
1.1,1.3,0.95,1.91959515962083,1.91293324454765
1.1,1.3,0.975,1.92174353863884,1.91583922850426
1.1,1.3,1,1.92375784074034,1.91856881500887
1.1,1.325,0.6,1.86916075339835,1.83964500873155
1.1,1.325,0.625,1.87481951631563,1.84814491103275
1.1,1.325,0.65,1.88008258255282,1.8559536063368
1.1,1.325,0.675,1.88496324275497,1.86313823782343
1.1,1.325,0.7,1.88948063559503,1.86976313316159
1.1,1.325,0.725,1.89369250233807,1.87585976768911
1.1,1.325,0.75,1.8976086923355,1.88148591952843
1.1,1.325,0.775,1.90124443583233,1.88669151042281
1.1,1.325,0.8,1.9046461739896,1.89149952729712
1.1,1.325,0.825,1.90782058842227,1.8959572299256
1.1,1.325,0.85,1.91077765763672,1.90010273305752
1.1,1.325,0.875,1.91356372269437,1.90393266863118
1.1,1.325,0.9,1.91616025795746,1.90750832301611
1.1,1.325,0.925,1.91858560902545,1.91085153391599
1.1,1.325,0.95,1.92088529285161,1.91395025983175
1.1,1.325,0.975,1.92303567179415,1.91685609693017
1.1,1.325,1,1.9250509688401,1.91958387762596
1.1,1.35,0.6,1.8703793749783,1.84060814599134
1.1,1.35,0.625,1.87603623038082,1.8490946754372
1.1,1.35,0.65,1.88130827408471,1.85691929986299
1.1,1.35,0.675,1.88618337896417,1.86410320086122
1.1,1.35,0.7,1.89069831485605,1.87071664274859
1.1,1.35,0.725,1.89491736324738,1.87682521694158
1.1,1.35,0.75,1.89882852550409,1.88245005957392
1.1,1.35,0.775,1.90246178863284,1.88764599049237
1.1,1.35,0.8,1.90586945214533,1.89246332280047
1.1,1.35,0.825,1.90904137405839,1.89692055056415
1.1,1.35,0.85,1.91199849189877,1.90106660699986
1.1,1.35,0.875,1.91478847051447,1.90490198767086
1.1,1.35,0.9,1.91738121817585,1.90847152035845
1.1,1.35,0.925,1.91980477681613,1.91181321968145
1.1,1.35,0.95,1.92210780290508,1.91491627808031
1.1,1.35,0.975,1.92425492538954,1.91781695971975
1.1,1.35,1,1.92626855181407,1.92054349408014
1.1,1.375,0.6,1.87156284632466,1.84157677560125
1.1,1.375,0.625,1.87721989627773,1.85007270991502
1.1,1.375,0.65,1.88248734831898,1.85788399362244
1.1,1.375,0.675,1.88736337905664,1.86506623210062
1.1,1.375,0.7,1.89187800903375,1.87168587094756
1.1,1.375,0.725,1.89609231105045,1.87778349256128
1.1,1.375,0.75,1.90000375706844,1.88340673328839
1.1,1.375,0.775,1.90363659239323,1.88860708901759
1.1,1.375,0.8,1.90703980829749,1.89341550044088
1.1,1.375,0.825,1.91021079907522,1.89787229667763
1.1,1.375,0.85,1.91316656056318,1.90201487717322
1.1,1.375,0.875,1.91595324476511,1.90584352556246
1.1,1.375,0.9,1.91854600206525,1.90941562085858
1.1,1.375,0.925,1.92096864248,1.9127567615
1.1,1.375,0.95,1.92326872873621,1.91585428208654
1.1,1.375,0.975,1.92541586469611,1.9187569641814
1.1,1.375,1,1.9274286905288,1.92148303387712
1.1,1.4,0.6,1.87268374333417,1.84246922894999
1.1,1.4,0.625,1.87834147065118,1.85096929514164
1.1,1.4,0.65,1.88360340039914,1.85877715034078
1.1,1.4,0.675,1.88848201955532,1.86595995485342
1.1,1.4,0.7,1.89299649315744,1.87258224044528
1.1,1.4,0.725,1.89720580225657,1.87867597621443
1.1,1.4,0.75,1.9011190843433,1.88429900691948
1.1,1.4,0.775,1.90475144383349,1.88950129809394
1.1,1.4,0.8,1.90815028844291,1.89430592913173
1.1,1.4,0.825,1.91132156708512,1.89876009201545
1.1,1.4,0.85,1.91427560956945,1.90290215862025
1.1,1.4,0.875,1.91705886919612,1.90672915335574
1.1,1.4,0.9,1.9196523202342,1.9103015646972
1.1,1.4,0.925,1.9220749072847,1.91364167262441
1.1,1.4,0.95,1.92437202068551,1.91673771370771
1.1,1.4,0.975,1.92651962783818,1.91964068625116
1.1,1.4,1,1.92853245941844,1.92236572595554
1.1,1.425,0.6,1.87373224167238,1.84330849973621
1.1,1.425,0.625,1.87938819750721,1.85179611482329
1.1,1.425,0.65,1.88465839816004,1.85961861510105
1.1,1.425,0.675,1.88953162965237,1.86680066819903
1.1,1.425,0.7,1.89404387390201,1.87341239674945
1.1,1.425,0.725,1.89825989973264,1.87951716052593
1.1,1.425,0.75,1.90216840216722,1.88513895861648
1.1,1.425,0.775,1.90579852101772,1.89033239793781
1.1,1.425,0.8,1.90920296051035,1.89514565447566
1.1,1.425,0.825,1.91237172386059,1.8995994023897
1.1,1.425,0.85,1.91532595302012,1.90374192164444
1.1,1.425,0.875,1.91811292999685,1.90757402756026
1.1,1.425,0.9,1.92070296890016,1.91114084311806
1.1,1.425,0.925,1.92312387928741,1.91447953560517
1.1,1.425,0.95,1.92542417910214,1.91757965510321
1.1,1.425,0.975,1.92756884648196,1.92047792746264
1.1,1.425,1,1.92958013903427,1.9232017957746
1.1,1.45,0.6,1.87476131042478,1.84415380995669
1.1,1.45,0.625,1.88041752947487,1.85265323662038
1.1,1.45,0.65,1.88568044564402,1.86045903966308
1.1,1.45,0.675,1.89055649365501,1.86764132827774
1.1,1.45,0.7,1.89506866762813,1.87426130241352
1.1,1.45,0.725,1.89927782724121,1.88035235895678
1.1,1.45,0.75,1.903188244852,1.88597411435569
1.1,1.45,0.775,1.90681823789326,1.89117367345275
1.1,1.45,0.8,1.91021650342798,1.89597574229649
1.1,1.45,0.825,1.91338543819591,1.90042809344651
1.1,1.45,0.85,1.91633684754387,1.90456871336691
1.1,1.45,0.875,1.91911963954285,1.90839307963526
1.1,1.45,0.9,1.92171107772818,1.91196308691988
1.1,1.45,0.925,1.92413094401301,1.91530224930042
1.1,1.45,0.95,1.92642756197262,1.91839600570102
1.1,1.45,0.975,1.92857342119951,1.92129680257135
1.1,1.45,1,1.93058383278413,1.92402103745307
1.1,1.475,0.6,1.87572922551617,1.8449368740168
1.1,1.475,0.625,1.88138566167721,1.85343654976761
1.1,1.475,0.65,1.88664622902201,1.8612432403856
1.1,1.475,0.675,1.89152276009124,1.86842408514304
1.1,1.475,0.7,1.89603446660706,1.87504376985905
1.1,1.475,0.725,1.90024132135424,1.88113471563682
1.1,1.475,0.75,1.90415187836578,1.88675479544536
1.1,1.475,0.775,1.90778115755174,1.89195399804117
1.1,1.475,0.8,1.91117733860534,1.89675550938626
1.1,1.475,0.825,1.9143457713161,1.90120643794216
1.1,1.475,0.85,1.91729707171766,1.90534537537364
1.1,1.475,0.875,1.92007779125255,1.90916968722031
1.1,1.475,0.9,1.92266849683598,1.91273916242733
1.1,1.475,0.925,1.92508860720174,1.91607647259944
1.1,1.475,0.95,1.92738341620366,1.91917008884566
1.1,1.475,0.975,1.9295285723324,1.92207048512096
1.1,1.475,1,1.93153920857967,1.92479306803215
1.1,1.5,0.6,1.87663732358275,1.84567236465978
1.1,1.5,0.625,1.88229212397239,1.85416045459072
1.1,1.5,0.65,1.88756042235672,1.86198072515608
1.1,1.5,0.675,1.89243170907456,1.86916083795545
1.1,1.5,0.7,1.89694138679416,1.87577077177807
1.1,1.5,0.725,1.90115460696674,1.88187197654044
1.1,1.5,0.75,1.90506058900695,1.88749090786988
1.1,1.5,0.775,1.90868783246717,1.89268197192401
1.1,1.5,0.8,1.91208936099962,1.89749152002869
1.1,1.5,0.825,1.91525525825076,1.9019420900785
1.1,1.5,0.85,1.91820686557157,1.90608140638702
1.1,1.5,0.875,1.92099116253739,1.90991054266753
1.1,1.5,0.9,1.92357876814961,1.91347488049946
1.1,1.5,0.925,1.92599729219972,1.91681086392096
1.1,1.5,0.95,1.92829517699887,1.91990833861557
1.1,1.5,0.975,1.93043765548481,1.92280443003096
1.1,1.5,1,1.93244685635196,1.9255259102132
1.125,0.75,0.6,1.79902649070327,1.78511851807079
1.125,0.75,0.625,1.8047024406865,1.79367578665836
1.125,0.75,0.65,1.80997229017785,1.80162985374582
1.125,0.75,0.675,1.81491866733796,1.80892603467846
1.125,0.75,0.7,1.81953029084969,1.81570245321934
1.125,0.75,0.725,1.82381186136541,1.82199464853231
1.125,0.75,0.75,1.8278978993963,1.82770940617186
1.125,0.75,0.775,1.83157842480787,1.83316096611316
1.125,0.75,0.8,1.83506987406595,1.83816519628189
1.125,0.75,0.825,1.83835875944883,1.84277505408189
1.125,0.75,0.85,1.84143620446353,1.84707982870015
1.125,0.75,0.875,1.84430345485192,1.85110079170328
1.125,0.75,0.9,1.84701453242677,1.85481779151221
1.125,0.75,0.925,1.84955879878653,1.85830206659599
1.125,0.75,0.95,1.85193594624262,1.86156848177757
1.125,0.75,0.975,1.85419152214116,1.86459968558106
1.125,0.75,1,1.85631461233394,1.86745194382361
1.125,0.775,0.6,1.80443414647179,1.78887569105368
1.125,0.775,0.625,1.81010260781019,1.79741830242194
1.125,0.775,0.65,1.81538507082738,1.8053803609786
1.125,0.775,0.675,1.82036529953896,1.81271285209251
1.125,0.775,0.7,1.82496445019423,1.81947159515254
1.125,0.775,0.725,1.82924848321527,1.82576714130798
1.125,0.775,0.75,1.83329627215867,1.83156866821588
1.125,0.775,0.775,1.83706967331859,1.83689667708134
1.125,0.775,0.8,1.84051897990353,1.84194204730635
1.125,0.775,0.825,1.84382702915461,1.84656818939256
1.125,0.775,0.85,1.84689263005822,1.85085638017408
1.125,0.775,0.875,1.84975736772121,1.85487579450488
1.125,0.775,0.9,1.8524828036857,1.85860550840177
1.125,0.775,0.925,1.85501613212354,1.86207534226443
1.125,0.775,0.95,1.85738951893729,1.86534018684613
1.125,0.775,0.975,1.85965679556474,1.86838110136722
1.125,0.775,1,1.86177027195822,1.87122065814958
1.125,0.8,0.6,1.80936921828811,1.79242084983097
1.125,0.8,0.625,1.81505411882316,1.8009953765512
1.125,0.8,0.65,1.82033826555933,1.8089662287815
1.125,0.8,0.675,1.82533476456853,1.81629037293891
1.125,0.8,0.7,1.82994167021217,1.82306728138371
1.125,0.8,0.725,1.83422232196125,1.82936587632076
1.125,0.8,0.75,1.8382782524908,1.83515844242398
1.125,0.8,0.775,1.84202375638844,1.84052869678429
1.125,0.8,0.8,1.84545504923392,1.84558742111879
1.125,0.8,0.825,1.84881397177017,1.85015827946635
1.125,0.8,0.85,1.85188185717922,1.85445235889619
1.125,0.8,0.875,1.85474169711097,1.85847054690846
1.125,0.8,0.9,1.85747062634859,1.86219107669905
1.125,0.8,0.925,1.86000401953234,1.86566559882324
1.125,0.8,0.95,1.86237255075401,1.86892895787663
1.125,0.8,0.975,1.86464195153613,1.87196180483231
1.125,0.8,1,1.86675483395045,1.87480474852352
1.125,0.825,0.6,1.81400315459232,1.79567313078232
1.125,0.825,0.625,1.81971942018558,1.80427313009127
1.125,0.825,0.65,1.82502145073137,1.81225895867173
1.125,0.825,0.675,1.82999547013227,1.8195798337347
1.125,0.825,0.7,1.83462217262762,1.82637187015871
1.125,0.825,0.725,1.83891425334711,1.83267646184969
1.125,0.825,0.75,1.84294775826169,1.83846294996262
1.125,0.825,0.775,1.84670575458573,1.84384364684599
1.125,0.825,0.8,1.8502001396929,1.84884891676329
1.125,0.825,0.825,1.85354875888921,1.8534026437822
1.125,0.825,0.85,1.85655939443685,1.85776995556966
1.125,0.825,0.875,1.85942686981259,1.86178610281761
1.125,0.825,0.9,1.86213789639229,1.86549949340121
1.125,0.825,0.925,1.86467796800261,1.86897903217368
1.125,0.825,0.95,1.86705176917688,1.87224055455511
1.125,0.825,0.975,1.86930497939298,1.87526723073084
1.125,0.825,1,1.8714226792338,1.87811425186982
1.125,0.85,0.6,1.81832047853355,1.79873590498989
1.125,0.85,0.625,1.82402747280306,1.8073195229551
1.125,0.85,0.65,1.8293367579654,1.81530946501215
1.125,0.85,0.675,1.83433581215447,1.82265977943485
1.125,0.85,0.7,1.83895063351546,1.82943417603921
1.125,0.85,0.725,1.84324408073789,1.83573868302625
1.125,0.85,0.75,1.84729547070647,1.84154537438763
1.125,0.85,0.775,1.85104126242269,1.84690992677589
1.125,0.85,0.8,1.85453277441018,1.85191497609997
1.125,0.85,0.825,1.85783997492546,1.85653823944299
1.125,0.85,0.85,1.86093265285474,1.86079797744965
1.125,0.85,0.875,1.86376064864623,1.86484874346655
1.125,0.85,0.9,1.8664834318375,1.86857204552746
1.125,0.85,0.925,1.8690142309101,1.87203843945159
1.125,0.85,0.95,1.8713844927351,1.87529806909285
1.125,0.85,0.975,1.87364670068101,1.87833301287522
1.125,0.85,1,1.87575612332202,1.88116880826708
1.125,0.875,0.6,1.8222790254904,1.8016423729743
1.125,0.875,0.625,1.82799545514371,1.81025248045625
1.125,0.875,0.65,1.83330341927515,1.81824765652545
1.125,0.875,0.675,1.83831493000887,1.82558628767569
1.125,0.875,0.7,1.84293341820544,1.83237596808281
1.125,0.875,0.725,1.84722255107117,1.83868164126054
1.125,0.875,0.75,1.85128121105406,1.84447651131314
1.125,0.875,0.775,1.85502786172621,1.84985049838086
1.125,0.875,0.8,1.85851396580361,1.854855326386
1.125,0.875,0.825,1.86182456458705,1.85946885614613
1.125,0.875,0.85,1.86488926542986,1.86376229337804
1.125,0.875,0.875,1.86770690637612,1.867817225222
1.125,0.875,0.9,1.87046594448229,1.87149763853752
1.125,0.875,0.925,1.87299662623729,1.8749673679999
1.125,0.875,0.95,1.87536245895701,1.87822545555302
1.125,0.875,0.975,1.87762653739455,1.88125219060823
1.125,0.875,1,1.8797346925519,1.88409105558179
1.125,0.9,0.6,1.8260130667427,1.80431536760929
1.125,0.9,0.625,1.83175349778644,1.81294333633094
1.125,0.9,0.65,1.83707420684073,1.82094906031067
1.125,0.9,0.675,1.84206403524448,1.82828481663854
1.125,0.9,0.7,1.84669786932983,1.8350849489326
1.125,0.9,0.725,1.85099517306877,1.84139433552802
1.125,0.9,0.75,1.85503330281445,1.84718406718016
1.125,0.9,0.775,1.85879031647767,1.85256477300816
1.125,0.9,0.8,1.86228217578413,1.85757008045352
1.125,0.9,0.825,1.86557401404248,1.86217827573654
1.125,0.9,0.85,1.8686454206684,1.86647705190549
1.125,0.9,0.875,1.87150938678914,1.8704890278617
1.125,0.9,0.9,1.87426566787513,1.87415050613465
1.125,0.9,0.925,1.87674540679208,1.87768011401978
1.125,0.9,0.95,1.87911614505601,1.88093518059224
1.125,0.9,0.975,1.88136616914152,1.88395676736514
1.125,0.9,1,1.88347845612693,1.88679839664949
1.125,0.925,0.6,1.82950423455077,1.80684144199335
1.125,0.925,0.625,1.83523516471065,1.81545262131666
1.125,0.925,0.65,1.8405599117573,1.82346019802363
1.125,0.925,0.675,1.84556885776091,1.8308206418158
1.125,0.925,0.7,1.85019177450772,1.83760400168431
1.125,0.925,0.725,1.85448906229729,1.84391225199511
1.125,0.925,0.75,1.85854110814286,1.84971905898505
1.125,0.925,0.775,1.86228756643291,1.85508466544311
1.125,0.925,0.8,1.8657774165398,1.86008797508555
1.125,0.925,0.825,1.86907987378372,1.86470866530025
1.125,0.925,0.85,1.87214150585282,1.86899454109164
1.125,0.925,0.875,1.8750014054125,1.87300558055203
1.125,0.925,0.9,1.87771937272938,1.87672333315854
1.125,0.925,0.925,1.88026969080061,1.88016267441271
1.125,0.925,0.95,1.88260616058725,1.88344682961776
1.125,0.925,0.975,1.88486407031367,1.88647493524195
1.125,0.925,1,1.88696949025811,1.8893064270087
1.125,0.95,0.6,1.83272017130942,1.80925188449017
1.125,0.95,0.625,1.83845612646157,1.81788577647992
1.125,0.95,0.65,1.84377803093605,1.82589636605208
1.125,0.95,0.675,1.84879710562863,1.83324315809768
1.125,0.95,0.7,1.85342116569994,1.84003988992858
1.125,0.95,0.725,1.85771375270756,1.84634839241645
1.125,0.95,0.75,1.86177193541993,1.85214246145624
1.125,0.95,0.775,1.86551780815523,1.85751646118552
1.125,0.95,0.8,1.86900259715293,1.86251904024136
1.125,0.95,0.825,1.872308908164,1.86712863551023
1.125,0.95,0.85,1.87536917243843,1.87142016057496
1.125,0.95,0.875,1.87822408110917,1.87543035491307
1.125,0.95,0.9,1.88094371889949,1.87913949225604
1.125,0.95,0.925,1.88346910408908,1.8826061257724
1.125,0.95,0.95,1.88579951708883,1.88589093623425
1.125,0.95,0.975,1.88808476399751,1.88888537009698
1.125,0.95,1,1.89018928762289,1.89171903729381
1.125,0.975,0.6,1.83576720806384,1.81147270820193
1.125,0.975,0.625,1.84152222651925,1.82011923996935
1.125,0.975,0.65,1.84685367720058,1.82813748164796
1.125,0.975,0.675,1.85185232675787,1.83548217393984
1.125,0.975,0.7,1.85648875861266,1.84228613386852
1.125,0.975,0.725,1.86078749059611,1.84859693848293
1.125,0.975,0.75,1.86482685203307,1.85438705428981
1.125,0.975,0.775,1.8685812327327,1.85976563860923
1.125,0.975,0.8,1.87207042284318,1.86476800062867
1.125,0.975,0.825,1.87535997669826,1.86937330224772
1.125,0.975,0.85,1.878426362888,1.87366805139954
1.125,0.975,0.875,1.88128468403792,1.87767690078883
1.125,0.975,0.9,1.88398943451503,1.8813821389366
1.125,0.975,0.925,1.88651882301409,1.88485180014241
1.125,0.975,0.95,1.8888848945384,1.88810195527622
1.125,0.975,0.975,1.89117093348489,1.89107905917043
1.125,0.975,1,1.89323200040279,1.89396168810111
1.125,1,0.6,1.83862472178232,1.81357831960638
1.125,1,0.625,1.84437071859024,1.82220841987081
1.125,1,0.65,1.84970422797663,1.8302272367491
1.125,1,0.675,1.85471794162327,1.83759319137696
1.125,1,0.7,1.85934460708198,1.84438148639872
1.125,1,0.725,1.86364253546581,1.85069066745033
1.125,1,0.75,1.86769301921061,1.85649565108915
1.125,1,0.775,1.8714381928439,1.8618604294726
1.125,1,0.8,1.87492525376256,1.86686059928618
1.125,1,0.825,1.8782234716804,1.87147680254672
1.125,1,0.85,1.88128162826256,1.8757597025451
1.125,1,0.875,1.88413718655587,1.87976646428024
1.125,1,0.9,1.88684888276397,1.88348007138226
1.125,1,0.925,1.88937090405897,1.88693980340257
1.125,1,0.95,1.89173301643029,1.89018911446895
1.125,1,0.975,1.89398577993431,1.89321184399015
1.125,1,1,1.89610665067303,1.89601980640838
1.125,1.025,0.6,1.84126869053406,1.81559831481507
1.125,1.025,0.625,1.84701687857445,1.82424845783917
1.125,1.025,0.65,1.85234683908103,1.83226891348961
1.125,1.025,0.675,1.85736921373751,1.83962011165901
1.125,1.025,0.7,1.86199544940232,1.84642045627822
1.125,1.025,0.725,1.86628866952802,1.85272941398967
1.125,1.025,0.75,1.87034459680035,1.85852126912326
1.125,1.025,0.775,1.87408829107249,1.86389376804485
1.125,1.025,0.8,1.87757059488829,1.86889312365564
1.125,1.025,0.825,1.88087240679182,1.87349813852604
1.125,1.025,0.85,1.88392872070238,1.87778629487085
1.125,1.025,0.875,1.88677988772908,1.88179212163484
1.125,1.025,0.9,1.88949402045709,1.88549635639871
1.125,1.025,0.925,1.89201409271624,1.8889599095265
1.125,1.025,0.95,1.89437216018729,1.89220847143476
1.125,1.025,0.975,1.896625929467,1.89522404845309
1.125,1.025,1,1.89872540298283,1.89805441387048
1.125,1.05,0.6,1.84378468213757,1.81746257830119
1.125,1.05,0.625,1.84954844531434,1.82612148999063
1.125,1.05,0.65,1.85488586630172,1.83414750710193
1.125,1.05,0.675,1.85988915836521,1.84149737811807
1.125,1.05,0.7,1.86452567216458,1.84830259134755
1.125,1.05,0.725,1.86882373983743,1.85461288498245
1.125,1.05,0.75,1.87286240687515,1.86040184780553
1.125,1.05,0.775,1.87661329863319,1.86577738350738
1.125,1.05,0.8,1.88009911743318,1.87077611514044
1.125,1.05,0.825,1.88338574188219,1.87537789575348
1.125,1.05,0.85,1.88644733632751,1.87966818136877
1.125,1.05,0.875,1.88930129411234,1.88367250087711
1.125,1.05,0.9,1.89200218650898,1.88737363745965
1.125,1.05,0.925,1.89452625963197,1.89083884823668
1.125,1.05,0.95,1.8968866546195,1.89408557836892
1.125,1.05,0.975,1.89912875808173,1.89709849414686
1.125,1.05,1,1.90123084357082,1.89993074332709
1.125,1.075,0.6,1.84615002010492,1.81923525808795
1.125,1.075,0.625,1.85190549691143,1.82787832075126
1.125,1.075,0.65,1.85724371663392,1.83590408812761
1.125,1.075,0.675,1.86225919501352,1.84327260066708
1.125,1.075,0.7,1.86688706619841,1.85006325262342
1.125,1.075,0.725,1.87118389185438,1.85637167278644
1.125,1.075,0.75,1.87523168556654,1.86217382192135
1.125,1.075,0.775,1.87897455517309,1.86753675772928
1.125,1.075,0.8,1.88245823856847,1.87253326567127
1.125,1.075,0.825,1.88575206514248,1.87714479436151
1.125,1.075,0.85,1.88880655569932,1.88142437075617
1.125,1.075,0.875,1.89165800708713,1.88542660860055
1.125,1.075,0.9,1.89436479004253,1.88913521140419
1.125,1.075,0.925,1.89688268921257,1.89259134521871
1.125,1.075,0.95,1.89924042361127,1.89583632768329
1.125,1.075,0.975,1.90148740999817,1.8988551838922
1.125,1.075,1,1.90358401657774,1.9016798589969
1.125,1.1,0.6,1.84834773550097,1.82094413102191
1.125,1.1,0.625,1.85410354379533,1.82960529609035
1.125,1.1,0.65,1.85943793417658,1.83763186870357
1.125,1.1,0.675,1.86446110838665,1.84498505788608
1.125,1.1,0.7,1.86908756068088,1.85178680011516
1.125,1.1,0.725,1.87337984406174,1.85809477824204
1.125,1.1,0.75,1.87743265018139,1.86388370121992
1.125,1.1,0.775,1.88117350850891,1.8692538717206
1.125,1.1,0.8,1.88465277235796,1.87424961462428
1.125,1.1,0.825,1.8879500382147,1.87885005469373
1.125,1.1,0.85,1.89100240680301,1.88313463053323
1.125,1.1,0.875,1.89384986183931,1.88713608392562
1.125,1.1,0.9,1.89655909665523,1.89083546571028
1.125,1.1,0.925,1.89907495068161,1.89429523757453
1.125,1.1,0.95,1.9014291781098,1.89753951176177
1.125,1.1,0.975,1.90367793763029,1.90055071403704
1.125,1.1,1,1.90577260740414,1.90337819339066
1.125,1.125,0.6,1.85044774782527,1.82252333570391
1.125,1.125,0.625,1.85621661425496,1.83119047170136
1.125,1.125,0.65,1.86155708738939,1.83922115262085
1.125,1.125,0.675,1.86656248884702,1.8465737805193
1.125,1.125,0.7,1.87119770688507,1.85337868013321
1.125,1.125,0.725,1.87549399455803,1.85968735484936
1.125,1.125,0.75,1.87953093442465,1.86547431967658
1.125,1.125,0.775,1.88327804033961,1.87084639739411
1.125,1.125,0.8,1.8867602447822,1.8758412803352
1.125,1.125,0.825,1.89004366180713,1.8804393948928
1.125,1.125,0.85,1.89310069226224,1.88472530045114
1.125,1.125,0.875,1.89595050666736,1.88872521256561
1.125,1.125,0.9,1.89864774384412,1.89242230515505
1.125,1.125,0.925,1.90116719447432,1.89588312544487
1.125,1.125,0.95,1.90352343405053,1.89912559993319
1.125,1.125,0.975,1.90576179592197,1.90213470362464
1.125,1.125,1,1.90785929949546,1.90496309279834
1.125,1.15,0.6,1.8524258623011,1.82402885025508
1.125,1.15,0.625,1.8581872652475,1.83268092735003
1.125,1.15,0.65,1.86352771396271,1.84071090642452
1.125,1.15,0.675,1.86854322035318,1.84808015517413
1.125,1.15,0.7,1.87317083847905,1.85487157407457
1.125,1.15,0.725,1.87746563947189,1.86117830226392
1.125,1.15,0.75,1.88151025738668,1.86697713838331
1.125,1.15,0.775,1.88525037846219,1.87233771207037
1.125,1.15,0.8,1.88873049897703,1.87733043412948
1.125,1.15,0.825,1.89202004642688,1.88193738891799
1.125,1.15,0.85,1.89507092236412,1.88621359852024
1.125,1.15,0.875,1.89791843964296,1.89021152281364
1.125,1.15,0.9,1.90062074054703,1.8939154173983
1.125,1.15,0.925,1.90313486616918,1.89736805530112
1.125,1.15,0.95,1.90548876394964,1.90060884122818
1.125,1.15,0.975,1.90773140335483,1.90362332173515
1.125,1.15,1,1.90982432417041,1.90644476802943
1.125,1.175,0.6,1.85427109295452,1.82548738433512
1.125,1.175,0.625,1.86003156154117,1.83415599957369
1.125,1.175,0.65,1.86536811831137,1.84218621461274
1.125,1.175,0.675,1.870390661349,1.8495398586629
1.125,1.175,0.7,1.87501621663131,1.85634160582931
1.125,1.175,0.725,1.87930671022914,1.86264779376255
1.125,1.175,0.75,1.88335606548275,1.8684334605207
1.125,1.175,0.775,1.88709385111029,1.87380088590374
1.125,1.175,0.8,1.89056988715013,1.87879293995128
1.125,1.175,0.825,1.89386279200765,1.88338899257267
1.125,1.175,0.85,1.89691139235304,1.88767000166562
1.125,1.175,0.875,1.89975526384234,1.8916673126004
1.125,1.175,0.9,1.9024600365416,1.89536220953142
1.125,1.175,0.925,1.90497206096445,1.89881837226289
1.125,1.175,0.95,1.90732279118583,1.90205863390595
1.125,1.175,0.975,1.90956729735764,1.90506566285589
1.125,1.175,1,1.91165831480125,1.9078898088798
1.125,1.2,0.6,1.85604125225273,1.8268362408261
1.125,1.2,0.625,1.8618129127893,1.83550877496827
1.125,1.2,0.65,1.86715462248409,1.84354205227248
1.125,1.2,0.675,1.87216058586266,1.85089583463835
1.125,1.2,0.7,1.87679378242369,1.85769948538176
1.125,1.2,0.725,1.8810877239649,1.86400592919592
1.125,1.2,0.75,1.88512242007613,1.86979043748628
1.125,1.2,0.775,1.88886574307047,1.87515894178628
1.125,1.2,0.8,1.89234434588411,1.88014999266243
1.125,1.2,0.825,1.89562453113993,1.88474448213398
1.125,1.2,0.85,1.8986773264267,1.889026233849
1.125,1.2,0.875,1.90152327589184,1.89302200889248
1.125,1.2,0.9,1.90421707550725,1.89671529669628
1.125,1.2,0.925,1.90673238041857,1.90017206633464
1.125,1.2,0.95,1.90908489353873,1.90341060493383
1.125,1.2,0.975,1.91131992811814,1.90641611805653
1.125,1.2,1,1.91341356857436,1.90924081851809
1.125,1.225,0.6,1.85771114697931,1.82812527764915
1.125,1.225,0.625,1.86347614075994,1.83678353967058
1.125,1.225,0.65,1.86881727276159,1.84481583360141
1.125,1.225,0.675,1.87383178750365,1.85218462214425
1.125,1.225,0.7,1.878458305263,1.85897577571104
1.125,1.225,0.725,1.88275062759953,1.86528027509329
1.125,1.225,0.75,1.88679191685873,1.87107560041807
1.125,1.225,0.775,1.89052914164702,1.8764335679719
1.125,1.225,0.8,1.8940057401394,1.88142255317638
1.125,1.225,0.825,1.89729124887887,1.88602515211275
1.125,1.225,0.85,1.90033868628382,1.89029808991785
1.125,1.225,0.875,1.90318252704865,1.89429198851599
1.125,1.225,0.9,1.90588076015346,1.89799154566989
1.125,1.225,0.925,1.90839143616875,1.90144091409698
1.125,1.225,0.95,1.91074185472793,1.9046778593701
1.125,1.225,0.975,1.91298066068942,1.90768834014348
1.125,1.225,1,1.9150703282285,1.91050677420345
1.125,1.25,0.6,1.85927455020282,1.82937990072351
1.125,1.25,0.625,1.86503775193692,1.83805350019744
1.125,1.25,0.65,1.87037506393667,1.84608569831948
1.125,1.25,0.675,1.87539615225553,1.85343885720585
1.125,1.25,0.7,1.88002019365265,1.86023974605589
1.125,1.25,0.725,1.88430847679628,1.86654369549186
1.125,1.25,0.75,1.88835432084956,1.87232603587444
1.125,1.25,0.775,1.89208901971967,1.87769055185494
1.125,1.25,0.8,1.89556185658364,1.88267898729879
1.125,1.25,0.825,1.89885067894793,1.88727093528304
1.125,1.25,0.85,1.90189576569872,1.8915485112657
1.125,1.25,0.875,1.90473627893333,1.8955419595054
1.125,1.25,0.9,1.90743701013841,1.89923277782434
1.125,1.25,0.925,1.90994557188418,1.90268558035208
1.125,1.25,0.95,1.91229311511993,1.90592217237388
1.125,1.25,0.975,1.91453385213859,1.90892544251354
1.125,1.25,1,1.91662163999126,1.91174651820394
1.125,1.275,0.6,1.86078012226314,1.83054079348543
1.125,1.275,0.625,1.86655309220777,1.83921675500414
1.125,1.275,0.65,1.87189491629013,1.84725123886715
1.125,1.275,0.675,1.87690049668397,1.85460514753393
1.125,1.275,0.7,1.88153131889748,1.86140699170176
1.125,1.275,0.725,1.88582267560551,1.86771088875726
1.125,1.275,0.75,1.88985490687081,1.87349274632702
1.125,1.275,0.775,1.89359459658276,1.8788577141733
1.125,1.275,0.8,1.89706975129739,1.88384506569692
1.125,1.275,0.825,1.90034681432736,1.88843608664411
1.125,1.275,0.85,1.90339573434575,1.8927139586697
1.125,1.275,0.875,1.90623813684605,1.89670590264723
1.125,1.275,0.9,1.90892875482702,1.90039567684824
1.125,1.275,0.925,1.9114403504263,1.90384874796542
1.125,1.275,0.95,1.91378951792073,1.90708370361614
1.125,1.275,0.975,1.91602154762573,1.91008594700435
1.125,1.275,1,1.91811178776447,1.91290730728681
1.125,1.3,0.6,1.8622018007516,1.8316524619619
1.125,1.3,0.625,1.86796885288411,1.84031498384073
1.125,1.3,0.65,1.87330972628613,1.8483483628351
1.125,1.3,0.675,1.87832268961823,1.85571598722118
1.125,1.3,0.7,1.88294764303517,1.86250625095949
1.125,1.3,0.725,1.88723731609991,1.86880826756308
1.125,1.3,0.75,1.89127532162587,1.874600084995
1.125,1.3,0.775,1.89500967213483,1.87995537994924
1.125,1.3,0.8,1.89848291133519,1.88494078297071
1.125,1.3,0.825,1.9017646856045,1.88953931128174
1.125,1.3,0.85,1.90480891991455,1.89380914170094
1.125,1.3,0.875,1.90764937933811,1.89779932785536
1.125,1.3,0.9,1.9103439493397,1.90149492879686
1.125,1.3,0.925,1.91285149710831,1.90494127650699
1.125,1.3,0.95,1.91519877429014,1.90817473968466
1.125,1.3,0.975,1.91743418279375,1.91118161242389
1.125,1.3,1,1.91952094856279,1.91399729728582
1.125,1.325,0.6,1.86353746027838,1.83273947460613
1.125,1.325,0.625,1.86930213904064,1.84141635721376
1.125,1.325,0.65,1.87463932894159,1.84944943961991
1.125,1.325,0.675,1.87965851667734,1.85680155353758
1.125,1.325,0.7,1.88428073539467,1.86360106503514
1.125,1.325,0.725,1.88856663776192,1.869902564963
1.125,1.325,0.75,1.89260906176577,1.87568164897889
1.125,1.325,0.775,1.8963407858154,1.88104323843033
1.125,1.325,0.8,1.89981055973106,1.88602821301287
1.125,1.325,0.825,1.9030956160691,1.89061637082534
1.125,1.325,0.85,1.90613747797847,1.89489070081692
1.125,1.325,0.875,1.90897489194338,1.89888058519751
1.125,1.325,0.9,1.91167198086929,1.90256771686481
1.125,1.325,0.925,1.91417743275149,1.90601741843435
1.125,1.325,0.95,1.91652208771251,1.9092506789832
1.125,1.325,0.975,1.91875947482011,1.91225058570144
1.125,1.325,1,1.92084440022974,1.9150688614474
1.125,1.35,0.6,1.86482857861614,1.83374568960553
1.125,1.35,0.625,1.87060190061786,1.84242369811638
1.125,1.35,0.65,1.87594314566275,1.85045845188685
1.125,1.35,0.675,1.88094777448522,1.85781181691803
1.125,1.35,0.7,1.8855760899902,1.86461154476944
1.125,1.35,0.725,1.889864806287,1.87091276440612
1.125,1.35,0.75,1.89389452249188,1.87669192276915
1.125,1.35,0.775,1.89763079949532,1.88205348015989
1.125,1.35,0.8,1.90110272172183,1.88703732600384
1.125,1.35,0.825,1.90437683854877,1.89162508130352
1.125,1.35,0.85,1.90742224122103,1.89589936360498
1.125,1.35,0.875,1.91026141614319,1.89988778707697
1.125,1.35,0.9,1.912949119567,1.90357434034378
1.125,1.35,0.925,1.91545740362434,1.90702404952959
1.125,1.35,0.95,1.91780357347098,1.91025575914389
1.125,1.35,0.975,1.92003289510103,1.91325504301213
1.125,1.35,1,1.92212013089035,1.91607339455675
1.125,1.375,0.6,1.86604835019654,1.83471096683184
1.125,1.375,0.625,1.87181642258438,1.84337629572841
1.125,1.375,0.65,1.87715645493319,1.85140986898429
1.125,1.375,0.675,1.88216756341945,1.85877586841243
1.125,1.375,0.7,1.88679070730736,1.86556483185977
1.125,1.375,0.725,1.89107771321091,1.87186424519819
1.125,1.375,0.75,1.89511256965261,1.87765264350323
1.125,1.375,0.775,1.89884415041513,1.88300528743907
1.125,1.375,0.8,1.90231424577723,1.88798729784866
1.125,1.375,0.825,1.90559259835332,1.8925820528376
1.125,1.375,0.85,1.90863387952464,1.89684896749298
1.125,1.375,0.875,1.91147125690494,1.90083574323238
1.125,1.375,0.9,1.9141625368464,1.90452774857913
1.125,1.375,0.925,1.9166672575247,1.90797132335193
1.125,1.375,0.95,1.91901171023493,1.91120163308077
1.125,1.375,0.975,1.92124410253311,1.91420525952961
1.125,1.375,1,1.92332827632451,1.9170184490174
1.125,1.4,0.6,1.86719810763985,1.83565898236303
1.125,1.4,0.625,1.87296341534568,1.84433785893654
1.125,1.4,0.65,1.87829992668175,1.85237102418951
1.125,1.4,0.675,1.88331698652214,1.85972172048732
1.125,1.4,0.7,1.88793724232772,1.86651951907193
1.125,1.4,0.725,1.89222072960599,1.87281847591317
1.125,1.4,0.75,1.89625989689576,1.87859442729254
1.125,1.4,0.775,1.89998881060657,1.88395314473019
1.125,1.4,0.8,1.90345570440485,1.88893484738886
1.125,1.4,0.825,1.90673731286002,1.89351952221343
1.125,1.4,0.85,1.90977623506968,1.89779081087623
1.125,1.4,0.875,1.91261081190802,1.90177742113806
1.125,1.4,0.9,1.91530462536604,1.90546122491719
1.125,1.4,0.925,1.91780728947611,1.90890807697455
1.125,1.4,0.95,1.92014933616286,1.91213831831404
1.125,1.4,0.975,1.92238374230365,1.91513521653623
1.125,1.4,1,1.92446612721225,1.91795094580165
1.125,1.425,0.6,1.86831361440836,1.8365365413274
1.125,1.425,0.625,1.87408667244844,1.84521562260236
1.125,1.425,0.65,1.87942691815473,1.85325001604738
1.125,1.425,0.675,1.88443026476185,1.86060240660021
1.125,1.425,0.7,1.88905606935452,1.86739986718768
1.125,1.425,0.725,1.89334219338508,1.8736983926653
1.125,1.425,0.75,1.89736944134706,1.87947489040697
1.125,1.425,0.775,1.90110255321369,1.88483320971716
1.125,1.425,0.8,1.9045714812807,1.8898137702272
1.125,1.425,0.825,1.90784285554129,1.89439848027489
1.125,1.425,0.85,1.91088507854052,1.89866945886864
1.125,1.425,0.875,1.91372132952315,1.90265466039088
1.125,1.425,0.9,1.91640637846449,1.90633827191465
1.125,1.425,0.925,1.91891170707612,1.90978493050771
1.125,1.425,0.95,1.92125519309745,1.91301370368049
1.125,1.425,0.975,1.92348207809834,1.91601031314144
1.125,1.425,1,1.92556665365199,1.91882595586492
1.125,1.45,0.6,1.86936754880752,1.83737994644313
1.125,1.45,0.625,1.87513595216581,1.84604704549916
1.125,1.45,0.65,1.8804747973252,1.85408021981495
1.125,1.45,0.675,1.88548392063589,1.8614443222653
1.125,1.45,0.7,1.89010515622439,1.8682317471576
1.125,1.45,0.725,1.89438956269373,1.87452854919026
1.125,1.45,0.75,1.89842145660129,1.88031366955742
1.125,1.45,0.775,1.9021504207311,1.88566374438295
1.125,1.45,0.8,1.90561760242157,1.89064258053719
1.125,1.45,0.825,1.90889284062027,1.89523385239598
1.125,1.45,0.85,1.91193142009816,1.89949805197472
1.125,1.45,0.875,1.91476599660107,1.90348171100929
1.125,1.45,0.9,1.91745432738312,1.90717044966665
1.125,1.45,0.925,1.91995650134849,1.91061148525235
1.125,1.45,0.95,1.92229841339979,1.91383894684129
1.125,1.45,0.975,1.92452812626896,1.91683964907182
1.125,1.45,1,1.92660998671807,1.91965057370481
1.125,1.475,0.6,1.870364140398,1.83821174792598
1.125,1.475,0.625,1.87612951841316,1.84689170096379
1.125,1.475,0.65,1.88146501702868,1.85492441043923
1.125,1.475,0.675,1.88647986714876,1.86227348003161
1.125,1.475,0.7,1.89109813048875,1.86906938205993
1.125,1.475,0.725,1.89537925369065,1.8753657966111
1.125,1.475,0.75,1.89941536574772,1.881138780007
1.125,1.475,0.775,1.9031416593055,1.88649473184087
1.125,1.475,0.8,1.90660587649212,1.89147337032373
1.125,1.475,0.825,1.9098843432137,1.89605485744597
1.125,1.475,0.85,1.91292059672831,1.90032331608067
1.125,1.475,0.875,1.91575258921615,1.90430692753362
1.125,1.475,0.9,1.91844345926614,1.90798772896639
1.125,1.475,0.925,1.92094362553302,1.91143196964032
1.125,1.475,0.95,1.92328332103637,1.91465947611504
1.125,1.475,0.975,1.92551507052094,1.91765368092766
1.125,1.475,1,1.92759519702566,1.9204670961454
1.125,1.5,0.6,1.87133455559869,1.83898147746187
1.125,1.5,0.625,1.87710695774889,1.84766094006959
1.125,1.5,0.65,1.882445959714,1.85569455238796
1.125,1.5,0.675,1.88744784521343,1.86304569868476
1.125,1.5,0.7,1.89207120772893,1.86984084265173
1.125,1.5,0.725,1.89635484436398,1.87613672630058
1.125,1.5,0.75,1.90037972407368,1.8819106526485
1.125,1.5,0.775,1.90410992163937,1.88726592712772
1.125,1.5,0.8,1.90757609530328,1.89224342958672
1.125,1.5,0.825,1.91084493670776,1.89682531614232
1.125,1.5,0.85,1.91388428977215,1.90109326298742
1.125,1.5,0.875,1.91671789694534,1.905075521496
1.125,1.5,0.9,1.91940053527112,1.90875645060971
1.125,1.5,0.925,1.92190322370502,1.91220034187036
1.125,1.5,0.95,1.92424430565562,1.91542645849303
1.125,1.5,0.975,1.92646899889187,1.91842065089127
1.125,1.5,1,1.92855121305369,1.92123385252051
1.15,0.75,0.6,1.79134541710229,1.77692336325516
1.15,0.75,0.625,1.79706543491222,1.785614545333
1.15,0.75,0.65,1.80242035566339,1.79365806736864
1.15,0.75,0.675,1.80745959417251,1.80117996473591
1.15,0.75,0.7,1.81213476901526,1.80811027371696
1.15,0.75,0.725,1.81650954525099,1.81451226976817
1.15,0.75,0.75,1.82066314628258,1.82046654902806
1.15,0.75,0.775,1.82444110098185,1.82603394972209
1.15,0.75,0.8,1.8280244621688,1.83114308770116
1.15,0.75,0.825,1.83140333493842,1.83593970088138
1.15,0.75,0.85,1.8345433639784,1.84037526059176
1.15,0.75,0.875,1.83751498317305,1.84451618483789
1.15,0.75,0.9,1.84027553565305,1.84838659971213
1.15,0.75,0.925,1.84290923684217,1.85198480874277
1.15,0.75,0.95,1.84535972731972,1.85533679679416
1.15,0.75,0.975,1.84765902622609,1.85849852805236
1.15,0.75,1,1.84986121379085,1.86144849170556
1.15,0.775,0.6,1.7968205743847,1.78082698041115
1.15,0.775,0.625,1.80255747787361,1.78953904924915
1.15,0.775,0.65,1.80793083151023,1.79761565421761
1.15,0.775,0.675,1.81298520676721,1.80512617784949
1.15,0.775,0.7,1.81766676898674,1.81206576239847
1.15,0.775,0.725,1.82204991017064,1.81848818667203
1.15,0.775,0.75,1.82617647832373,1.82446323138769
1.15,0.775,0.775,1.8300644330092,1.82992589633997
1.15,0.775,0.8,1.83357889074695,1.83512080952241
1.15,0.775,0.825,1.83696185426127,1.83990320433226
1.15,0.775,0.85,1.84010166226868,1.84433943403576
1.15,0.775,0.875,1.84307588380915,1.84847470612799
1.15,0.775,0.9,1.84583143825039,1.85234432951817
1.15,0.775,0.925,1.84846912763083,1.85593379835466
1.15,0.775,0.95,1.85092062235186,1.85929089875274
1.15,0.775,0.975,1.85321501960225,1.86245128024251
1.15,0.775,1,1.85541968495411,1.86539343071328
1.15,0.8,0.6,1.80198158791679,1.7844058589525
1.15,0.8,0.625,1.80775671276845,1.79313810613302
1.15,0.8,0.65,1.81314905062056,1.80124899168723
1.15,0.8,0.675,1.81818280698139,1.80875378103715
1.15,0.8,0.7,1.82288952199082,1.81570146499212
1.15,0.8,0.725,1.82728271626204,1.82214628873473
1.15,0.8,0.75,1.8313865927505,1.82811176726471
1.15,0.8,0.775,1.83522889807334,1.83364024913831
1.15,0.8,0.8,1.83887530007693,1.8387243923528
1.15,0.8,0.825,1.84217288004747,1.84355964220783
1.15,0.8,0.85,1.84532767548364,1.84799401012326
1.15,0.8,0.875,1.84828542774107,1.85212405201335
1.15,0.8,0.9,1.85104881146354,1.85599308279371
1.15,0.8,0.925,1.85366751084606,1.85957497025629
1.15,0.8,0.95,1.8561263265381,1.86293841800166
1.15,0.8,0.975,1.85842711621475,1.86609715525397
1.15,0.8,1,1.86061472317165,1.86903251093839
1.15,0.825,0.6,1.80673878523678,1.7877174597424
1.15,0.825,0.625,1.81251601155328,1.79646407130263
1.15,0.825,0.65,1.81791115913342,1.80455370993411
1.15,0.825,0.675,1.82297968562666,1.81210079968095
1.15,0.825,0.7,1.82768159028111,1.81905374558463
1.15,0.825,0.725,1.83207222444344,1.82547671102592
1.15,0.825,0.75,1.83620096578302,1.83147279232744
1.15,0.825,0.775,1.84003409501192,1.83700395472028
1.15,0.825,0.8,1.84362150052079,1.84212204121384
1.15,0.825,0.825,1.84703480091941,1.84688362736006
1.15,0.825,0.85,1.85014056123115,1.85135778211857
1.15,0.825,0.875,1.85311088523963,1.85549402610779
1.15,0.825,0.9,1.85587169246644,1.85936118588171
1.15,0.825,0.925,1.85850280658229,1.86295472153628
1.15,0.825,0.95,1.86095149938696,1.86630447203364
1.15,0.825,0.975,1.86324864888486,1.86946157506553
1.15,0.825,1,1.86544646076705,1.87240594579752
1.15,0.85,0.6,1.81112139363534,1.79091584494523
1.15,0.85,0.625,1.81690814588775,1.79967637939883
1.15,0.85,0.65,1.82231384296346,1.80779256318326
1.15,0.85,0.675,1.82739333859202,1.81532451775662
1.15,0.85,0.7,1.83209787101943,1.82228293003144
1.15,0.85,0.725,1.83649284331059,1.82872187884001
1.15,0.85,0.75,1.84062682562077,1.83470274924721
1.15,0.85,0.775,1.84445930904332,1.84023581634399
1.15,0.85,0.8,1.84804726096743,1.84536502891028
1.15,0.85,0.825,1.85143171727631,1.85014383706846
1.15,0.85,0.85,1.85451980114257,1.85463401094705
1.15,0.85,0.875,1.85753902148224,1.85871684830448
1.15,0.85,0.9,1.86029550014289,1.86258215797964
1.15,0.85,0.925,1.86292985746718,1.86616627850075
1.15,0.85,0.95,1.86537822232307,1.86952042612277
1.15,0.85,0.975,1.86767065438543,1.87267615884371
1.15,0.85,1,1.8698704501244,1.8756124709436
1.15,0.875,0.6,1.81527158388665,1.79380248425117
1.15,0.875,0.625,1.82107448650844,1.80257570128715
1.15,0.875,0.65,1.82648728867944,1.81068702968491
1.15,0.875,0.675,1.83156809479559,1.81824486883434
1.15,0.875,0.7,1.83628097371677,1.82520748729009
1.15,0.875,0.725,1.84067790950659,1.8316389730681
1.15,0.875,0.75,1.84480995012712,1.83763647878308
1.15,0.875,0.775,1.8486466561408,1.8431700068599
1.15,0.875,0.8,1.85223410679677,1.84829148445095
1.15,0.875,0.825,1.8556144992727,1.8530825298265
1.15,0.875,0.85,1.85876054717512,1.85751559884019
1.15,0.875,0.875,1.86175558136915,1.86162163691582
1.15,0.875,0.9,1.86447956102888,1.8655214839655
1.15,0.875,0.925,1.86710929014142,1.86911036390028
1.15,0.875,0.95,1.86955633509863,1.87245763607417
1.15,0.875,0.975,1.87185128176992,1.8756113583576
1.15,0.875,1,1.87404593503046,1.87855190875075
1.15,0.9,0.6,1.81907431648821,1.79662294687731
1.15,0.9,0.625,1.82488355234393,1.80540677983556
1.15,0.9,0.65,1.83030336454932,1.8135415993052
1.15,0.9,0.675,1.8353935226169,1.82108266773063
1.15,0.9,0.7,1.8401074022792,1.82804913037532
1.15,0.9,0.725,1.84450660839931,1.83449491199907
1.15,0.9,0.75,1.84864330734293,1.84047649966632
1.15,0.9,0.775,1.85247873317901,1.84601097003486
1.15,0.9,0.8,1.85606612313789,1.85114193982126
1.15,0.9,0.825,1.85944849679314,1.85591907194861
1.15,0.9,0.85,1.86259160646057,1.86035267388516
1.15,0.9,0.875,1.86555990885468,1.86448051858995
1.15,0.9,0.9,1.86827400239967,1.86838413570686
1.15,0.9,0.925,1.87093934692593,1.87193084811016
1.15,0.9,0.95,1.87338627655945,1.87528146550671
1.15,0.9,0.975,1.87567688478197,1.87843371821908
1.15,0.9,1,1.877873489897,1.88136613528459
1.15,0.925,0.6,1.82269081768887,1.79921053708963
1.15,0.925,0.625,1.82852391656284,1.80800528233334
1.15,0.925,0.65,1.83395496265549,1.81616127899845
1.15,0.925,0.675,1.83902344006994,1.82369727143771
1.15,0.925,0.7,1.84375320720366,1.83066718022705
1.15,0.925,0.725,1.84815846764347,1.83712684180025
1.15,0.925,0.75,1.85227444079429,1.84310037401707
1.15,0.925,0.775,1.85612130469707,1.84863490466663
1.15,0.925,0.8,1.85971204371535,1.85377581782752
1.15,0.925,0.825,1.86307552679333,1.85854428818462
1.15,0.925,0.85,1.86622732476726,1.86297658270684
1.15,0.925,0.875,1.86918089691979,1.86710105584072
1.15,0.925,0.9,1.87194089735509,1.87096205044373
1.15,0.925,0.925,1.87460406326158,1.87448952626111
1.15,0.925,0.95,1.87700001074798,1.87790012323374
1.15,0.925,0.975,1.87929558888995,1.88104934656863
1.15,0.925,1,1.88147825687124,1.88397676635076
1.15,0.95,0.6,1.82604045596754,1.80161468656396
1.15,0.95,0.625,1.83187032023447,1.81041714077621
1.15,0.95,0.65,1.83730033230471,1.81855252149571
1.15,0.95,0.675,1.84239206338557,1.82612039870198
1.15,0.95,0.7,1.84711530108799,1.83309230102966
1.15,0.95,0.725,1.85151681937203,1.83953235189894
1.15,0.95,0.75,1.85565005094226,1.84552906753137
1.15,0.95,0.775,1.85948927508799,1.85106325650077
1.15,0.95,0.8,1.86307542038941,1.85618658269929
1.15,0.95,0.825,1.8664523084779,1.86097281187416
1.15,0.95,0.85,1.86959622565123,1.86540399748735
1.15,0.95,0.875,1.8725573680054,1.86953373703586
1.15,0.95,0.9,1.87531327688531,1.87339394215047
1.15,0.95,0.925,1.87793827617018,1.87697746785367
1.15,0.95,0.95,1.8804047215134,1.88029808939743
1.15,0.95,0.975,1.88266610917243,1.88347648490792
1.15,0.95,1,1.88485669674567,1.88641042391987
1.15,0.975,0.6,1.82914646446639,1.80396911290299
1.15,0.975,0.625,1.83497955498362,1.81277865758405
1.15,0.975,0.65,1.84041301673685,1.82093393896313
1.15,0.975,0.675,1.84551244515237,1.82848370742823
1.15,0.975,0.7,1.85023519658345,1.83545782207816
1.15,0.975,0.725,1.85463696650612,1.84191019432271
1.15,0.975,0.75,1.85877424788294,1.84789066367037
1.15,0.975,0.775,1.86261155055484,1.85342504845157
1.15,0.975,0.8,1.86619651381265,1.85855665345567
1.15,0.975,0.825,1.86957549638196,1.86332890757238
1.15,0.975,0.85,1.87271704826298,1.86775952111929
1.15,0.975,0.875,1.87567864431627,1.87188371108056
1.15,0.975,0.9,1.87842962106427,1.87574314066204
1.15,0.975,0.925,1.88105632463702,1.87931814917589
1.15,0.975,0.95,1.88349810936439,1.88266586496223
1.15,0.975,0.975,1.88575364871541,1.88584487875439
1.15,0.975,1,1.88797130555498,1.88874557996544
1.15,1,0.6,1.83211464408811,1.80612858220583
1.15,1,0.625,1.8379664922829,1.81494596995017
1.15,1,0.65,1.84340864709074,1.82311725227045
1.15,1,0.675,1.84848740075768,1.8306629968438
1.15,1,0.7,1.85322272762887,1.83763914820743
1.15,1,0.725,1.85762927223715,1.84410200741982
1.15,1,0.75,1.86174733999237,1.8500759771265
1.15,1,0.775,1.86559376904966,1.85560983604659
1.15,1,0.8,1.86918147668845,1.86074899502257
1.15,1,0.825,1.87254327604736,1.86551417291073
1.15,1,0.85,1.87569190691102,1.86994318480687
1.15,1,0.875,1.87864126913727,1.8740637110358
1.15,1,0.9,1.88139568594423,1.87792176609995
1.15,1,0.925,1.88400763962834,1.88149301460771
1.15,1,0.95,1.88645345117236,1.88484383922577
1.15,1,0.975,1.88874455933604,1.88798837730206
1.15,1,1,1.89096326824432,1.89087173552687
1.15,1.025,0.6,1.83487078605458,1.80814080018091
1.15,1.025,0.625,1.84071816831189,1.81696353575909
1.15,1.025,0.65,1.84615853226805,1.82511542761133
1.15,1.025,0.675,1.85125595871849,1.83268867705921
1.15,1.025,0.7,1.85598470282995,1.83966577101029
1.15,1.025,0.725,1.86038755225256,1.84611071414703
1.15,1.025,0.75,1.86451966250003,1.85210483868024
1.15,1.025,0.775,1.86835897819108,1.85763789784766
1.15,1.025,0.8,1.87194249434508,1.86276122179665
1.15,1.025,0.825,1.8753153545316,1.86754189205747
1.15,1.025,0.85,1.87845699198579,1.87196951586005
1.15,1.025,0.875,1.88141269651483,1.87609426182347
1.15,1.025,0.9,1.88416439782826,1.87995033186934
1.15,1.025,0.925,1.88678326836174,1.8835299562692
1.15,1.025,0.95,1.88922180129053,1.88687095333563
1.15,1.025,0.975,1.89150899601176,1.89001476228713
1.15,1.025,1,1.8936946429293,1.89294358788281
1.15,1.05,0.6,1.83743633506675,1.8101252280509
1.15,1.05,0.625,1.84328506923448,1.81895285349143
1.15,1.05,0.65,1.84872662641155,1.82712218510812
1.15,1.05,0.675,1.85383077929546,1.83467680477985
1.15,1.05,0.7,1.8585582251016,1.84165515402435
1.15,1.05,0.725,1.86296009758793,1.84811105976612
1.15,1.05,0.75,1.86709596860862,1.85408903115418
1.15,1.05,0.775,1.87093306823295,1.85962191730578
1.15,1.05,0.8,1.87451473388573,1.86475270799395
1.15,1.05,0.825,1.87788974373062,1.86951974522762
1.15,1.05,0.85,1.88102899245988,1.87394668223805
1.15,1.05,0.875,1.88398508175967,1.87806606634663
1.15,1.05,0.9,1.88673245617432,1.88192128640901
1.15,1.05,0.925,1.88935382118959,1.88549162907298
1.15,1.05,0.95,1.89179047042016,1.88883648262009
1.15,1.05,0.975,1.89407368261659,1.89197964320062
1.15,1.05,1,1.89626039444992,1.89490141486223
1.15,1.075,0.6,1.83989991845265,1.81194508605315
1.15,1.075,0.625,1.84576386016759,1.82077830590752
1.15,1.075,0.65,1.85121240372417,1.82895970840369
1.15,1.075,0.675,1.85629704916908,1.83651131009311
1.15,1.075,0.7,1.8610347848974,1.84349072550386
1.15,1.075,0.725,1.86544060402101,1.84995455737471
1.15,1.075,0.75,1.86955869695415,1.8559274017436
1.15,1.075,0.775,1.87340333015999,1.86145940629006
1.15,1.075,0.8,1.87698736855701,1.86659595097399
1.15,1.075,0.825,1.88034666516483,1.87135731809653
1.15,1.075,0.85,1.8834918011807,1.87578259207771
1.15,1.075,0.875,1.88643712033494,1.87989875751322
1.15,1.075,0.9,1.88918733249655,1.88375245808021
1.15,1.075,0.925,1.89179560643807,1.88731981016704
1.15,1.075,0.95,1.89423629151825,1.89066640507693
1.15,1.075,0.975,1.89652189181678,1.89380777048239
1.15,1.075,1,1.89869705071986,1.89672698635245
1.15,1.1,0.6,1.84219205900734,1.8136449907664
1.15,1.1,0.625,1.84805091510154,1.82248193430875
1.15,1.1,0.65,1.85349737608537,1.83064524144351
1.15,1.1,0.675,1.8585973797937,1.83822094150438
1.15,1.1,0.7,1.86332870683314,1.84520063705703
1.15,1.1,0.725,1.86773105997127,1.85164812820269
1.15,1.1,0.75,1.871860856031,1.85763875796875
1.15,1.1,0.775,1.87569891879249,1.86316972639721
1.15,1.1,0.8,1.87927919750199,1.86829200638149
1.15,1.1,0.825,1.88264781618932,1.87306710528701
1.15,1.1,0.85,1.88578667045114,1.87749093092523
1.15,1.1,0.875,1.8887372974413,1.88161070768788
1.15,1.1,0.9,1.89148505398333,1.88546243284085
1.15,1.1,0.925,1.89409920683043,1.88903726530625
1.15,1.1,0.95,1.89653381134526,1.89237485429084
1.15,1.1,0.975,1.89881680807463,1.89551456548023
1.15,1.1,1,1.90099687063818,1.8984397591263
1.15,1.125,0.6,1.84433340673136,1.81533318188221
1.15,1.125,0.625,1.85019243708686,1.82417343271556
1.15,1.125,0.65,1.85563860831449,1.83235228128093
1.15,1.125,0.675,1.86074472399912,1.83990920529602
1.15,1.125,0.7,1.86547430994465,1.84688951968703
1.15,1.125,0.725,1.86987492127912,1.85334693809442
1.15,1.125,0.75,1.87400834043817,1.85932169029702
1.15,1.125,0.775,1.87784408467355,1.8648522839675
1.15,1.125,0.8,1.88142212758485,1.86998141877174
1.15,1.125,0.825,1.8847929843795,1.87474331842292
1.15,1.125,0.85,1.88792950178654,1.87916645035708
1.15,1.125,0.875,1.89088047958499,1.88328113728943
1.15,1.125,0.9,1.89362430861848,1.8871321522604
1.15,1.125,0.925,1.8962409604751,1.89069786041133
1.15,1.125,0.95,1.89867358551451,1.89403912580654
1.15,1.125,0.975,1.90095314585995,1.8971782017834
1.15,1.125,1,1.90313503571302,1.90009582820922
1.15,1.15,0.6,1.84639919868903,1.81687977762813
1.15,1.15,0.625,1.85227093937509,1.82572413846334
1.15,1.15,0.65,1.8577229407007,1.8339121743123
1.15,1.15,0.675,1.86281074774515,1.84146708549614
1.15,1.15,0.7,1.86754902102988,1.84844786219468
1.15,1.15,0.725,1.87195303695626,1.85491129890156
1.15,1.15,0.75,1.87606999615495,1.8608821418425
1.15,1.15,0.775,1.8799121557932,1.86641167035957
1.15,1.15,0.8,1.88349234343211,1.87154519873534
1.15,1.15,0.825,1.88684877129497,1.87630263584131
1.15,1.15,0.85,1.88999033298171,1.88072412205705
1.15,1.15,0.875,1.89293173528415,1.8848360344624
1.15,1.15,0.9,1.8956779747148,1.88868550738561
1.15,1.15,0.925,1.89828277806138,1.89224901072409
1.15,1.15,0.95,1.90071902741598,1.89559141700754
1.15,1.15,0.975,1.90300065921365,1.8987287273412
1.15,1.15,1,1.90517226505275,1.90164433269685
1.15,1.175,0.6,1.84832467134424,1.81832738283671
1.15,1.175,0.625,1.85419105731205,1.82717439891247
1.15,1.175,0.65,1.85964099183307,1.83534575051649
1.15,1.175,0.675,1.86474164200765,1.8429219359031
1.15,1.175,0.7,1.86947377746177,1.84990260395478
1.15,1.175,0.725,1.87387468320448,1.85635120904154
1.15,1.175,0.75,1.87800155184461,1.86233783900602
1.15,1.175,0.775,1.88183764800259,1.86786623972847
1.15,1.175,0.8,1.88541454518872,1.87298693577515
1.15,1.175,0.825,1.88877894554716,1.87775660671306
1.15,1.175,0.85,1.89191482560846,1.88217667589492
1.15,1.175,0.875,1.89486077806752,1.88629172022846
1.15,1.175,0.9,1.89760474298303,1.89013934135828
1.15,1.175,0.925,1.90021458279486,1.89370959707441
1.15,1.175,0.95,1.90264562488662,1.89704389570532
1.15,1.175,0.975,1.9049249384414,1.90017963544379
1.15,1.175,1,1.9071008247121,1.90310059656587
1.15,1.2,0.6,1.85012807762097,1.81977597227102
1.15,1.2,0.625,1.85599378052237,1.82862528261224
1.15,1.2,0.65,1.86144229791436,1.83681067711882
1.15,1.2,0.675,1.8665490864273,1.84436809886741
1.15,1.2,0.7,1.87127915890173,1.85134905185143
1.15,1.2,0.725,1.87567772337822,1.85780674936025
1.15,1.2,0.75,1.87980851372635,1.8637778102392
1.15,1.2,0.775,1.88364221283555,1.86930580100929
1.15,1.2,0.8,1.88721655458484,1.8744328408538
1.15,1.2,0.825,1.89058359132392,1.87918972530515
1.15,1.2,0.85,1.8937171618464,1.88360919195872
1.15,1.2,0.875,1.89666358920849,1.88771937861853
1.15,1.2,0.9,1.89940395121793,1.89156651222379
1.15,1.2,0.925,1.90201649899441,1.89512780117654
1.15,1.2,0.95,1.90444540915365,1.89846564180605
1.15,1.2,0.975,1.90672159801806,1.90160096851913
1.15,1.2,1,1.90889956196713,1.90451450630483
1.15,1.225,0.6,1.85187712022606,1.82110148583552
1.15,1.225,0.625,1.85775372065082,1.82995371524108
1.15,1.225,0.65,1.8632074100334,1.83814625261799
1.15,1.225,0.675,1.86829667026105,1.84570233496288
1.15,1.225,0.7,1.87303427597084,1.85268328135616
1.15,1.225,0.725,1.87743601315948,1.85914566550678
1.15,1.225,0.75,1.88155122819968,1.86511371522419
1.15,1.225,0.775,1.88539054119554,1.87064050787802
1.15,1.225,0.8,1.88896700328473,1.87577099298692
1.15,1.225,0.825,1.89232048264625,1.88052433914806
1.15,1.225,0.85,1.89545849383257,1.88494218386301
1.15,1.225,0.875,1.89839627349774,1.88905003987657
1.15,1.225,0.9,1.9011387212855,1.89289563575817
1.15,1.225,0.925,1.90374030155911,1.89645530364276
1.15,1.225,0.95,1.90617262305159,1.89979392379856
1.15,1.225,0.975,1.90845061402991,1.90292755731985
1.15,1.225,1,1.91061909825104,1.90583957822946
1.15,1.25,0.6,1.85351013774554,1.82234262218876
1.15,1.25,0.625,1.85938142808111,1.83119668698327
1.15,1.25,0.65,1.86483317971054,1.83937373929844
1.15,1.25,0.675,1.86993323136343,1.84694895045133
1.15,1.25,0.7,1.87466509739926,1.85392951174942
1.15,1.25,0.725,1.87906409013798,1.86037834567914
1.15,1.25,0.75,1.88318772027115,1.86636065275159
1.15,1.25,0.775,1.88702150599262,1.87188627293456
1.15,1.25,0.8,1.89059511169567,1.87700514405524
1.15,1.25,0.825,1.89395541902936,1.88176956152554
1.15,1.25,0.85,1.8970883243759,1.88618603880672
1.15,1.25,0.875,1.9000300254264,1.8902966323374
1.15,1.25,0.9,1.90277040312151,1.89414048830909
1.15,1.25,0.925,1.90537629274876,1.89770640262659
1.15,1.25,0.95,1.90780413470063,1.90103765696462
1.15,1.25,0.975,1.91008005940156,1.9041698147526
1.15,1.25,1,1.91225223007913,1.90708679769503
1.15,1.275,0.6,1.85504084864428,1.82359577685921
1.15,1.275,0.625,1.86091081023275,1.83245148565025
1.15,1.275,0.65,1.86636025096071,1.84064127276109
1.15,1.275,0.675,1.87146681181748,1.84819806417301
1.15,1.275,0.7,1.87619638071108,1.85517874096787
1.15,1.275,0.725,1.88059253052423,1.86163591185575
1.15,1.275,0.75,1.88472060735162,1.86760314043357
1.15,1.275,0.775,1.88855194824065,1.87312838178113
1.15,1.275,0.8,1.89212270468837,1.87825311863093
1.15,1.275,0.825,1.89548620270585,1.88300526155723
1.15,1.275,0.85,1.89861683124736,1.88742124546687
1.15,1.275,0.875,1.90155918800637,1.89152722903488
1.15,1.275,0.9,1.90429627588731,1.89537077307511
1.15,1.275,0.925,1.90690518152735,1.89892798054026
1.15,1.275,0.95,1.90933070630886,1.90226263903866
1.15,1.275,0.975,1.91160379474013,1.90539455886252
1.15,1.275,1,1.91377834423085,1.90830435732304
1.15,1.3,0.6,1.85653483540779,1.82473988881875
1.15,1.3,0.625,1.86241442154408,1.83359764540661
1.15,1.3,0.65,1.8678685845258,1.841792993179
1.15,1.3,0.675,1.87295823762403,1.84934918208604
1.15,1.3,0.7,1.87769454496121,1.85632951548565
1.15,1.3,0.725,1.88209372847686,1.86279033345449
1.15,1.3,0.75,1.88620691383501,1.8687554104193
1.15,1.3,0.775,1.89004332458741,1.87427936443322
1.15,1.3,0.8,1.89361621000289,1.87940680210142
1.15,1.3,0.825,1.89696681524347,1.88415625060651
1.15,1.3,0.85,1.90010147828175,1.88857063830343
1.15,1.3,0.875,1.90303590111899,1.89267470890894
1.15,1.3,0.9,1.90577487885803,1.89651670403643
1.15,1.3,0.925,1.90837348056671,1.90007283942889
1.15,1.3,0.95,1.91080226500426,1.90340799859916
1.15,1.3,0.975,1.91307699011469,1.90653827121843
1.15,1.3,1,1.91524265712412,1.90944702829207
1.15,1.325,0.6,1.85793111837582,1.8258112122532
1.15,1.325,0.625,1.86380556624108,1.83467026426964
1.15,1.325,0.65,1.86925799451754,1.84285128342247
1.15,1.325,0.675,1.87435681710323,1.85042487202265
1.15,1.325,0.7,1.87908779709706,1.857404663114
1.15,1.325,0.725,1.88348459733355,1.86385308850182
1.15,1.325,0.75,1.88760500505861,1.8698311727613
1.15,1.325,0.775,1.89143638436643,1.8753539573202
1.15,1.325,0.8,1.8950068095677,1.88047085193013
1.15,1.325,0.825,1.8983633212277,1.88523041285599
1.15,1.325,0.85,1.90149338827538,1.8896434987126
1.15,1.325,0.875,1.90443087730466,1.89374940910626
1.15,1.325,0.9,1.90716833535906,1.89759037098721
1.15,1.325,0.925,1.90977066194744,1.90115233283972
1.15,1.325,0.95,1.91219527939366,1.90448030686156
1.15,1.325,0.975,1.91446845910996,1.9076096665464
1.15,1.325,1,1.91663732797097,1.91052306137985
1.15,1.35,0.6,1.85924039570095,1.82690288215356
1.15,1.35,0.625,1.86511303988923,1.8357631317058
1.15,1.35,0.65,1.87056255260454,1.84395583235744
1.15,1.35,0.675,1.87566823792179,1.8515114152389
1.15,1.35,0.7,1.88039675616186,1.85849123790798
1.15,1.35,0.725,1.88479039105635,1.86494738931624
1.15,1.35,0.75,1.88891570888218,1.87091089119891
1.15,1.35,0.775,1.89274461661371,1.87643335819345
1.15,1.35,0.8,1.89631201566841,1.88155572926083
1.15,1.35,0.825,1.89967219560501,1.88630350413415
1.15,1.35,0.85,1.90280001676967,1.89071621041415
1.15,1.35,0.875,1.90573871001205,1.89481833466245
1.15,1.35,0.9,1.90847277413162,1.89865855292006
1.15,1.35,0.925,1.91107838823523,1.90221207210817
1.15,1.35,0.95,1.91350087431848,1.90554379875225
1.15,1.35,0.975,1.91577114752332,1.90867261082335
1.15,1.35,1,1.91794265468011,1.91157905936436
1.15,1.375,0.6,1.86052689096093,1.82789714689298
1.15,1.375,0.625,1.86640819704757,1.8367587407003
1.15,1.375,0.65,1.87186206344168,1.84495571161042
1.15,1.375,0.675,1.87695144036165,1.85251130808223
1.15,1.375,0.7,1.88168610096818,1.85949053373886
1.15,1.375,0.725,1.88608264646673,1.86594949244647
1.15,1.375,0.75,1.89019369585982,1.87191156316149
1.15,1.375,0.775,1.89402726765443,1.87743269077108
1.15,1.375,0.8,1.89759678976281,1.88255716254755
1.15,1.375,0.825,1.90094466613915,1.88730294976942
1.15,1.375,0.85,1.90407621944399,1.89171409805906
1.15,1.375,0.875,1.90700756470101,1.89581466737268
1.15,1.375,0.9,1.90974338917028,1.89965334412866
1.15,1.375,0.925,1.91233926424842,1.90320624559007
1.15,1.375,0.95,1.91476487209832,1.90653825468866
1.15,1.375,0.975,1.91703667127691,1.90966547120831
1.15,1.375,1,1.9191997994048,1.91257127267192
1.15,1.4,0.6,1.86172004398819,1.82883352800161
1.15,1.4,0.625,1.86760053720125,1.83769658580085
1.15,1.4,0.65,1.87305245812412,1.84588741329519
1.15,1.4,0.675,1.87814576540954,1.85345357707914
1.15,1.4,0.7,1.88287908571943,1.860432454056
1.15,1.4,0.725,1.8872730867665,1.86688610936395
1.15,1.4,0.75,1.8913871366052,1.87285530487668
1.15,1.4,0.775,1.89521932735501,1.87837537342836
1.15,1.4,0.8,1.89878619868735,1.88349552985558
1.15,1.4,0.825,1.90213648362268,1.88824624992298
1.15,1.4,0.85,1.90526678211901,1.89265612048177
1.15,1.4,0.875,1.90819776855326,1.89675661710169
1.15,1.4,0.9,1.91093362542583,1.90059300409838
1.15,1.4,0.925,1.91353041666277,1.90415013511984
1.15,1.4,0.95,1.91595333796876,1.90747879405771
1.15,1.4,0.975,1.91822517176209,1.9106038626563
1.15,1.4,1,1.92038905189818,1.91351296149173
1.15,1.425,0.6,1.86285743389858,1.82978500179565
1.15,1.425,0.625,1.86873166234062,1.83864835101589
1.15,1.425,0.65,1.87418069643583,1.84684283867119
1.15,1.425,0.675,1.87928511746822,1.85439682232032
1.15,1.425,0.7,1.88401226292934,1.86137539570635
1.15,1.425,0.725,1.88840339410372,1.86783019932291
1.15,1.425,0.75,1.89252600900506,1.87379012949057
1.15,1.425,0.775,1.89635250794336,1.87930986407161
1.15,1.425,0.8,1.89991679756044,1.88442987691688
1.15,1.425,0.825,1.90327390352748,1.88917364296317
1.15,1.425,0.85,1.90639908827143,1.89358328725727
1.15,1.425,0.875,1.90933449205043,1.89768187983233
1.15,1.425,0.9,1.91206578480245,1.90151903073803
1.15,1.425,0.925,1.9146684328602,1.90506921965757
1.15,1.425,0.95,1.9170881943595,1.90839825485691
1.15,1.425,0.975,1.91935592006163,1.91152423819353
1.15,1.425,1,1.92152471481898,1.91442768615222
1.15,1.45,0.6,1.86397346167172,1.83065414408725
1.15,1.45,0.625,1.86985562633979,1.83951834179345
1.15,1.45,0.65,1.87530871340365,1.84771609730998
1.15,1.45,0.675,1.88039739774731,1.85527064799341
1.15,1.45,0.7,1.885130238512,1.86224846250513
1.15,1.45,0.725,1.88952417218318,1.86870541196968
1.15,1.45,0.75,1.89363308473027,1.87466453022931
1.15,1.45,0.775,1.89746394372962,1.88018291094374
1.15,1.45,0.8,1.90103034081752,1.8853045455941
1.15,1.45,0.825,1.90437566574555,1.89004692262106
1.15,1.45,0.85,1.90750435562212,1.89445505894403
1.15,1.45,0.875,1.91043289596793,1.89855240597706
1.15,1.45,0.9,1.91316565545432,1.90238625738132
1.15,1.45,0.925,1.91575925801569,1.90593798670194
1.15,1.45,0.95,1.91818201532794,1.90926713360977
1.15,1.45,0.975,1.92045102278603,1.91239013355928
1.15,1.45,1,1.92261203738508,1.91529470446166
1.15,1.475,0.6,1.86501770070418,1.83148472715517
1.15,1.475,0.625,1.87090093958132,1.84034946466213
1.15,1.475,0.65,1.87635324636064,1.8485445254692
1.15,1.475,0.675,1.88144134046218,1.85610372339128
1.15,1.475,0.7,1.88617438715329,1.86308079535006
1.15,1.475,0.725,1.89056705218225,1.86953514947812
1.15,1.475,0.75,1.89467500888923,1.87549697895872
1.15,1.475,0.775,1.89850574227295,1.88101418507877
1.15,1.475,0.8,1.90207075440691,1.88613363901436
1.15,1.475,0.825,1.90541505759751,1.89087759595361
1.15,1.475,0.85,1.9085435164256,1.89528448198472
1.15,1.475,0.875,1.91147063999143,1.8993812199023
1.15,1.475,0.9,1.91420363921166,1.90321498673807
1.15,1.475,0.925,1.91679576375525,1.90676649441919
1.15,1.475,0.95,1.91921730438843,1.91009385089289
1.15,1.475,0.975,1.92148649281601,1.91321658198669
1.15,1.475,1,1.92364619903782,1.91612085919567
1.15,1.5,0.6,1.86599422308129,1.83231164350008
1.15,1.5,0.625,1.87186928183026,1.84117704219202
1.15,1.5,0.65,1.87731749974505,1.84937251085821
1.15,1.5,0.675,1.88242044658297,1.85692467614885
1.15,1.5,0.7,1.88714605073964,1.86390176400134
1.15,1.5,0.725,1.89153476000153,1.87035502910644
1.15,1.5,0.75,1.89565478968478,1.87631158278368
1.15,1.5,0.775,1.89947896461695,1.88182867872505
1.15,1.5,0.8,1.90304039601831,1.88694639336559
1.15,1.5,0.825,1.90639467714469,1.89168649308463
1.15,1.5,0.85,1.90951741145327,1.89609329405837
1.15,1.5,0.875,1.91244986473334,1.90018866290796
1.15,1.5,0.9,1.91517862916676,1.90402299416651
1.15,1.5,0.925,1.91777860861859,1.90757017657775
1.15,1.5,0.95,1.92019592717104,1.91089674667377
1.15,1.5,0.975,1.9224613516442,1.9140201574501
1.15,1.5,1,1.92462772629996,1.91692091495992
1.175,0.75,0.6,1.78369320156863,1.76890985556575
1.175,0.75,0.625,1.78948786690129,1.77769398100278
1.175,0.75,0.65,1.79492479079237,1.78590548101469
1.175,0.75,0.675,1.79999012674286,1.79356978492343
1.175,0.75,0.7,1.80476022579639,1.80062527060502
1.175,0.75,0.725,1.80922892845083,1.80720441804211
1.175,0.75,0.75,1.8134506735399,1.81325729930425
1.175,0.75,0.775,1.81728835317848,1.81900145076993
1.175,0.75,0.8,1.82095717119459,1.82427199319321
1.175,0.75,0.825,1.82439749554992,1.82918299706541
1.175,0.75,0.85,1.82762021967648,1.83375391629731
1.175,0.75,0.875,1.83065058924817,1.83801254157552
1.175,0.75,0.9,1.83350053286291,1.84199050107817
1.175,0.75,0.925,1.83617734408069,1.84570648102685
1.175,0.75,0.95,1.83870066269629,1.84917962772121
1.175,0.75,0.975,1.84108065215195,1.8524337973442
1.175,0.75,1,1.8433222331632,1.85548585587153
1.175,0.775,0.6,1.78936198954303,1.77278846550975
1.175,0.775,0.625,1.79521432974218,1.78163454696866
1.175,0.775,0.65,1.80064379218593,1.78983160850507
1.175,0.775,0.675,1.80572434453815,1.79750564794371
1.175,0.775,0.7,1.81053336892421,1.80460161417289
1.175,0.775,0.725,1.81498814610035,1.81116420608996
1.175,0.775,0.75,1.81913279757279,1.81723930716057
1.175,0.775,0.775,1.82310805597567,1.82291351040993
1.175,0.775,0.8,1.82672372686457,1.8282316999647
1.175,0.775,0.825,1.83016106102717,1.83311895204869
1.175,0.775,0.85,1.83340848380448,1.83771664326916
1.175,0.775,0.875,1.8364297197511,1.84197521488001
1.175,0.775,0.9,1.83927463441917,1.84593250857832
1.175,0.775,0.925,1.84197103586069,1.84966964355108
1.175,0.775,0.95,1.84448463050641,1.85314195183917
1.175,0.775,0.975,1.84685952166955,1.85637750201459
1.175,0.775,1,1.84911717849676,1.85944677612725
1.175,0.8,0.6,1.79455787674896,1.77650902721594
1.175,0.8,0.625,1.80044282049623,1.78535656202725
1.175,0.8,0.65,1.80589218996751,1.79358827166689
1.175,0.8,0.675,1.8109759734383,1.80127304055451
1.175,0.8,0.7,1.81580360100313,1.80836274253843
1.175,0.8,0.725,1.82026852747451,1.81494565557136
1.175,0.8,0.75,1.82441689726943,1.8210468278373
1.175,0.8,0.775,1.82836413763318,1.82674097567351
1.175,0.8,0.8,1.83195241969727,1.83209037005099
1.175,0.8,0.825,1.83545669775972,1.83692607719596
1.175,0.8,0.85,1.83870788041499,1.84150921348226
1.175,0.8,0.875,1.84172853298332,1.84576824952026
1.175,0.8,0.9,1.8445747718389,1.84973393098513
1.175,0.8,0.925,1.84727235563451,1.85345847965682
1.175,0.8,0.95,1.84978446510358,1.85693040453617
1.175,0.8,0.975,1.85215937703356,1.86017238559185
1.175,0.8,1,1.85441714823396,1.86323042804669
1.175,0.825,0.6,1.79949707909252,1.77992200508025
1.175,0.825,0.625,1.80536265070229,1.78877520379417
1.175,0.825,0.65,1.81084752206521,1.79703589704969
1.175,0.825,0.675,1.81595220700646,1.80473819502344
1.175,0.825,0.7,1.82075671492723,1.81182447909677
1.175,0.825,0.725,1.82524456199726,1.81842514113716
1.175,0.825,0.75,1.82942269872103,1.82455379765097
1.175,0.825,0.775,1.83334648353699,1.83023781761831
1.175,0.825,0.8,1.83702544589755,1.83551548111243
1.175,0.825,0.825,1.84052517040024,1.8403756842776
1.175,0.825,0.85,1.84368959117689,1.84501268201245
1.175,0.825,0.875,1.84672494409432,1.84926967215752
1.175,0.825,0.9,1.84957437476226,1.85324639406892
1.175,0.825,0.925,1.85225302205338,1.85695931301416
1.175,0.825,0.95,1.85477592445991,1.86042947174884
1.175,0.825,0.975,1.85715228638698,1.86368071475104
1.175,0.825,1,1.85939292141731,1.86672812892028
1.175,0.85,0.6,1.80404611072909,1.78309685156359
1.175,0.85,0.625,1.80995372404838,1.79199955076088
1.175,0.85,0.65,1.81542901934253,1.80024368142946
1.175,0.85,0.675,1.82054275710438,1.80795116637913
1.175,0.85,0.7,1.82537609326663,1.81506982547513
1.175,0.85,0.725,1.82985151599657,1.82165257563732
1.175,0.85,0.75,1.83401216276252,1.82774841588968
1.175,0.85,0.775,1.83795970551573,1.8334622561208
1.175,0.85,0.8,1.84162891713876,1.838742025998
1.175,0.85,0.825,1.84506864058232,1.84363692783206
1.175,0.85,0.85,1.84834914413106,1.84819899148725
1.175,0.85,0.875,1.85133513077637,1.85249566886211
1.175,0.85,0.9,1.8541805169789,1.8564529203236
1.175,0.85,0.925,1.85687432530138,1.86018350998162
1.175,0.85,0.95,1.85938850370635,1.86365221992752
1.175,0.85,0.975,1.86176003636578,1.86688700212433
1.175,0.85,1,1.86401310853032,1.86994898306778
1.175,0.875,0.6,1.80823212720861,1.7861640373813
1.175,0.875,0.625,1.81416412521852,1.79506084397659
1.175,0.875,0.65,1.81965132492788,1.8033334881477
1.175,0.875,0.675,1.82476467372009,1.81104753378069
1.175,0.875,0.7,1.82961208284727,1.81815588288787
1.175,0.875,0.725,1.83409294284867,1.82475540826505
1.175,0.875,0.75,1.83825411779136,1.83087270162136
1.175,0.875,0.775,1.84220642510719,1.83657084940539
1.175,0.875,0.8,1.84587454951777,1.84185223372756
1.175,0.875,0.825,1.84931439666825,1.8467578775593
1.175,0.875,0.85,1.85256613631188,1.85133684316984
1.175,0.875,0.875,1.85553501427554,1.85564878209103
1.175,0.875,0.9,1.8584268644578,1.85956631614674
1.175,0.875,0.925,1.86112221647041,1.86328384275115
1.175,0.875,0.95,1.86363453615723,1.86675167029113
1.175,0.875,0.975,1.86600503809455,1.86999190405846
1.175,0.875,1,1.86825827486933,1.8730429982732
1.175,0.9,0.6,1.81223033934219,1.78897817089677
1.175,0.9,0.625,1.81814160713708,1.79787885103928
1.175,0.9,0.65,1.82365578827472,1.80617214972013
1.175,0.9,0.675,1.82878401509412,1.81389869680177
1.175,0.9,0.7,1.83360911258659,1.82100390824758
1.175,0.9,0.725,1.83810756487641,1.82761591565031
1.175,0.9,0.75,1.84229267404617,1.83375413017722
1.175,0.9,0.775,1.84622376750753,1.83944294039096
1.175,0.9,0.8,1.84990473251346,1.84472493732511
1.175,0.9,0.825,1.85334810851981,1.84964195357001
1.175,0.9,0.85,1.8565796032002,1.85421197002283
1.175,0.9,0.875,1.85961417064791,1.85846711547795
1.175,0.9,0.9,1.86250999832527,1.86239147580233
1.175,0.9,0.925,1.86512931069735,1.86615828679739
1.175,0.9,0.95,1.86765101197934,1.86962303861492
1.175,0.9,0.975,1.87002300915061,1.87287006241479
1.175,0.9,1,1.87226108351017,1.87591222029372
1.175,0.925,0.6,1.81592270083976,1.7916040116792
1.175,0.925,0.625,1.82186562500199,1.80054565092934
1.175,0.925,0.65,1.82736988600125,1.80882195983547
1.175,0.925,0.675,1.83250342191046,1.81655119518149
1.175,0.925,0.7,1.8373504212987,1.82368345149639
1.175,0.925,0.725,1.84183739534541,1.83027833123692
1.175,0.925,0.75,1.84600699151467,1.83638675085654
1.175,0.925,0.775,1.84995689706337,1.84210057676267
1.175,0.925,0.8,1.85362991132078,1.84738222879223
1.175,0.925,0.825,1.85706846764476,1.85228088482242
1.175,0.925,0.85,1.86031439402726,1.85687039232004
1.175,0.925,0.875,1.8633395212895,1.86112560424804
1.175,0.925,0.9,1.86618076946299,1.86508343358289
1.175,0.925,0.925,1.86889801431889,1.86877955245718
1.175,0.925,0.95,1.87137695944058,1.87227766983352
1.175,0.925,0.975,1.87374546747044,1.8755093014312
1.175,0.925,1,1.87599361339226,1.87856390837534
1.175,0.95,0.6,1.81933434365347,1.79416038118817
1.175,0.95,0.625,1.82529643087236,1.80309128298031
1.175,0.95,0.65,1.8308075151743,1.81139179701645
1.175,0.95,0.675,1.83593876090829,1.81912494757414
1.175,0.95,0.7,1.8407970036598,1.82624447916364
1.175,0.95,0.725,1.84528639688599,1.83285384823491
1.175,0.95,0.75,1.8494542100416,1.83898097271877
1.175,0.95,0.775,1.85340818240729,1.84467855499745
1.175,0.95,0.8,1.85707945336922,1.84996072483664
1.175,0.95,0.825,1.86051737202593,1.85486807239801
1.175,0.95,0.85,1.86376526683359,1.85944360296376
1.175,0.95,0.875,1.8667879678344,1.86369861056375
1.175,0.95,0.9,1.86962717307326,1.86766343586503
1.175,0.95,0.925,1.87231858233113,1.8713742747081
1.175,0.95,0.95,1.87478654196646,1.87488035628718
1.175,0.95,0.975,1.87718935515724,1.87808090170708
1.175,0.95,1,1.87943839188385,1.88112456925958
1.175,0.975,0.6,1.8226089536087,1.79650468373143
1.175,0.975,0.625,1.82855034053573,1.80543875008462
1.175,0.975,0.65,1.83408267110244,1.81375405419303
1.175,0.975,0.675,1.83922499021352,1.82149630908921
1.175,0.975,0.7,1.84406222200067,1.82861338589646
1.175,0.975,0.725,1.84856562985124,1.83523155107608
1.175,0.975,0.75,1.85275330018328,1.84137478636432
1.175,0.975,0.775,1.85668761830228,1.84706468967863
1.175,0.975,0.8,1.86036898434515,1.85234669639805
1.175,0.975,0.825,1.8638097785176,1.85726262454279
1.175,0.975,0.85,1.86703998866323,1.86183012884198
1.175,0.975,0.875,1.87007054542103,1.86608379804132
1.175,0.975,0.9,1.87291135162149,1.87005546545331
1.175,0.975,0.925,1.87558636536917,1.87375934269562
1.175,0.975,0.95,1.87810433621753,1.87722001116147
1.175,0.975,0.975,1.88051485207792,1.88041944846391
1.175,0.975,1,1.8826991693329,1.88350691178561
1.175,1,0.6,1.82564005804172,1.79869885406983
1.175,1,0.625,1.8316059381146,1.80766752538546
1.175,1,0.65,1.83712877351271,1.81596603569755
1.175,1,0.675,1.84227406153662,1.82370941795759
1.175,1,0.7,1.84712841534191,1.83084961548256
1.175,1,0.725,1.85162149963934,1.8374516810175
1.175,1,0.75,1.85579545197018,1.84356801378514
1.175,1,0.775,1.85974490263079,1.8492795255788
1.175,1,0.8,1.86341889686218,1.8545606089703
1.175,1,0.825,1.86685531094008,1.85945994537534
1.175,1,0.85,1.87009747365183,1.86404413837197
1.175,1,0.875,1.87312067251657,1.86829638291759
1.175,1,0.9,1.87595712157648,1.87225357690066
1.175,1,0.925,1.87864165457637,1.8759710613462
1.175,1,0.95,1.88115156371476,1.87943126153683
1.175,1,0.975,1.8835146951897,1.88266138637229
1.175,1,1,1.8857810553421,1.88568600593042
1.175,1.025,0.6,1.82845155501411,1.80085038209404
1.175,1.025,0.625,1.83443318662317,1.80980533082514
1.175,1.025,0.65,1.83995956459189,1.81812508341994
1.175,1.025,0.675,1.84510162810662,1.82587077842169
1.175,1.025,0.7,1.84996543414334,1.83299688106183
1.175,1.025,0.725,1.85445903647898,1.8396118848935
1.175,1.025,0.75,1.85862983308311,1.84574495207393
1.175,1.025,0.775,1.86258299066859,1.851440215658
1.175,1.025,0.8,1.86625484929456,1.85672132791401
1.175,1.025,0.825,1.86968978791941,1.86162840883556
1.175,1.025,0.85,1.87293399827737,1.86619884869745
1.175,1.025,0.875,1.87595483883479,1.87045053887878
1.175,1.025,0.9,1.87878938966502,1.87441347025013
1.175,1.025,0.925,1.88147495947182,1.87811941446693
1.175,1.025,0.95,1.88398245373623,1.88157901989931
1.175,1.025,0.975,1.88634301401019,1.8848142036827
1.175,1.025,1,1.88858741171217,1.88785148188351
1.175,1.05,0.6,1.83115950690174,1.80278728286105
1.175,1.05,0.625,1.83713627056463,1.8117693892218
1.175,1.05,0.65,1.84266770041696,1.82007887005806
1.175,1.05,0.675,1.84781803826656,1.82782875818922
1.175,1.05,0.7,1.85267522592615,1.83497221467455
1.175,1.05,0.725,1.85717054013612,1.84157727625856
1.175,1.05,0.75,1.86134581994807,1.84769694906362
1.175,1.05,0.775,1.86529420652566,1.85340637425804
1.175,1.05,0.8,1.86896780185324,1.85868641732942
1.175,1.05,0.825,1.87240242781422,1.86358534154285
1.175,1.05,0.85,1.87564200483658,1.86816593420102
1.175,1.05,0.875,1.87866356308857,1.87241585684726
1.175,1.05,0.9,1.88149736524828,1.87637165498438
1.175,1.05,0.925,1.8841786748102,1.88008523081953
1.175,1.05,0.95,1.88668627100975,1.88354292801876
1.175,1.05,0.975,1.88904583164218,1.8867720249007
1.175,1.05,1,1.89128575096622,1.88981593106954
1.175,1.075,0.6,1.83364433953055,1.80471629475994
1.175,1.075,0.625,1.83963536765055,1.81368318761789
1.175,1.075,0.65,1.84516871350161,1.82201250520614
1.175,1.075,0.675,1.85031546904795,1.82976393339075
1.175,1.075,0.7,1.85518139566565,1.83689264239992
1.175,1.075,0.725,1.85967628686142,1.84350994629332
1.175,1.075,0.75,1.86384775848722,1.84964540832451
1.175,1.075,0.775,1.86779981265627,1.85533863292414
1.175,1.075,0.8,1.87147113314193,1.86061850457937
1.175,1.075,0.825,1.87490388353324,1.86552475891277
1.175,1.075,0.85,1.87814563084282,1.87009178997482
1.175,1.075,0.875,1.88116483060025,1.87434110108136
1.175,1.075,0.9,1.88399652293686,1.87830235160291
1.175,1.075,0.925,1.88667911495096,1.88200458565821
1.175,1.075,0.95,1.88918449513129,1.88546156384117
1.175,1.075,0.975,1.89154189127564,1.88869499349225
1.175,1.075,1,1.89378239670117,1.89172949956749
1.175,1.1,0.6,1.83605125568266,1.80648196876262
1.175,1.1,0.625,1.84202225972253,1.81545182074903
1.175,1.1,0.65,1.84757113477458,1.8237895480222
1.175,1.1,0.675,1.85272535850853,1.83154661897048
1.175,1.1,0.7,1.85757214944107,1.83867411658461
1.175,1.1,0.725,1.86207756487048,1.84529622611838
1.175,1.1,0.75,1.86626481207235,1.85144232052134
1.175,1.1,0.775,1.87019921683498,1.85713025609215
1.175,1.1,0.8,1.87387798577934,1.86240928438234
1.175,1.1,0.825,1.87731306273496,1.86732116213697
1.175,1.1,0.85,1.88053926471151,1.87188253024191
1.175,1.1,0.875,1.88356436156434,1.87613027666658
1.175,1.1,0.9,1.88639758861509,1.88009603230142
1.175,1.1,0.925,1.88906660127261,1.88379276384122
1.175,1.1,0.95,1.89157685744833,1.88724793212632
1.175,1.1,0.975,1.8939352998634,1.89048517930838
1.175,1.1,1,1.89616391376211,1.89351458483716
1.175,1.125,0.6,1.83828408074446,1.80814094334417
1.175,1.125,0.625,1.84427230919935,1.81713825528505
1.175,1.125,0.65,1.84981274377604,1.82546004410093
1.175,1.125,0.675,1.85496771106922,1.83321680499951
1.175,1.125,0.7,1.85982683708378,1.84036303807441
1.175,1.125,0.725,1.86432362681942,1.84697072345825
1.175,1.125,0.75,1.86849943128489,1.85309391303976
1.175,1.125,0.775,1.872445248011,1.85879951923949
1.175,1.125,0.8,1.87611746210523,1.86407731509808
1.175,1.125,0.825,1.8795488147058,1.86897510208854
1.175,1.125,0.85,1.88278421274371,1.87355019546321
1.175,1.125,0.875,1.8858030876148,1.87779643234035
1.175,1.125,0.9,1.88863278635943,1.88174998783471
1.175,1.125,0.925,1.89130941558183,1.88545775600364
1.175,1.125,0.95,1.89381388582836,1.88891144760892
1.175,1.125,0.975,1.89616912510343,1.89213809750415
1.175,1.125,1,1.89840414857386,1.89517666213814
1.175,1.15,0.6,1.8403667428872,1.80978894434063
1.175,1.15,0.625,1.84636735902821,1.81876961794537
1.175,1.15,0.65,1.85190803659936,1.82710938882766
1.175,1.15,0.675,1.85705920868048,1.83486691919468
1.175,1.15,0.7,1.86192612944201,1.84199790128794
1.175,1.15,0.725,1.86642158428667,1.84861687162465
1.175,1.15,0.75,1.87059301878443,1.85475456549899
1.175,1.15,0.775,1.87454240395709,1.86044430629062
1.175,1.15,0.8,1.87821227940231,1.86572176868892
1.175,1.15,0.825,1.881641416025,1.87062630918798
1.175,1.15,0.85,1.88487907704114,1.87518829224227
1.175,1.15,0.875,1.88789565466901,1.87943392179505
1.175,1.15,0.9,1.89072308964094,1.88339253671608
1.175,1.15,0.925,1.89340119431465,1.88708943014445
1.175,1.15,0.95,1.89590358005575,1.89054246099765
1.175,1.15,0.975,1.89825664611823,1.89377310904109
1.175,1.15,1,1.9004926359289,1.89680258104697
1.175,1.175,0.6,1.84239395320382,1.81129476425226
1.175,1.175,0.625,1.84837564760612,1.82027866576148
1.175,1.175,0.65,1.85392942662482,1.82862430147161
1.175,1.175,0.675,1.85908677790986,1.83638611710499
1.175,1.175,0.7,1.86393597004201,1.84351666505143
1.175,1.175,0.725,1.86844042835869,1.85013883965577
1.175,1.175,0.75,1.87262579152592,1.85628476714539
1.175,1.175,0.775,1.87655888636979,1.86197045874242
1.175,1.175,0.8,1.88023512148081,1.86724692034875
1.175,1.175,0.825,1.88366637432663,1.87215578013546
1.175,1.175,0.85,1.88688978873722,1.87671329630499
1.175,1.175,0.875,1.88991142655077,1.88095738243611
1.175,1.175,0.9,1.89274033122544,1.88491949582542
1.175,1.175,0.925,1.89540605729732,1.88861197610164
1.175,1.175,0.95,1.89791264275776,1.89206330054369
1.175,1.175,0.975,1.90026677928131,1.89529694319641
1.175,1.175,1,1.90249201172104,1.89832224433793
1.175,1.2,0.6,1.84427714477476,1.81271248066118
1.175,1.2,0.625,1.85027292303492,1.82172034509411
1.175,1.2,0.65,1.85581925669941,1.83005103956242
1.175,1.2,0.675,1.86097653880037,1.83781223498661
1.175,1.2,0.7,1.8658359428023,1.8449592658947
1.175,1.2,0.725,1.8703329219735,1.85156818171297
1.175,1.2,0.75,1.87450822645099,1.85769356512755
1.175,1.2,0.775,1.87845095033,1.86339488067102
1.175,1.2,0.8,1.88212115503049,1.86867006560126
1.175,1.2,0.825,1.88554920247272,1.87356629269867
1.175,1.2,0.85,1.88878044393124,1.87813598422491
1.175,1.2,0.875,1.89179645365466,1.88237861478238
1.175,1.2,0.9,1.89462234745558,1.88632983529458
1.175,1.2,0.925,1.8972946027826,1.89003212543838
1.175,1.2,0.95,1.89979601810981,1.89348205342092
1.175,1.2,0.975,1.90214744435064,1.89670624877334
1.175,1.2,1,1.9043782231267,1.89973967926037
1.175,1.225,0.6,1.84603645906119,1.81413279723937
1.175,1.225,0.625,1.85204405624555,1.82312280755173
1.175,1.225,0.65,1.85758910347741,1.83147003843518
1.175,1.225,0.675,1.86274249902722,1.8392316866531
1.175,1.225,0.7,1.86760969838038,1.84636298592119
1.175,1.225,0.725,1.87210441933458,1.85298242380507
1.175,1.225,0.75,1.87627453620168,1.85912132473401
1.175,1.225,0.775,1.88022145821049,1.86480705457561
1.175,1.225,0.8,1.88388920041378,1.87008193604495
1.175,1.225,0.825,1.8873146356547,1.87498439792978
1.175,1.225,0.85,1.89054879898241,1.8795413519387
1.175,1.225,0.875,1.8935624852726,1.88378350440171
1.175,1.225,0.9,1.89638587137909,1.88773941118998
1.175,1.225,0.925,1.89906023567184,1.89143122331661
1.175,1.225,0.95,1.9015595840876,1.89488065274953
1.175,1.225,0.975,1.903908689588,1.8981085471194
1.175,1.225,1,1.90614103073321,1.90113326801192
1.175,1.25,0.6,1.84776019406446,1.81542780894368
1.175,1.25,0.625,1.85374933361185,1.82442082121304
1.175,1.25,0.65,1.85930605783482,1.83277246317166
1.175,1.25,0.675,1.86446460049847,1.84053726791066
1.175,1.25,0.7,1.86931482983228,1.84766844532999
1.175,1.25,0.725,1.87381774872137,1.85429024934728
1.175,1.25,0.75,1.87800073714616,1.86043571266439
1.175,1.25,0.775,1.8819320389558,1.86611818452602
1.175,1.25,0.8,1.88560535382075,1.87139192399357
1.175,1.25,0.825,1.88903300275269,1.87629789303577
1.175,1.25,0.85,1.89225359838666,1.88085120967093
1.175,1.25,0.875,1.89527174007672,1.88509182434875
1.175,1.25,0.9,1.89809676650328,1.88905059080115
1.175,1.25,0.925,1.90075939890705,1.89273878740906
1.175,1.25,0.95,1.90326245456751,1.89618658623122
1.175,1.25,0.975,1.90561283165209,1.89941694264147
1.175,1.25,1,1.90783501901987,1.90243823010515
1.175,1.275,0.6,1.84936431318752,1.81664578983378
1.175,1.275,0.625,1.85536492048538,1.82566041214348
1.175,1.275,0.65,1.86091513587584,1.83399769061489
1.175,1.275,0.675,1.86607321137942,1.84176164677884
1.175,1.275,0.7,1.87093181113992,1.8489078496001
1.175,1.275,0.725,1.87542827901984,1.85551718646071
1.175,1.275,0.75,1.87960257962817,1.86164405466024
1.175,1.275,0.775,1.88354189772294,1.86734066663994
1.175,1.275,0.8,1.8872097914411,1.87261310500679
1.175,1.275,0.825,1.89063471156718,1.87750765319916
1.175,1.275,0.85,1.89386186569819,1.88207199624119
1.175,1.275,0.875,1.89687499973188,1.88631121109815
1.175,1.275,0.9,1.89969747794914,1.89026019128189
1.175,1.275,0.925,1.9023656111899,1.89395726436857
1.175,1.275,0.95,1.90486409756463,1.89740374972558
1.175,1.275,0.975,1.90721219042155,1.90062565750152
1.175,1.275,1,1.9094390738432,1.90365428410983
1.175,1.3,0.6,1.85086000871423,1.81788015077324
1.175,1.3,0.625,1.8568725438142,1.82687647506727
1.175,1.3,0.65,1.86242010805992,1.83522894812485
1.175,1.3,0.675,1.86757432572214,1.84299317584246
1.175,1.3,0.7,1.87244119681431,1.85012366137892
1.175,1.3,0.725,1.87693451003892,1.85674277024182
1.175,1.3,0.75,1.88110270118016,1.86288213379113
1.175,1.3,0.775,1.88504722298895,1.86856371422671
1.175,1.3,0.8,1.88871253910296,1.87383593988751
1.175,1.3,0.825,1.89213440180855,1.87873617485742
1.175,1.3,0.85,1.89536542767733,1.88328832579096
1.175,1.3,0.875,1.89837620802321,1.88752720453508
1.175,1.3,0.9,1.90119585572417,1.89148047179937
1.175,1.3,0.925,1.9038669606818,1.89516757324315
1.175,1.3,0.95,1.90636338909456,1.89861371244901
1.175,1.3,0.975,1.90870891765856,1.90183900650049
1.175,1.3,1,1.91093813491362,1.90485938281104
1.175,1.325,0.6,1.85233777645024,1.81899505837184
1.175,1.325,0.625,1.85833313804431,1.82800078831972
1.175,1.325,0.65,1.86389133593243,1.83635653410542
1.175,1.325,0.675,1.86904934425452,1.8441181632291
1.175,1.325,0.7,1.87390042545862,1.85125389812602
1.175,1.325,0.725,1.8784011666238,1.85787051254057
1.175,1.325,0.75,1.88258172600372,1.86401921982608
1.175,1.325,0.775,1.88651104317199,1.8696983829559
1.175,1.325,0.8,1.89018142012842,1.87496934319328
1.175,1.325,0.825,1.89360559659993,1.87987243841095
1.175,1.325,0.85,1.89682348511825,1.88442176937861
1.175,1.325,0.875,1.89983833440595,1.88865909852637
1.175,1.325,0.9,1.90265977160066,1.89261472021286
1.175,1.325,0.925,1.90531955905056,1.89629896024635
1.175,1.325,0.95,1.907819383218,1.89974351175465
1.175,1.325,0.975,1.91016635069714,1.90297085117359
1.175,1.325,1,1.91238580187022,1.90598847473147
1.175,1.35,0.6,1.85371747395735,1.8200697004648
1.175,1.35,0.625,1.85971240641921,1.82907898849358
1.175,1.35,0.65,1.86527008026122,1.83743138402804
1.175,1.35,0.675,1.87043033891881,1.84519711726528
1.175,1.35,0.7,1.8752799284835,1.85233392557328
1.175,1.35,0.725,1.87977943800919,1.8589512841657
1.175,1.35,0.75,1.88395920608464,1.86509254154318
1.175,1.35,0.775,1.88788769516696,1.87077466320097
1.175,1.35,0.8,1.89155804462603,1.87604438762257
1.175,1.35,0.825,1.89498043534711,1.88094519170049
1.175,1.35,0.85,1.89819733166168,1.8854961592546
1.175,1.35,0.875,1.90121197719242,1.88973211251056
1.175,1.35,0.9,1.90403166375342,1.89368590433279
1.175,1.35,0.925,1.90669045668595,1.89737097140538
1.175,1.35,0.95,1.90919002987477,1.90081418690624
1.175,1.35,0.975,1.91153535858662,1.90404012621369
1.175,1.35,1,1.91375387637338,1.90705805760862
1.175,1.375,0.6,1.85499637350154,1.82113421630093
1.175,1.375,0.625,1.86101219465082,1.83013504508041
1.175,1.375,0.65,1.86656117384246,1.83849118860841
1.175,1.375,0.675,1.8717153712534,1.84625687803394
1.175,1.375,0.7,1.87658136257444,1.85338606801401
1.175,1.375,0.725,1.88107299944391,1.86000433806134
1.175,1.375,0.75,1.88523847409983,1.86614262991677
1.175,1.375,0.775,1.88918116586179,1.87182120137309
1.175,1.375,0.8,1.89284402121045,1.87709076588512
1.175,1.375,0.825,1.89626256627221,1.88198874443839
1.175,1.375,0.85,1.89949063351941,1.88653647389878
1.175,1.375,0.875,1.90249865248776,1.89077227117433
1.175,1.375,0.9,1.9053149233758,1.8947230258432
1.175,1.375,0.925,1.90798304835223,1.89840586324832
1.175,1.375,0.95,1.91047677532003,1.90184897873307
1.175,1.375,0.975,1.91281911859574,1.90507185879385
1.175,1.375,1,1.91504552793543,1.90808833518683
1.175,1.4,0.6,1.8562742648424,1.8221056035365
1.175,1.4,0.625,1.86227329035978,1.83111536989938
1.175,1.4,0.65,1.86783154758642,1.83946908370179
1.175,1.4,0.675,1.87298947730592,1.84723670560927
1.175,1.4,0.7,1.87784019449221,1.85437108472911
1.175,1.4,0.725,1.88233863259296,1.86098683052475
1.175,1.4,0.75,1.8865159484376,1.86712677928224
1.175,1.4,0.775,1.89044360432787,1.87280642792581
1.175,1.4,0.8,1.89411117908412,1.87807491609415
1.175,1.4,0.825,1.89753179743303,1.88297268253539
1.175,1.4,0.85,1.90074742266763,1.88752122727017
1.175,1.4,0.875,1.90375925600763,1.89175568574789
1.175,1.4,0.9,1.90657717790161,1.8957063383543
1.175,1.4,0.925,1.9092345929745,1.89938929095757
1.175,1.4,0.95,1.91173151104997,1.90283102314722
1.175,1.4,0.975,1.91407521404307,1.90605394407663
1.175,1.4,1,1.91629239042074,1.90907012818128
1.175,1.425,0.6,1.85746588930449,1.82304550827726
1.175,1.425,0.625,1.86346370251926,1.832058491709
1.175,1.425,0.65,1.86902206340994,1.84041347139672
1.175,1.425,0.675,1.8741816117271,1.84817974281895
1.175,1.425,0.7,1.87903039432892,1.85531520411916
1.175,1.425,0.725,1.88352801309294,1.86193121956911
1.175,1.425,0.75,1.88770542214023,1.86807104306529
1.175,1.425,0.775,1.89163154050383,1.8737498091584
1.175,1.425,0.8,1.89529912401077,1.87901675516115
1.175,1.425,0.825,1.8987185625875,1.8839147905956
1.175,1.425,0.85,1.90193268556326,1.88846206842934
1.175,1.425,0.875,1.90494438877923,1.89269496814455
1.175,1.425,0.9,1.90776109934665,1.8966458500994
1.175,1.425,0.925,1.91041713380414,1.90032739707501
1.175,1.425,0.95,1.91291388725747,1.90376768072307
1.175,1.425,0.975,1.91525642811679,1.90699086719031
1.175,1.425,1,1.91747236726073,1.91000561662182
1.175,1.45,0.6,1.85858533210992,1.82393745823672
1.175,1.45,0.625,1.8645927995265,1.83296752689758
1.175,1.45,0.65,1.87014567452741,1.84131071011207
1.175,1.45,0.675,1.8753033273916,1.84907580108763
1.175,1.45,0.7,1.88015973352503,1.85622340536673
1.175,1.45,0.725,1.88465195092787,1.86282936488461
1.175,1.45,0.75,1.88882096231196,1.86895334546204
1.175,1.45,0.775,1.89275534799843,1.87464474107867
1.175,1.45,0.8,1.8964172602239,1.87990974310102
1.175,1.45,0.825,1.8998342005451,1.88479828523771
1.175,1.45,0.85,1.90305529271695,1.88935551545749
1.175,1.45,0.875,1.90606201683639,1.89358658062963
1.175,1.45,0.9,1.90887639241212,1.89752935837199
1.175,1.45,0.925,1.911538374314,1.90121898157757
1.175,1.45,0.95,1.91403075551985,1.90465762719017
1.175,1.45,0.975,1.91637118465614,1.90787382819422
1.175,1.45,1,1.91859224702355,1.91089529653127
1.175,1.475,0.6,1.85968248849156,1.82482902192223
1.175,1.475,0.625,1.86568403649933,1.83384152891897
1.175,1.475,0.65,1.87124207593309,1.84219753070859
1.175,1.475,0.675,1.87639918226852,1.84996511385711
1.175,1.475,0.7,1.88124917305922,1.85709783867607
1.175,1.475,0.725,1.88574526084223,1.86371241898276
1.175,1.475,0.75,1.88991987728344,1.86985128621916
1.175,1.475,0.775,1.89384558884459,1.87552734226729
1.175,1.475,0.8,1.8975104482143,1.88079315939837
1.175,1.475,0.825,1.90092797274515,1.8856885449378
1.175,1.475,0.85,1.90414128508965,1.89023328380287
1.175,1.475,0.875,1.90715030155158,1.89446486996592
1.175,1.475,0.9,1.90996518742562,1.89841303776291
1.175,1.475,0.925,1.91262029040639,1.90209240219712
1.175,1.475,0.95,1.91511454142414,1.90553140428933
1.175,1.475,0.975,1.9174554376007,1.90875199372948
1.175,1.475,1,1.91967044900732,1.91176494290338
1.175,1.5,0.6,1.8607185449635,1.82565576175266
1.175,1.5,0.625,1.86671830465037,1.83467125155959
1.175,1.5,0.65,1.87227669972757,1.84302790609284
1.175,1.5,0.675,1.87743520434371,1.85079412316228
1.175,1.5,0.7,1.88228294268559,1.85792796588241
1.175,1.5,0.725,1.88677855134995,1.86454245458334
1.175,1.5,0.75,1.89095358590608,1.87068075977737
1.175,1.5,0.775,1.8948774474312,1.87635628022607
1.175,1.5,0.8,1.89854240045248,1.88162056720134
1.175,1.5,0.825,1.90195905788208,1.88651598922887
1.175,1.5,0.85,1.90517064704675,1.89105982212063
1.175,1.5,0.875,1.90817963604801,1.89528989915071
1.175,1.5,0.9,1.91099360728216,1.89923811099115
1.175,1.5,0.925,1.91364716526941,1.90291641870989
1.175,1.5,0.95,1.9161413553362,1.906354033574
1.175,1.5,0.975,1.91848136118251,1.90957472905495
1.175,1.5,1,1.92069500816637,1.91258657163514
1.2,0.75,0.6,1.77609943379138,1.76077115921903
1.2,0.75,0.625,1.78195719330661,1.76974585718125
1.2,0.75,0.65,1.78742209171855,1.7780712644673
1.2,0.75,0.675,1.79256083725023,1.78580341730738
1.2,0.75,0.7,1.79738964893626,1.79308464312863
1.2,0.75,0.725,1.80196842522466,1.79981800550515
1.2,0.75,0.75,1.80623714164129,1.80601051333753
1.2,0.75,0.775,1.81016041409594,1.8118941361013
1.2,0.75,0.8,1.81393343133757,1.81730606254541
1.2,0.75,0.825,1.81743492062118,1.82232747973442
1.2,0.75,0.85,1.82071617929565,1.82704633366247
1.2,0.75,0.875,1.82384388439121,1.83143162874063
1.2,0.75,0.9,1.82675303261128,1.83551117571573
1.2,0.75,0.925,1.82947044840279,1.83930639163116
1.2,0.75,0.95,1.83207680895328,1.84291528227894
1.2,0.75,0.975,1.83450694292267,1.84627170263677
1.2,0.75,1,1.83680903401255,1.8494025213682
1.2,0.775,0.6,1.78184358930958,1.76485491518227
1.2,0.775,0.625,1.78773458310135,1.7738295494479
1.2,0.775,0.65,1.79321943761565,1.78217870761645
1.2,0.775,0.675,1.79838042804258,1.78994710700537
1.2,0.775,0.7,1.80321901666492,1.79721853180577
1.2,0.775,0.725,1.8078120441966,1.80394530397618
1.2,0.775,0.75,1.81206070955812,1.81019208254271
1.2,0.775,0.775,1.81595292278996,1.81611032337964
1.2,0.775,0.8,1.81980218451865,1.82145082756681
1.2,0.775,0.825,1.82331233091822,1.82648398408812
1.2,0.775,0.85,1.82659016138166,1.8312039687239
1.2,0.775,0.875,1.82972572236593,1.83558087578236
1.2,0.775,0.9,1.83263892772618,1.83966892045758
1.2,0.775,0.925,1.83535719945158,1.84347899535296
1.2,0.775,0.95,1.83796495995421,1.8470755143077
1.2,0.775,0.975,1.84039413753721,1.85043194693336
1.2,0.775,1,1.842697204046,1.85356981606525
1.2,0.8,0.6,1.78731715341879,1.76859886302609
1.2,0.8,0.625,1.79319415267095,1.77758048669189
1.2,0.8,0.65,1.7987223269721,1.78595210244288
1.2,0.8,0.675,1.80390525051573,1.79375941815826
1.2,0.8,0.7,1.80873437407161,1.80102321165824
1.2,0.8,0.725,1.81330242833222,1.80774157623433
1.2,0.8,0.75,1.81757575214304,1.81400981537264
1.2,0.8,0.775,1.82155977113751,1.81986109245763
1.2,0.8,0.8,1.82538365748743,1.82519551716861
1.2,0.8,0.825,1.82883524162624,1.83031852798857
1.2,0.8,0.85,1.83212677488414,1.83504017828562
1.2,0.8,0.875,1.83524055892258,1.83940812113867
1.2,0.8,0.9,1.83816615904474,1.84350600194108
1.2,0.8,0.925,1.84090519812138,1.84733425672693
1.2,0.8,0.95,1.84349321453258,1.850918101292
1.2,0.8,0.975,1.84593495573114,1.85427315418219
1.2,0.8,1,1.84823969738301,1.85742171479709
1.2,0.825,0.6,1.79229875847425,1.77200480427738
1.2,0.825,0.625,1.79823281636487,1.78105408018188
1.2,0.825,0.65,1.80376431289183,1.78944231319918
1.2,0.825,0.675,1.80895111095737,1.7972277657574
1.2,0.825,0.7,1.81381634857385,1.80453985496197
1.2,0.825,0.725,1.81842045172783,1.81129854651288
1.2,0.825,0.75,1.82268029871449,1.81754823307057
1.2,0.825,0.775,1.82666594452793,1.82340251253201
1.2,0.825,0.8,1.83045187902669,1.82882265219601
1.2,0.825,0.825,1.83399554110672,1.83382254472449
1.2,0.825,0.85,1.83724469135035,1.83858545250583
1.2,0.825,0.875,1.84037780611987,1.8429698196437
1.2,0.825,0.9,1.84329155526977,1.84705126764222
1.2,0.825,0.925,1.84601342836262,1.85085175252793
1.2,0.825,0.95,1.84861841562992,1.85445502207358
1.2,0.825,0.975,1.85105089558574,1.85780880419903
1.2,0.825,1,1.85335068507809,1.86093995486753
1.2,0.85,0.6,1.79692088400248,1.77537282479588
1.2,0.85,0.625,1.80287874646077,1.78441299790778
1.2,0.85,0.65,1.80842175760081,1.79281684189831
1.2,0.85,0.675,1.81362171756023,1.80063091673183
1.2,0.85,0.7,1.81849304269626,1.80792903669595
1.2,0.85,0.725,1.82310837489074,1.81467554238609
1.2,0.85,0.75,1.82737532889808,1.82094250647917
1.2,0.85,0.775,1.83135711244542,1.82679950308822
1.2,0.85,0.8,1.83515083830999,1.83221069712186
1.2,0.85,0.825,1.8386670648589,1.83725230021971
1.2,0.85,0.85,1.84189750568021,1.84202938312099
1.2,0.85,0.875,1.84508187207154,1.84635843297099
1.2,0.85,0.9,1.84799817920909,1.85044592403077
1.2,0.85,0.925,1.85071893789948,1.85425895700495
1.2,0.85,0.95,1.85332488524963,1.8578497480227
1.2,0.85,0.975,1.85575561676198,1.86120299940669
1.2,0.85,1,1.85805488642126,1.8643400706555
1.2,0.875,0.6,1.80134643474401,1.77845451995658
1.2,0.875,0.625,1.80728644060391,1.7874988474732
1.2,0.875,0.65,1.81286123731208,1.79591844348649
1.2,0.875,0.675,1.81807673327741,1.80376145853481
1.2,0.875,0.7,1.82293638748448,1.81105195132445
1.2,0.875,0.725,1.82752778184335,1.81779057567609
1.2,0.875,0.75,1.83181388705468,1.82407227587503
1.2,0.875,0.775,1.83580693856649,1.82993491192691
1.2,0.875,0.8,1.83957830205636,1.83533991707487
1.2,0.875,0.825,1.84310704262026,1.84039210392317
1.2,0.875,0.85,1.84640160598788,1.84511516447083
1.2,0.875,0.875,1.84957481808958,1.84942824614749
1.2,0.875,0.9,1.85243435945629,1.8535890364902
1.2,0.875,0.925,1.85517314193072,1.85741485947739
1.2,0.875,0.95,1.85776159129948,1.86099469913044
1.2,0.875,0.975,1.86020183294019,1.86434617846865
1.2,0.875,1,1.86250241976477,1.86749138659608
1.2,0.9,0.6,1.80538377193505,1.78126576301621
1.2,0.9,0.625,1.81136681680947,1.79036567760094
1.2,0.9,0.65,1.81694081601571,1.79879651544694
1.2,0.9,0.675,1.82215701699393,1.80661791943399
1.2,0.9,0.7,1.8270437325477,1.81394821188129
1.2,0.9,0.725,1.83166251659816,1.82072026421485
1.2,0.9,0.75,1.83593632149266,1.82698384459688
1.2,0.9,0.775,1.83993048838002,1.83284629789444
1.2,0.9,0.8,1.8437196363452,1.83827153894091
1.2,0.9,0.825,1.84723612658789,1.84330761562647
1.2,0.9,0.85,1.85052784017566,1.84803064741538
1.2,0.9,0.875,1.85366063541599,1.85241282772291
1.2,0.9,0.9,1.85660182177335,1.85646667128962
1.2,0.9,0.925,1.85928926686695,1.86030455762002
1.2,0.9,0.95,1.86189175366152,1.86390021443819
1.2,0.9,0.975,1.86432395423002,1.86724989491128
1.2,0.9,1,1.86662004637741,1.87037967962044
1.2,0.925,0.6,1.80920495028597,1.78406637528285
1.2,0.925,0.625,1.81517410174722,1.79314144999956
1.2,0.925,0.65,1.82077043324219,1.80158425302561
1.2,0.925,0.675,1.82600060355878,1.80944440125884
1.2,0.925,0.7,1.83087340464916,1.81674691559132
1.2,0.925,0.725,1.83547440592888,1.82349420984478
1.2,0.925,0.75,1.83976565807589,1.8297814007961
1.2,0.925,0.775,1.84376256342847,1.83564746849711
1.2,0.925,0.8,1.84753723392981,1.84105492991624
1.2,0.925,0.825,1.85106607694452,1.84610789485832
1.2,0.925,0.85,1.85435911033479,1.85083213352933
1.2,0.925,0.875,1.85747715727721,1.85519983557177
1.2,0.925,0.9,1.8604005087181,1.85929325444378
1.2,0.925,0.925,1.86318649576141,1.86306865939819
1.2,0.925,0.95,1.86571484647258,1.86670438307601
1.2,0.925,0.975,1.86815464303227,1.87005180143288
1.2,0.925,1,1.87045270232774,1.87319415746544
1.2,0.95,0.6,1.81273546231919,1.78655153598891
1.2,0.95,0.625,1.81874160765442,1.79567650128172
1.2,0.95,0.65,1.8243352228104,1.80412825341672
1.2,0.95,0.675,1.82956473881377,1.81196690937769
1.2,0.95,0.7,1.83446068668108,1.81930522273781
1.2,0.95,0.725,1.83908537732757,1.82608280800158
1.2,0.95,0.75,1.84336477370973,1.83235234540686
1.2,0.95,0.775,1.84736194556624,1.83821752616195
1.2,0.95,0.8,1.8511521506313,1.84364336662192
1.2,0.95,0.825,1.85466969505737,1.84868067105784
1.2,0.95,0.85,1.85796085964499,1.85340323189765
1.2,0.95,0.875,1.8610908108463,1.85778478516913
1.2,0.95,0.9,1.86400285582651,1.86186573322335
1.2,0.95,0.925,1.86672496060929,1.86566856832003
1.2,0.95,0.95,1.86935130856359,1.86923335456092
1.2,0.95,0.975,1.87174839014579,1.87261411617803
1.2,0.95,1,1.87404305498189,1.87574122434792
1.2,0.975,0.6,1.8160290655573,1.78905094896833
1.2,0.975,0.625,1.82205104005891,1.79815899638206
1.2,0.975,0.65,1.82764895062099,1.8066190622698
1.2,0.975,0.675,1.83288344049771,1.81447924311825
1.2,0.975,0.7,1.83778276613215,1.82180083485547
1.2,0.975,0.725,1.84241536397008,1.82856286646217
1.2,0.975,0.75,1.84669664255019,1.83484617377369
1.2,0.975,0.775,1.85068907969009,1.84071185132843
1.2,0.975,0.8,1.85448591685313,1.84612528897123
1.2,0.975,0.825,1.85800353929322,1.85117152696806
1.2,0.975,0.85,1.86128964492636,1.85589362925095
1.2,0.975,0.875,1.86442383082525,1.86026443534666
1.2,0.975,0.9,1.86733492506989,1.86435165193653
1.2,0.975,0.925,1.8700532199775,1.86816590753185
1.2,0.975,0.95,1.8726540527395,1.87174523504759
1.2,0.975,0.975,1.87504036956249,1.87513385578344
1.2,0.975,1,1.87736892955483,1.87823031011368
1.2,1,0.6,1.819214772506,1.79132945768773
1.2,1,0.625,1.8252163137796,1.80043988386591
1.2,1,0.65,1.83083515055007,1.80890883704385
1.2,1,0.675,1.83607950982187,1.81678735391473
1.2,1,0.7,1.8409659626485,1.82410259848086
1.2,1,0.725,1.84557646183387,1.83085869403478
1.2,1,0.75,1.84987114966219,1.83715039596275
1.2,1,0.775,1.85387058554727,1.8430188259993
1.2,1,0.8,1.85764786653744,1.84842780918423
1.2,1,0.825,1.86117498672261,1.8534796369057
1.2,1,0.85,1.86446630546281,1.85820204531874
1.2,1,0.875,1.86758298789506,1.86256819951642
1.2,1,0.9,1.87050104925397,1.86665945191423
1.2,1,0.925,1.87323199718023,1.87048338217811
1.2,1,0.95,1.87581652356829,1.87405587870836
1.2,1,0.975,1.87825267706144,1.87739937860681
1.2,1,1,1.88058935735393,1.88049434189097
1.2,1.025,0.6,1.82212791679131,1.79341397943058
1.2,1.025,0.625,1.82815862572627,1.80256690639531
1.2,1.025,0.65,1.83377332266679,1.81104212332027
1.2,1.025,0.675,1.83901608118557,1.81890041571642
1.2,1.025,0.7,1.84392059103413,1.82624621047452
1.2,1.025,0.725,1.84854985541474,1.83302842236151
1.2,1.025,0.75,1.8528340320905,1.83930368542039
1.2,1.025,0.775,1.85683291929024,1.84517068111483
1.2,1.025,0.8,1.86062257001588,1.85059561894515
1.2,1.025,0.825,1.86413988931239,1.85563310157512
1.2,1.025,0.85,1.86742925110385,1.86035349641182
1.2,1.025,0.875,1.87055573578571,1.86473151244579
1.2,1.025,0.9,1.87346501009667,1.86881049471778
1.2,1.025,0.925,1.8761841060368,1.87261433109076
1.2,1.025,0.95,1.87877807522677,1.87620043224483
1.2,1.025,0.975,1.88120619116999,1.87954349152433
1.2,1.025,1,1.88349559714545,1.88266925802505
1.2,1.05,0.6,1.82485461282219,1.79552985845126
1.2,1.05,0.625,1.8308984635947,1.80466361871023
1.2,1.05,0.65,1.83651526543733,1.81314460630978
1.2,1.05,0.675,1.84176034130683,1.82102160726063
1.2,1.05,0.7,1.84666755392853,1.82835031423785
1.2,1.05,0.725,1.85130367448408,1.83511621118415
1.2,1.05,0.75,1.85558806456685,1.84140387643812
1.2,1.05,0.775,1.85958219679754,1.84727087167611
1.2,1.05,0.8,1.86337766849729,1.85268294468612
1.2,1.05,0.825,1.8668940673248,1.85772859311422
1.2,1.05,0.85,1.87017865562164,1.86244838104808
1.2,1.05,0.875,1.8733090538306,1.8668154215606
1.2,1.05,0.9,1.87621692043363,1.87090007246012
1.2,1.05,0.925,1.87893246970176,1.87471373341173
1.2,1.05,0.95,1.88152753908645,1.87828838725764
1.2,1.05,0.975,1.88395328585551,1.88163094409877
1.2,1.05,1,1.88624014921524,1.88476180394535
1.2,1.075,0.6,1.82750656604657,1.79745350713957
1.2,1.075,0.625,1.83353037106606,1.80658955484305
1.2,1.075,0.65,1.83916400494318,1.81507702758055
1.2,1.075,0.675,1.84441695294842,1.82296802111213
1.2,1.075,0.7,1.8493117568421,1.83029139095906
1.2,1.075,0.725,1.85392749988687,1.83705264340164
1.2,1.075,0.75,1.85822297701872,1.84334623875662
1.2,1.075,0.775,1.86222263105458,1.84921495719151
1.2,1.075,0.8,1.86600031163243,1.85462370029666
1.2,1.075,0.825,1.8695246700847,1.85967326383987
1.2,1.075,0.85,1.87281341027212,1.86439285186453
1.2,1.075,0.875,1.87592806876569,1.86875631412735
1.2,1.075,0.9,1.87884187686414,1.87284377393514
1.2,1.075,0.925,1.88156845674713,1.87666500215818
1.2,1.075,0.95,1.88414950271156,1.88023346766536
1.2,1.075,0.975,1.88658057134911,1.88357433576477
1.2,1.075,1,1.88886838441475,1.88670966901384
1.2,1.1,0.6,1.82993465852027,1.79921711732432
1.2,1.1,0.625,1.83598198815813,1.80839003207844
1.2,1.1,0.65,1.84161075549158,1.81688198221112
1.2,1.1,0.675,1.84686170344754,1.82475415071204
1.2,1.1,0.7,1.8517708862621,1.8321040196745
1.2,1.1,0.725,1.85640183878481,1.83888817724985
1.2,1.1,0.75,1.86068807592199,1.8451665587295
1.2,1.1,0.775,1.86468670713159,1.85103358571422
1.2,1.1,0.8,1.86847447656694,1.85645644981296
1.2,1.1,0.825,1.87199032452257,1.86149292339666
1.2,1.1,0.85,1.87527706685318,1.86621043258931
1.2,1.1,0.875,1.87839981367603,1.87058444621105
1.2,1.1,0.9,1.88130606923611,1.87466077919542
1.2,1.1,0.925,1.88402250728611,1.87846399836767
1.2,1.1,0.95,1.8866117004205,1.88204430474627
1.2,1.1,0.975,1.88903664168469,1.88538365852085
1.2,1.1,1,1.89132101507239,1.88850785219073
1.2,1.125,0.6,1.83226209893597,1.8010139150835
1.2,1.125,0.625,1.83829649492347,1.81016297228028
1.2,1.125,0.65,1.84393724169763,1.81865966538608
1.2,1.125,0.675,1.84919409907212,1.82655678411641
1.2,1.125,0.7,1.85409232552595,1.83388371949575
1.2,1.125,0.725,1.8587098280194,1.84064695763195
1.2,1.125,0.75,1.86300518819912,1.84694100298716
1.2,1.125,0.775,1.86700430587429,1.8528092037149
1.2,1.125,0.8,1.87078132580658,1.858217096947
1.2,1.125,0.825,1.87430377786704,1.86326493222885
1.2,1.125,0.85,1.87759061073192,1.8679824245147
1.2,1.125,0.875,1.88070348444907,1.87234381641451
1.2,1.125,0.9,1.88361469905139,1.87642877623833
1.2,1.125,0.925,1.88633871316535,1.88024803774114
1.2,1.125,0.95,1.88891746412616,1.88381367459721
1.2,1.125,0.975,1.89134611659225,1.88715201400774
1.2,1.125,1,1.89363103008506,1.89028505681016
1.2,1.15,0.6,1.83442356269041,1.80259794410811
1.2,1.15,0.625,1.84047902392722,1.81178092400541
1.2,1.15,0.65,1.84611444706905,1.82028122772771
1.2,1.15,0.675,1.85136910576373,1.82816011295149
1.2,1.15,0.7,1.85628009018582,1.83551146593959
1.2,1.15,0.725,1.86091130656664,1.84229598634269
1.2,1.15,0.75,1.86519800051355,1.84857544199852
1.2,1.15,0.775,1.8691958662802,1.8544418218074
1.2,1.15,0.8,1.87298206426119,1.85986295706698
1.2,1.15,0.825,1.87649659759449,1.86489836089629
1.2,1.15,0.85,1.87978141130115,1.86961376032847
1.2,1.15,0.875,1.88290170478489,1.87398509390697
1.2,1.15,0.9,1.88580592388701,1.8780595479765
1.2,1.15,0.925,1.88852051480259,1.88186195724034
1.2,1.15,0.95,1.89110684275604,1.88543866200447
1.2,1.15,0.975,1.89352977201157,1.88877552378882
1.2,1.15,1,1.89581154726189,1.89189808523245
1.2,1.175,0.6,1.83645640163074,1.80423328394704
1.2,1.175,0.625,1.84252241705674,1.81339505189701
1.2,1.175,0.65,1.84815790622881,1.8218984610118
1.2,1.175,0.675,1.8534122521473,1.82979290422265
1.2,1.175,0.7,1.85832555703613,1.83712719015988
1.2,1.175,0.725,1.86296274020591,1.84389493348234
1.2,1.175,0.75,1.8672479995129,1.85018531297226
1.2,1.175,0.775,1.87124139575422,1.85605131907698
1.2,1.175,0.8,1.87503272045456,1.8614593679543
1.2,1.175,0.825,1.87854537222487,1.86650214373082
1.2,1.175,0.85,1.88182593391011,1.87121695440293
1.2,1.175,0.875,1.88494986146342,1.87557738697437
1.2,1.175,0.9,1.88785211660131,1.87965706022076
1.2,1.175,0.925,1.89056289426205,1.88346818883879
1.2,1.175,0.95,1.8931507462501,1.88703411362821
1.2,1.175,0.975,1.89557164410468,1.89037039792929
1.2,1.175,1,1.89785130271183,1.8934969833145
1.2,1.2,0.6,1.83845384547468,1.80571027193581
1.2,1.2,0.625,1.84450058342729,1.81487474656786
1.2,1.2,0.65,1.85014873691729,1.82338206903097
1.2,1.2,0.675,1.85540899892254,1.831285673441
1.2,1.2,0.7,1.86031070321855,1.83861623519989
1.2,1.2,0.725,1.86492967264969,1.84538117796902
1.2,1.2,0.75,1.86922366309977,1.85167473184345
1.2,1.2,0.775,1.87322116735719,1.85754145957182
1.2,1.2,0.8,1.87699682286995,1.86294769704068
1.2,1.2,0.825,1.88051590366328,1.86799250990832
1.2,1.2,0.85,1.8837996103805,1.87270668954186
1.2,1.2,0.875,1.88690984274017,1.87706498926327
1.2,1.2,0.9,1.88981701363303,1.88114611927633
1.2,1.2,0.925,1.89253705044012,1.88496241208522
1.2,1.2,0.95,1.89511267242571,1.88852396541155
1.2,1.2,0.975,1.89753781027367,1.89185863624307
1.2,1.2,1,1.89981858199724,1.89498824086172
1.2,1.225,0.6,1.84028462231613,1.80706744346628
1.2,1.225,0.625,1.84634869036461,1.81626143671161
1.2,1.225,0.65,1.85199137140657,1.82477137059393
1.2,1.225,0.675,1.85724961245426,1.83265836625776
1.2,1.225,0.7,1.86216148920867,1.84001030500897
1.2,1.225,0.725,1.86679187279005,1.84679385621309
1.2,1.225,0.75,1.87107841950881,1.85307408762681
1.2,1.225,0.775,1.87507439587706,1.8589390822241
1.2,1.225,0.8,1.87885773012144,1.86435697698084
1.2,1.225,0.825,1.88237005033013,1.86939053157596
1.2,1.225,0.85,1.88565170241996,1.87410280130988
1.2,1.225,0.875,1.88876819680502,1.87846988869075
1.2,1.225,0.9,1.89166941763564,1.88254155254473
1.2,1.225,0.925,1.89438131516543,1.88634286688975
1.2,1.225,0.95,1.89696339859797,1.88991421771555
1.2,1.225,0.975,1.8993834119654,1.89324750144723
1.2,1.225,1,1.90166156455759,1.89636777140589
1.2,1.25,0.6,1.84200546944338,1.80848411351219
1.2,1.25,0.625,1.84808044398584,1.81765609589376
1.2,1.25,0.65,1.85372220619309,1.82616838316895
1.2,1.25,0.675,1.85897881058141,1.83406942759934
1.2,1.25,0.7,1.86389272678722,1.84140341600742
1.2,1.25,0.725,1.86853072853574,1.84817125621087
1.2,1.25,0.75,1.87281483946228,1.85446170456298
1.2,1.25,0.775,1.87680652258434,1.8603264897859
1.2,1.25,0.8,1.8805955034487,1.86573109788848
1.2,1.25,0.825,1.88410526369079,1.87077161016235
1.2,1.25,0.85,1.8873829111114,1.87548356543218
1.2,1.25,0.875,1.89050360116112,1.87983970173399
1.2,1.25,0.9,1.89340237837831,1.88391632367255
1.2,1.25,0.925,1.89610992865359,1.88772584039877
1.2,1.25,0.95,1.89869436752333,1.89128677141241
1.2,1.25,0.975,1.9011123175701,1.89461966343419
1.2,1.25,1,1.90338813615903,1.89774363015303
1.2,1.275,0.6,1.84371197494729,1.8097589973194
1.2,1.275,0.625,1.84976752333201,1.81893319673445
1.2,1.275,0.65,1.85542019862218,1.82744822975714
1.2,1.275,0.675,1.86068238983761,1.83535686730525
1.2,1.275,0.7,1.86558559451101,1.84268865560222
1.2,1.275,0.725,1.87020501914303,1.84945284338644
1.2,1.275,0.75,1.87449726119203,1.85574585771905
1.2,1.275,0.775,1.87849235788586,1.86161088708885
1.2,1.275,0.8,1.88226635138759,1.86701405851391
1.2,1.275,0.825,1.88578222679972,1.87205623295818
1.2,1.275,0.85,1.88906250179871,1.87676736150299
1.2,1.275,0.875,1.89217017442488,1.88112178149171
1.2,1.275,0.9,1.89507371751125,1.88519960599108
1.2,1.275,0.925,1.89779002837584,1.88901332831862
1.2,1.275,0.95,1.90036273357354,1.8925706109768
1.2,1.275,0.975,1.90278442105132,1.89590194789786
1.2,1.275,1,1.90506162464094,1.89902845784228
1.2,1.3,0.6,1.84527177720728,1.81094140744437
1.2,1.3,0.625,1.85133470993139,1.8201343532751
1.2,1.3,0.65,1.85698788455065,1.82865194674635
1.2,1.3,0.675,1.86224779751816,1.83655461566502
1.2,1.3,0.7,1.86715649316465,1.84389531647237
1.2,1.3,0.725,1.87177867814194,1.85067077164298
1.2,1.3,0.75,1.87606724079814,1.85695693164434
1.2,1.3,0.775,1.88006325508781,1.86281997811751
1.2,1.3,0.8,1.88383913303685,1.86823160011533
1.2,1.3,0.825,1.88735119959462,1.87326810476072
1.2,1.3,0.85,1.8906319898488,1.87797677404648
1.2,1.3,0.875,1.89374103929668,1.88233740615952
1.2,1.3,0.9,1.89664093245896,1.88641062303808
1.2,1.3,0.925,1.89935408250798,1.89022005465866
1.2,1.3,0.95,1.90192891249386,1.89378092012696
1.2,1.3,0.975,1.9043497141765,1.89711089071199
1.2,1.3,1,1.90662397279202,1.900234608131
1.2,1.325,0.6,1.84674200792133,1.81216309147238
1.2,1.325,0.625,1.85282376302846,1.82134195114683
1.2,1.325,0.65,1.85846951183033,1.82986073653246
1.2,1.325,0.675,1.8637270304095,1.83776646021989
1.2,1.325,0.7,1.86864183413089,1.84510056744722
1.2,1.325,0.725,1.87327916169373,1.85186598915583
1.2,1.325,0.75,1.87756155991627,1.85815588819669
1.2,1.325,0.775,1.8815510830289,1.8640191599328
1.2,1.325,0.8,1.88533790948195,1.86942003618892
1.2,1.325,0.825,1.88884469831778,1.87445819288032
1.2,1.325,0.85,1.8921193521991,1.87916741012929
1.2,1.325,0.875,1.89523723374256,1.88351929414864
1.2,1.325,0.9,1.89813268496108,1.88759300383945
1.2,1.325,0.925,1.90083702093511,1.89140094975269
1.2,1.325,0.95,1.90341856769605,1.89495719723277
1.2,1.325,0.975,1.90583365677414,1.89828701156548
1.2,1.325,1,1.90810599762737,1.901408514985
1.2,1.35,0.6,1.84821159570792,1.81325681260952
1.2,1.35,0.625,1.85427465255344,1.82244527122552
1.2,1.35,0.65,1.85993021248885,1.83096643701847
1.2,1.35,0.675,1.86519242467568,1.83887371543589
1.2,1.35,0.7,1.87009661823655,1.84621129501304
1.2,1.35,0.725,1.87471661749734,1.85297893621798
1.2,1.35,0.75,1.87900643345323,1.85926667538847
1.2,1.35,0.775,1.88299865157832,1.86513011393918
1.2,1.35,0.8,1.88677142273786,1.87053397138222
1.2,1.35,0.825,1.89028390517222,1.87557016847135
1.2,1.35,0.85,1.89356063372464,1.88027859908434
1.2,1.35,0.875,1.8966663203065,1.88463235363282
1.2,1.35,0.9,1.89956628397227,1.88870442412035
1.2,1.35,0.925,1.90227881622725,1.89251335161286
1.2,1.35,0.95,1.9048491091108,1.89606935477906
1.2,1.35,0.975,1.90726766567539,1.8993978018419
1.2,1.35,1,1.90954140148953,1.90251957682591
1.2,1.375,0.6,1.84956950654497,1.81431821546927
1.2,1.375,0.625,1.85563277196262,1.82350935976461
1.2,1.375,0.65,1.8612903213898,1.83203117459339
1.2,1.375,0.675,1.8665525626275,1.83994077213777
1.2,1.375,0.7,1.87145777750244,1.84727635172975
1.2,1.375,0.725,1.87607582716372,1.85404442969821
1.2,1.375,0.75,1.88036464328254,1.86033291963176
1.2,1.375,0.775,1.88435787791693,1.86619403938938
1.2,1.375,0.8,1.88812855527943,1.87159778296306
1.2,1.375,0.825,1.8916397057205,1.87663426983009
1.2,1.375,0.85,1.89491703561351,1.88134024283832
1.2,1.375,0.875,1.89802070502045,1.88569350418973
1.2,1.375,0.9,1.90091926701007,1.88976569400763
1.2,1.375,0.925,1.90363134692902,1.8935748306967
1.2,1.375,0.95,1.9062002485117,1.89712906638811
1.2,1.375,0.975,1.90861865602501,1.90045599513142
1.2,1.375,1,1.91089107921959,1.9035782641271
1.2,1.4,0.6,1.85083651238749,1.81529925456118
1.2,1.4,0.625,1.85691432720217,1.82451541914241
1.2,1.4,0.65,1.86256470725704,1.83303711172176
1.2,1.4,0.675,1.86782484126705,1.84093259732086
1.2,1.4,0.7,1.87273779385501,1.84828504110556
1.2,1.4,0.725,1.87736507205322,1.85506843516618
1.2,1.4,0.75,1.88164792977655,1.86134611601021
1.2,1.4,0.775,1.88563910403868,1.86720544164524
1.2,1.4,0.8,1.8894164915456,1.87261870708294
1.2,1.4,0.825,1.89292221776891,1.87764616532278
1.2,1.4,0.85,1.89619741932444,1.88235029567924
1.2,1.4,0.875,1.89930672866669,1.88671083720357
1.2,1.4,0.9,1.90220048959887,1.89077548866036
1.2,1.4,0.925,1.90490550198993,1.89457203772753
1.2,1.4,0.95,1.90748038872482,1.89813454577043
1.2,1.4,0.975,1.90989448394846,1.90146021317303
1.2,1.4,1,1.91216463009889,1.9045748545568
1.2,1.425,0.6,1.85209283837692,1.8163226094748
1.2,1.425,0.625,1.85816086378915,1.82551535183591
1.2,1.425,0.65,1.86381803644389,1.83404049443414
1.2,1.425,0.675,1.86908002008701,1.84195050472225
1.2,1.425,0.7,1.8739844318538,1.84928695670268
1.2,1.425,0.725,1.87860391111181,1.85605231670307
1.2,1.425,0.75,1.88289125477007,1.86233918297331
1.2,1.425,0.775,1.88688096339495,1.86820036749204
1.2,1.425,0.8,1.89065195537712,1.87360075310567
1.2,1.425,0.825,1.89416123794375,1.87863473073827
1.2,1.425,0.85,1.89743494437792,1.88334020075358
1.2,1.425,0.875,1.90053838754606,1.88769019182471
1.2,1.425,0.9,1.90343506455061,1.89175966627375
1.2,1.425,0.925,1.9061442951471,1.89556661154778
1.2,1.425,0.95,1.90871228140348,1.89911866854415
1.2,1.425,0.975,1.91112795049111,1.90244429908318
1.2,1.425,1,1.91339865675891,1.90556369735789
1.2,1.45,0.6,1.85326953954957,1.8172535264173
1.2,1.45,0.625,1.85933653174507,1.82644887912442
1.2,1.45,0.65,1.86499553572485,1.8349741435276
1.2,1.45,0.675,1.87025786387393,1.84288577065097
1.2,1.45,0.7,1.87516250242667,1.85022064035953
1.2,1.45,0.725,1.87977948153662,1.85698666930316
1.2,1.45,0.75,1.88406632084248,1.86327380892081
1.2,1.45,0.775,1.88805694817793,1.8691328072859
1.2,1.45,0.8,1.89182549485809,1.87453324160248
1.2,1.45,0.825,1.89533393279974,1.87956718330773
1.2,1.45,0.85,1.89860821896181,1.88427037468295
1.2,1.45,0.875,1.90170939650966,1.88862007155446
1.2,1.45,0.9,1.90460512293942,1.89268942670504
1.2,1.45,0.925,1.90731433971817,1.89649616914257
1.2,1.45,0.95,1.90988062867419,1.90004689284092
1.2,1.45,0.975,1.91229629036337,1.90337103294791
1.2,1.45,1,1.91456604240924,1.90649071053787
1.2,1.475,0.6,1.85437110029513,1.81810941089558
1.2,1.475,0.625,1.860449948784,1.82732609471751
1.2,1.475,0.65,1.86610295703505,1.8358524893638
1.2,1.475,0.675,1.8713634282368,1.84375100459258
1.2,1.475,0.7,1.87627456800067,1.85110119855697
1.2,1.475,0.725,1.88089955439517,1.85788122263885
1.2,1.475,0.75,1.88518114176162,1.86415815525591
1.2,1.475,0.775,1.88916982997711,1.87001547632345
1.2,1.475,0.8,1.89294420167992,1.87542482700396
1.2,1.475,0.825,1.89644787552202,1.88045032797838
1.2,1.475,0.85,1.89972020072646,1.88515181922177
1.2,1.475,0.875,1.90282629847036,1.88950834830666
1.2,1.475,0.9,1.90571781586035,1.89357070696236
1.2,1.475,0.925,1.90842082286237,1.89736620248329
1.2,1.475,0.95,1.91099238418438,1.9009244475527
1.2,1.475,0.975,1.91340413281452,1.90424744917774
1.2,1.475,1,1.91567192528715,1.90736026628148
1.2,1.5,0.6,1.85545699381076,1.81901497812502
1.2,1.5,0.625,1.86153232510017,1.82821541320543
1.2,1.5,0.65,1.86718791529944,1.83674066828478
1.2,1.5,0.675,1.87244887377191,1.84464905262251
1.2,1.5,0.7,1.87735680924749,1.8519861648351
1.2,1.5,0.725,1.88197818572386,1.85875386946879
1.2,1.5,0.75,1.88626030378381,1.86503789894248
1.2,1.5,0.775,1.89024830736127,1.87089467504241
1.2,1.5,0.8,1.89401905134607,1.87629386109401
1.2,1.5,0.825,1.89752309737789,1.88132436301183
1.2,1.5,0.85,1.9007945679382,1.88602537314463
1.2,1.5,0.875,1.90389718620738,1.89037363023862
1.2,1.5,0.9,1.90678901583551,1.89443966827167
1.2,1.5,0.925,1.90949322053724,1.89824072309382
1.2,1.5,0.95,1.91206081757032,1.9017916789157
1.2,1.5,0.975,1.91447267553675,1.90511372619853
1.2,1.5,1,1.91674037684418,1.90822948355787
1.225,0.75,0.6,1.76856991878392,1.75296298128586
1.225,0.75,0.625,1.77439217712373,1.76200485924676
1.225,0.75,0.65,1.77996653659751,1.77042574825921
1.225,0.75,0.675,1.7851499669142,1.77829207017576
1.225,0.75,0.7,1.78998901976682,1.78561836558519
1.225,0.75,0.725,1.79461462083461,1.79249324264705
1.225,0.75,0.75,1.79897835907056,1.79881020768395
1.225,0.75,0.775,1.80295814926665,1.8048211481409
1.225,0.75,0.8,1.80679431538646,1.81038619674341
1.225,0.75,0.825,1.81035902850889,1.81555626028029
1.225,0.75,0.85,1.81375129524685,1.82038635302006
1.225,0.75,0.875,1.81689520289558,1.82491289666134
1.225,0.75,0.9,1.8199130554095,1.8291179591897
1.225,0.75,0.925,1.82271984741864,1.83305100630488
1.225,0.75,0.95,1.82534887854126,1.83675821849715
1.225,0.75,0.975,1.82788025656256,1.84021274541703
1.225,0.75,1,1.83021381013525,1.84344515617268
1.225,0.775,0.6,1.77454925511745,1.75699074249031
1.225,0.775,0.625,1.78041997341257,1.7660815793025
1.225,0.775,0.65,1.78597873914704,1.774511046782
1.225,0.775,0.675,1.79121058826512,1.78241843760129
1.225,0.775,0.7,1.79610266644301,1.78979761575474
1.225,0.775,0.725,1.80070686669227,1.79666600660713
1.225,0.775,0.75,1.80503946341928,1.80305882719428
1.225,0.775,0.775,1.8091636357749,1.80896827752874
1.225,0.775,0.8,1.81290899018845,1.81458951481305
1.225,0.775,0.825,1.8164999963934,1.81976208235776
1.225,0.775,0.85,1.81987361339787,1.82458861516143
1.225,0.775,0.875,1.82303214471241,1.8291190923283
1.225,0.775,0.9,1.82602699350688,1.83331474428523
1.225,0.775,0.925,1.82884766602795,1.83725979211595
1.225,0.775,0.95,1.83148818398438,1.84096812922922
1.225,0.775,0.975,1.8339982240503,1.84441377822022
1.225,0.775,1,1.83635922013976,1.8476599232907
1.225,0.8,0.6,1.78006775816101,1.76075799935142
1.225,0.8,0.625,1.78597067916166,1.76987241613723
1.225,0.8,0.65,1.79158659691266,1.77836340919972
1.225,0.8,0.675,1.79681059134375,1.78625605068376
1.225,0.8,0.7,1.80168753835739,1.79359783304205
1.225,0.8,0.725,1.80633536482859,1.80051662482971
1.225,0.8,0.75,1.81066239248257,1.80691873672138
1.225,0.8,0.775,1.81472920213256,1.81286045773565
1.225,0.8,0.8,1.81861061049978,1.81841454800935
1.225,0.8,0.825,1.82214914084116,1.82363507203797
1.225,0.8,0.85,1.82554400165608,1.82847321858061
1.225,0.8,0.875,1.82870300254874,1.83300334484082
1.225,0.8,0.9,1.83171878692749,1.83721799775711
1.225,0.8,0.925,1.83452663121965,1.84114601213854
1.225,0.8,0.95,1.83716501432679,1.844853374636
1.225,0.8,0.975,1.83969188934384,1.84831336289612
1.225,0.8,1,1.84202915800339,1.85153685992635
1.225,0.825,0.6,1.78515481696026,1.76437881064833
1.225,0.825,0.625,1.79107202154223,1.77351741933566
1.225,0.825,0.65,1.79672001612634,1.78200958520222
1.225,0.825,0.675,1.80196414959805,1.78993659210082
1.225,0.825,0.7,1.80685290863615,1.79731619761837
1.225,0.825,0.725,1.81151378470775,1.80422183806065
1.225,0.825,0.75,1.81584570798498,1.81063196506136
1.225,0.825,0.775,1.81991986648173,1.81659312550896
1.225,0.825,0.8,1.82377400395976,1.82216717122909
1.225,0.825,0.825,1.827421474705,1.82728331089249
1.225,0.825,0.85,1.83074826438308,1.83219035321654
1.225,0.825,0.875,1.8339036439711,1.83672009415471
1.225,0.825,0.9,1.83692605908333,1.84092530246058
1.225,0.825,0.925,1.83973660567992,1.84486087726003
1.225,0.825,0.95,1.84237009994466,1.84856766028327
1.225,0.825,0.975,1.84490116260429,1.85201916267829
1.225,0.825,1,1.84723834035734,1.85525277529255
1.225,0.85,0.6,1.78998335875687,1.76765637352272
1.225,0.85,0.625,1.79593578687532,1.77682362121732
1.225,0.85,0.65,1.80159120621119,1.78535387544648
1.225,0.85,0.675,1.80684804942131,1.79327976290693
1.225,0.85,0.7,1.81175155103471,1.80065084093498
1.225,0.85,0.725,1.81641746200477,1.80758456397277
1.225,0.85,0.75,1.82076104674979,1.8140007554734
1.225,0.85,0.775,1.82483790126689,1.81995593385308
1.225,0.85,0.8,1.82869178339195,1.82554927199296
1.225,0.85,0.825,1.83228269625137,1.83073038289607
1.225,0.85,0.85,1.83571108917278,1.83553945972499
1.225,0.85,0.875,1.83883292332448,1.84011150522613
1.225,0.85,0.9,1.84185167341436,1.84432412466924
1.225,0.85,0.925,1.84466160141363,1.84825241325283
1.225,0.85,0.95,1.84730069427976,1.8519584297482
1.225,0.85,0.975,1.84982671916487,1.85541599641945
1.225,0.85,1,1.85216521241294,1.85863984181741
1.225,0.875,0.6,1.79440660866804,1.77085597488517
1.225,0.875,0.625,1.80036817213195,1.78004165323918
1.225,0.875,0.65,1.80605024299986,1.78856788148328
1.225,0.875,0.675,1.81132156435178,1.79652397784844
1.225,0.875,0.7,1.81623224688217,1.80392865938154
1.225,0.875,0.725,1.82090896702093,1.81084690999295
1.225,0.875,0.75,1.82525530346785,1.81726872206516
1.225,0.875,0.775,1.82933726492618,1.82324038921621
1.225,0.875,0.8,1.83319642819133,1.82881890218436
1.225,0.875,0.825,1.83678627141009,1.83400311868373
1.225,0.875,0.85,1.84018726743929,1.83883845994733
1.225,0.875,0.875,1.84329138321716,1.84342322280997
1.225,0.875,0.9,1.84635984327651,1.8475816709566
1.225,0.875,0.925,1.84917207810558,1.85151581993322
1.225,0.875,0.95,1.85180640182307,1.85522079578443
1.225,0.875,0.975,1.85433611181081,1.85866943635558
1.225,0.875,1,1.85667355651747,1.86190264860161
1.225,0.9,0.6,1.79861987311661,1.77378239118376
1.225,0.9,0.625,1.80460878565151,1.78299794390985
1.225,0.9,0.65,1.81026960057532,1.79152780602966
1.225,0.9,0.675,1.81557125311795,1.79950764619154
1.225,0.9,0.7,1.82051750801261,1.80694616530139
1.225,0.9,0.725,1.82517167603324,1.81385720767819
1.225,0.9,0.75,1.82953831472651,1.82028421442811
1.225,0.9,0.775,1.83362807816167,1.82627402134497
1.225,0.9,0.8,1.83746521832138,1.8318426796248
1.225,0.9,0.825,1.84106991113289,1.8370281523112
1.225,0.9,0.85,1.84445317714018,1.84186064631705
1.225,0.9,0.875,1.84762015239786,1.84639193357262
1.225,0.9,0.9,1.85067871324605,1.8505331796333
1.225,0.9,0.925,1.85343364580124,1.85454085814566
1.225,0.9,0.95,1.85607592685083,1.8582439595777
1.225,0.9,0.975,1.85858794677912,1.86168574399981
1.225,0.9,1,1.86094501505806,1.86492757158118
1.225,0.925,0.6,1.80252408470859,1.77653172580575
1.225,0.925,0.625,1.80852930065852,1.78575925116473
1.225,0.925,0.65,1.81422568088575,1.79433312577315
1.225,0.925,0.675,1.81951685061811,1.8022956715986
1.225,0.925,0.7,1.82444775797115,1.80969990183754
1.225,0.925,0.725,1.82913047877287,1.81664790424498
1.225,0.925,0.75,1.83349059332129,1.82307784136621
1.225,0.925,0.775,1.83757662700609,1.82904614722953
1.225,0.925,0.8,1.84143528670253,1.83464203516758
1.225,0.925,0.825,1.84503179964912,1.8398280985223
1.225,0.925,0.85,1.84842751973881,1.84466945688757
1.225,0.925,0.875,1.85159137306104,1.84920074247973
1.225,0.925,0.9,1.85460921340047,1.85341083916499
1.225,0.925,0.925,1.85744591852372,1.85731148819128
1.225,0.925,0.95,1.86004859108803,1.86104966443088
1.225,0.925,0.975,1.86257269254349,1.86450157810646
1.225,0.925,1,1.86491185232888,1.86772439368585
1.225,0.95,0.6,1.80614365662766,1.77920691657599
1.225,0.95,0.625,1.81215317702517,1.78844719920084
1.225,0.95,0.65,1.81787035687659,1.79701192459154
1.225,0.95,0.675,1.82317027744666,1.80500015480861
1.225,0.95,0.7,1.82810376675548,1.81243320734704
1.225,0.95,0.725,1.83279502788218,1.81936390896658
1.225,0.95,0.75,1.83715576325655,1.82579733478111
1.225,0.95,0.775,1.84124403766264,1.83177961002172
1.225,0.95,0.8,1.84510718459606,1.83735971244638
1.225,0.95,0.825,1.84870247285648,1.842546809847
1.225,0.95,0.85,1.8521006204128,1.84738295104179
1.225,0.95,0.875,1.85525907241437,1.85191414703804
1.225,0.95,0.9,1.85828030764704,1.85611484674697
1.225,0.95,0.925,1.86108972273325,1.86004888587783
1.225,0.95,0.95,1.86368190283217,1.86379183859256
1.225,0.95,0.975,1.86624241036854,1.86720128088691
1.225,0.95,1,1.86858056189744,1.87043166130713
1.225,0.975,0.6,1.80960552683611,1.78165379910124
1.225,0.975,0.625,1.8156354126242,1.79091670582298
1.225,0.975,0.65,1.82133136467831,1.79948418203145
1.225,0.975,0.675,1.82665497396078,1.8074895770873
1.225,0.975,0.7,1.83161738185436,1.81494871320842
1.225,0.975,0.725,1.83628706603894,1.82187328207882
1.225,0.975,0.75,1.84066346747971,1.82830998503777
1.225,0.975,0.775,1.84475767239509,1.83430601310522
1.225,0.975,0.8,1.84860048397203,1.83987784170193
1.225,0.975,0.825,1.85220739094759,1.84506516623784
1.225,0.975,0.85,1.85559063019829,1.84989763049663
1.225,0.975,0.875,1.85875500925257,1.85442933069169
1.225,0.975,0.9,1.86175781536052,1.85862489868495
1.225,0.975,0.925,1.86457410974467,1.8625646039596
1.225,0.975,0.95,1.86721351464341,1.86626434713878
1.225,0.975,0.975,1.86977104538209,1.86965560798377
1.225,0.975,1,1.87206878397405,1.8729492654953
1.225,1,0.6,1.81278653023595,1.78400849924748
1.225,1,0.625,1.81881924495752,1.79327623709226
1.225,1,0.65,1.824553259103,1.80185988520767
1.225,1,0.675,1.82986632981635,1.80986410734633
1.225,1,0.7,1.83481002358724,1.81731098049424
1.225,1,0.725,1.8395075865648,1.82424685501265
1.225,1,0.75,1.84387422587634,1.83068529965862
1.225,1,0.775,1.84796461635474,1.83667207372991
1.225,1,0.8,1.85182886911808,1.84225175689552
1.225,1,0.825,1.85542581736354,1.84743928155723
1.225,1,0.85,1.85882235138105,1.85227426183183
1.225,1,0.875,1.86198028323978,1.8568043616244
1.225,1,0.9,1.86499926909545,1.86100301891071
1.225,1,0.925,1.86780593472215,1.86493672213756
1.225,1,0.95,1.87043766791089,1.86863626901566
1.225,1,0.975,1.87296230146139,1.87207580508372
1.225,1,1,1.87525546285801,1.87534863341007
1.225,1.025,0.6,1.81584249913781,1.78619100820071
1.225,1.025,0.625,1.82189237768413,1.79547804838387
1.225,1.025,0.65,1.82760479912169,1.8040642313374
1.225,1.025,0.675,1.83293877517775,1.81208234687052
1.225,1.025,0.7,1.83790863348872,1.81955146045899
1.225,1.025,0.725,1.84258474495535,1.82648198810175
1.225,1.025,0.75,1.84696511751006,1.83292274415719
1.225,1.025,0.775,1.85106072647028,1.83892121068246
1.225,1.025,0.8,1.85490513786178,1.84449363041427
1.225,1.025,0.825,1.85851234481214,1.84968091720283
1.225,1.025,0.85,1.86189481416365,1.85451240176464
1.225,1.025,0.875,1.86505787589176,1.85904259797539
1.225,1.025,0.9,1.86805946910265,1.86323669542496
1.225,1.025,0.925,1.870873050159,1.86717444456447
1.225,1.025,0.95,1.87350879429448,1.87087318447769
1.225,1.025,0.975,1.87601718409501,1.87430934964314
1.225,1.025,1,1.87836864095993,1.87754436858233
1.225,1.05,0.6,1.81868433643476,1.78824987217189
1.225,1.05,0.625,1.82474275494179,1.7975431802432
1.225,1.05,0.65,1.83047898681376,1.80616309701168
1.225,1.05,0.675,1.83580303368668,1.81416406719684
1.225,1.05,0.7,1.84075924546194,1.82160302560814
1.225,1.05,0.725,1.84545530834394,1.82856256852891
1.225,1.05,0.75,1.84982880203241,1.83500424949376
1.225,1.05,0.775,1.85392049853961,1.84098391874434
1.225,1.05,0.8,1.85778028192362,1.84657791347773
1.225,1.05,0.825,1.86138012361086,1.8517646496753
1.225,1.05,0.85,1.86477149853592,1.85660234351843
1.225,1.05,0.875,1.86793255118087,1.86113058312095
1.225,1.05,0.9,1.87094379826892,1.86533643808289
1.225,1.05,0.925,1.87374867673309,1.86926196512473
1.225,1.05,0.95,1.87638168766961,1.87295888546024
1.225,1.05,0.975,1.87889781115604,1.87640438523133
1.225,1.05,1,1.88123386947295,1.87962514704512
1.225,1.075,0.6,1.82133390311266,1.79027804888484
1.225,1.075,0.625,1.82739238550384,1.79957828440159
1.225,1.075,0.65,1.83314392497489,1.80818388004973
1.225,1.075,0.675,1.83847109723346,1.8162058323441
1.225,1.075,0.7,1.84342556188929,1.82366848538543
1.225,1.075,0.725,1.8481283805353,1.83060927773063
1.225,1.075,0.75,1.85250072084508,1.83705248380395
1.225,1.075,0.775,1.85659197110273,1.84304360601531
1.225,1.075,0.8,1.86045564510842,1.84862149019997
1.225,1.075,0.825,1.86405347459981,1.85380832976748
1.225,1.075,0.85,1.86744639459386,1.85864060448997
1.225,1.075,0.875,1.87060268113776,1.86316825375772
1.225,1.075,0.9,1.87361784020199,1.86736317280002
1.225,1.075,0.925,1.87642131703753,1.8712943480765
1.225,1.075,0.95,1.87904994142008,1.8749905649167
1.225,1.075,0.975,1.88156875001121,1.87842694672925
1.225,1.075,1,1.88390182520985,1.88165557315397
1.225,1.1,0.6,1.82388780270344,1.79212932058602
1.225,1.1,0.625,1.82995982468567,1.80144467718042
1.225,1.1,0.65,1.83569084883649,1.81005286769267
1.225,1.1,0.675,1.84103512149877,1.81808485908998
1.225,1.1,0.7,1.84601180877457,1.82556485545305
1.225,1.1,0.725,1.85069461199341,1.8325015166826
1.225,1.1,0.75,1.85507814178309,1.83894610033208
1.225,1.1,0.775,1.85917369483481,1.8449462067795
1.225,1.1,0.8,1.86301916022802,1.85051828240047
1.225,1.1,0.825,1.86662539677953,1.85570451767151
1.225,1.1,0.85,1.87000584616121,1.86053360688924
1.225,1.1,0.875,1.87316625675198,1.86506090720035
1.225,1.1,0.9,1.87616581829196,1.86925232865517
1.225,1.1,0.925,1.87897520757729,1.87318636678519
1.225,1.1,0.95,1.88160720816814,1.87688142345134
1.225,1.1,0.975,1.88411231078539,1.88031451995998
1.225,1.1,1,1.88645818396057,1.88354740765663
1.225,1.125,0.6,1.82626698145772,1.79387982244408
1.225,1.125,0.625,1.83234478871227,1.80319965538702
1.225,1.125,0.65,1.83809488360983,1.81183724302581
1.225,1.125,0.675,1.84343018676821,1.81985289220602
1.225,1.125,0.7,1.84839459567971,1.82730538070076
1.225,1.125,0.725,1.8530937518538,1.83426755253935
1.225,1.125,0.75,1.85747068140287,1.84071242012896
1.225,1.125,0.775,1.86156259293117,1.84669546054626
1.225,1.125,0.8,1.86542079020749,1.85228658812715
1.225,1.125,0.825,1.86902027052863,1.85747197878152
1.225,1.125,0.85,1.87240804963826,1.86230636947926
1.225,1.125,0.875,1.87556645642089,1.86683166821748
1.225,1.125,0.9,1.87857400649244,1.87103357931116
1.225,1.125,0.925,1.88137593329287,1.87495654020989
1.225,1.125,0.95,1.88400550759403,1.87864969610033
1.225,1.125,0.975,1.88651725738396,1.88209093750794
1.225,1.125,1,1.88885090319201,1.88531004486456
1.225,1.15,0.6,1.82851818380456,1.79559315450444
1.225,1.15,0.625,1.83460130298911,1.80492322321746
1.225,1.15,0.65,1.84034112579064,1.8135425338331
1.225,1.15,0.675,1.84569033807812,1.82158153299558
1.225,1.15,0.7,1.85067019705514,1.82906681604541
1.225,1.15,0.725,1.85535552656503,1.83600602479316
1.225,1.15,0.75,1.85974012276941,1.84245198514781
1.225,1.15,0.775,1.86383514173607,1.8484524410941
1.225,1.15,0.8,1.8676802826758,1.85402365549467
1.225,1.15,0.825,1.87128547716821,1.85920871616348
1.225,1.15,0.85,1.8746642630103,1.86403603033749
1.225,1.15,0.875,1.87782276916081,1.86856123276086
1.225,1.15,0.9,1.88082058455188,1.87275062555422
1.225,1.15,0.925,1.8836274454726,1.87668223651411
1.225,1.15,0.95,1.88625710628229,1.88037478954203
1.225,1.15,0.975,1.88876007770104,1.88380556267746
1.225,1.15,1,1.89110341950429,1.88703625963776
1.225,1.175,0.6,1.83064229298734,1.79717080475424
1.225,1.175,0.625,1.83672980330423,1.80650423156394
1.225,1.175,0.65,1.84248662296312,1.81515068172906
1.225,1.175,0.675,1.84782724715499,1.82317365530225
1.225,1.175,0.7,1.852795352662,1.83063273910589
1.225,1.175,0.725,1.85749553488467,1.83759565346926
1.225,1.175,0.75,1.86187359089494,1.84404164003652
1.225,1.175,0.775,1.86596509699524,1.85002585163053
1.225,1.175,0.8,1.8698219083905,1.85561483856075
1.225,1.175,0.825,1.8734205839957,1.86079898380804
1.225,1.175,0.85,1.8768060653587,1.86563108258036
1.225,1.175,0.875,1.87996256408183,1.87015427494472
1.225,1.175,0.9,1.88296771516624,1.87435356516884
1.225,1.175,0.925,1.88576766904418,1.8782747185417
1.225,1.175,0.95,1.88839500931761,1.88196538939122
1.225,1.175,0.975,1.89090413078011,1.88540385887926
1.225,1.175,1,1.89323619343273,1.88862161533075
1.225,1.2,0.6,1.83263325347407,1.79874460921175
1.225,1.2,0.625,1.83871902666157,1.80808162371336
1.225,1.2,0.65,1.84448806962244,1.81671121225289
1.225,1.2,0.675,1.84982885899294,1.82475209003987
1.225,1.2,0.7,1.85479316472915,1.83223141900192
1.225,1.2,0.725,1.85949926960609,1.83917540546122
1.225,1.2,0.75,1.8638755017048,1.84562193872105
1.225,1.2,0.775,1.86796528458946,1.85161598315155
1.225,1.2,0.8,1.87182580336782,1.85718925421789
1.225,1.2,0.825,1.87542227169644,1.86237314963131
1.225,1.2,0.85,1.87880890093862,1.86720003516841
1.225,1.2,0.875,1.88196118026376,1.87172268607771
1.225,1.2,0.9,1.88496997700308,1.87591115098735
1.225,1.2,0.925,1.88776801592617,1.87983751300415
1.225,1.2,0.95,1.8903915882563,1.88352764825092
1.225,1.2,0.975,1.89290340685504,1.88695714107411
1.225,1.2,1,1.89523237149621,1.89018194831297
1.225,1.225,0.6,1.83456683007519,1.80017594093294
1.225,1.225,0.625,1.84066241013959,1.80952354960337
1.225,1.225,0.65,1.84641241761014,1.8181561585595
1.225,1.225,0.675,1.85176632914747,1.82620274917118
1.225,1.225,0.7,1.85674869322747,1.83369373068228
1.225,1.225,0.725,1.8614365812589,1.84063536219305
1.225,1.225,0.75,1.86582143685517,1.8470822959971
1.225,1.225,0.775,1.86991468225743,1.85308227755987
1.225,1.225,0.8,1.87375895200328,1.85865172331937
1.225,1.225,0.825,1.87736198262222,1.86383466530211
1.225,1.225,0.85,1.8807380472712,1.86865897948035
1.225,1.225,0.875,1.88389347849213,1.87318090728707
1.225,1.225,0.9,1.88688874012682,1.8773672957198
1.225,1.225,0.925,1.88969167593283,1.88129520327419
1.225,1.225,0.95,1.89231786480838,1.88498406425142
1.225,1.225,0.975,1.89481790399753,1.88841150904459
1.225,1.225,1,1.89715745602859,1.89163896173791
1.225,1.25,0.6,1.83637310276513,1.80153293344712
1.225,1.25,0.625,1.842471412737,1.81088301565599
1.225,1.25,0.65,1.84823533387976,1.81953909021243
1.225,1.25,0.675,1.85358180700328,1.8275708393546
1.225,1.25,0.7,1.85855381814604,1.83503836341748
1.225,1.25,0.725,1.86325403084273,1.84200067101604
1.225,1.25,0.75,1.86763270035155,1.84844733450529
1.225,1.25,0.775,1.87172296721616,1.85443275738549
1.225,1.25,0.8,1.87557700144761,1.86001776447089
1.225,1.25,0.825,1.8791740184697,1.86519972207793
1.225,1.25,0.85,1.88255581261807,1.87002810441289
1.225,1.25,0.875,1.88570918713613,1.87454824113063
1.225,1.25,0.9,1.88871062775751,1.87874331506186
1.225,1.25,0.925,1.89150772776043,1.88266182124425
1.225,1.25,0.95,1.89413167121923,1.88634902631524
1.225,1.25,0.975,1.89663692695716,1.8897832385622
1.225,1.25,1,1.89896680000908,1.89299913672208
1.225,1.275,0.6,1.8380656804495,1.80289895607816
1.225,1.275,0.625,1.84416159137035,1.81225181247266
1.225,1.275,0.65,1.84993794158904,1.82088963618448
1.225,1.275,0.675,1.85528280404398,1.82893791232674
1.225,1.275,0.7,1.86024923970828,1.83642424069017
1.225,1.275,0.725,1.86495654199016,1.84336750522638
1.225,1.275,0.75,1.86933289913984,1.84981463896709
1.225,1.275,0.775,1.87342058027028,1.85580902933566
1.225,1.275,0.8,1.87727952168588,1.86137846230544
1.225,1.275,0.825,1.88087406215233,1.86656029160557
1.225,1.275,0.85,1.88425735347218,1.871383457023
1.225,1.275,0.875,1.88740673826663,1.87590339180267
1.225,1.275,0.9,1.89041258386569,1.88008752717141
1.225,1.275,0.925,1.8932072025159,1.88401097091208
1.225,1.275,0.95,1.89582761135198,1.88769799199459
1.225,1.275,0.975,1.89833627913021,1.89112319074763
1.225,1.275,1,1.90066236680959,1.89434585050445
1.225,1.3,0.6,1.83972172082503,1.80413897795032
1.225,1.3,0.625,1.84582448327062,1.81349303459014
1.225,1.3,0.65,1.85158305522587,1.82214037225076
1.225,1.3,0.675,1.85694000025796,1.83019350791632
1.225,1.3,0.7,1.86192331888704,1.83768958249534
1.225,1.3,0.725,1.86661250335102,1.84463067450117
1.225,1.3,0.75,1.8709963665546,1.85107774468381
1.225,1.3,0.775,1.87508766524389,1.85707724397558
1.225,1.3,0.8,1.87893062688737,1.86264333016094
1.225,1.3,0.825,1.88253091226259,1.86782404046733
1.225,1.3,0.85,1.88590445901709,1.87264508348305
1.225,1.3,0.875,1.88905644054484,1.87716411319808
1.225,1.3,0.9,1.89204930458263,1.88134648576095
1.225,1.3,0.925,1.89484877231661,1.88527132049291
1.225,1.3,0.95,1.89747100996928,1.88895430335697
1.225,1.3,0.975,1.89996876521607,1.89238049354831
1.225,1.3,1,1.90230480671509,1.89560532787339
1.225,1.325,0.6,1.84127062137836,1.80532499747137
1.225,1.325,0.625,1.84737891339222,1.81468902334521
1.225,1.325,0.65,1.85313755343482,1.82333989436295
1.225,1.325,0.675,1.85849411823767,1.83139004253923
1.225,1.325,0.7,1.86347781450935,1.83888302244947
1.225,1.325,0.725,1.86816716346847,1.84582984326967
1.225,1.325,0.75,1.87255178563015,1.85227650047307
1.225,1.325,0.775,1.87664140180666,1.85827346755033
1.225,1.325,0.8,1.88048380428615,1.86384280120895
1.225,1.325,0.825,1.88408424579895,1.86902236654561
1.225,1.325,0.85,1.88745608697918,1.87384292652093
1.225,1.325,0.875,1.89060842450943,1.87835970805479
1.225,1.325,0.9,1.89359992505773,1.88254471245127
1.225,1.325,0.925,1.8963975293733,1.88646704918188
1.225,1.325,0.95,1.89902026502205,1.89015053045747
1.225,1.325,0.975,1.90151635082584,1.89357584000458
1.225,1.325,1,1.90385138380608,1.89679858140699
1.225,1.35,0.6,1.84271799120368,1.80650506343443
1.225,1.35,0.625,1.84882101397518,1.81587024443078
1.225,1.35,0.65,1.85460303521665,1.82451328358014
1.225,1.35,0.675,1.85995024281756,1.83256702153076
1.225,1.35,0.7,1.86491635704992,1.84005730922137
1.225,1.35,0.725,1.86962534344143,1.84700017109162
1.225,1.35,0.75,1.87400015352788,1.85344598362278
1.225,1.35,0.775,1.87808546905815,1.85944030208147
1.225,1.35,0.8,1.88194373475555,1.86500666936209
1.225,1.35,0.825,1.8855353365304,1.87018540630659
1.225,1.35,0.85,1.88891632708894,1.87500576453377
1.225,1.35,0.875,1.89206272817308,1.87952315478205
1.225,1.35,0.9,1.89506611583384,1.88370295324719
1.225,1.35,0.925,1.89785746474195,1.88762363785573
1.225,1.35,0.95,1.90047477503555,1.89130785903414
1.225,1.35,0.975,1.90298085361756,1.89472889410066
1.225,1.35,1,1.90530357762722,1.89794905292487
1.225,1.375,0.6,1.84414786366819,1.80757882179408
1.225,1.375,0.625,1.85025741556196,1.8169510039096
1.225,1.375,0.65,1.85602164441798,1.82560311908467
1.225,1.375,0.675,1.86137944583152,1.83365542903781
1.225,1.375,0.7,1.86636198809929,1.84115021328252
1.225,1.375,0.725,1.87105255182134,1.84809570299816
1.225,1.375,0.75,1.87543498482189,1.85454273541159
1.225,1.375,0.775,1.87952342870108,1.86053752443219
1.225,1.375,0.8,1.88336553648738,1.86610455992336
1.225,1.375,0.825,1.88696307706592,1.87128327750634
1.225,1.375,0.85,1.8903342557102,1.87610119704553
1.225,1.375,0.875,1.89348269533681,1.88061766937281
1.225,1.375,0.9,1.89647383926913,1.88479929980308
1.225,1.375,0.925,1.89926977764044,1.88871859682306
1.225,1.375,0.95,1.90188879653583,1.89240154038791
1.225,1.375,0.975,1.90438428218206,1.8958237801049
1.225,1.375,1,1.90671680754158,1.89904405847439
1.225,1.4,0.6,1.84548421394143,1.80862413061568
1.225,1.4,0.625,1.85159781691036,1.81799768291304
1.225,1.4,0.65,1.8573607255349,1.82665287761566
1.225,1.4,0.675,1.86271915309822,1.83470744391198
1.225,1.4,0.7,1.86770316391048,1.84220346223329
1.225,1.4,0.725,1.87239219276401,1.84914872778273
1.225,1.4,0.75,1.87677539935435,1.85559459365766
1.225,1.4,0.775,1.88086312817372,1.86159049307374
1.225,1.4,0.8,1.88470344423393,1.86715634580943
1.225,1.4,0.825,1.88830125437318,1.87233344769545
1.225,1.4,0.85,1.89167055434305,1.87715101733696
1.225,1.4,0.875,1.8948196684992,1.88166505359213
1.225,1.4,0.9,1.89780859677915,1.88584615254113
1.225,1.4,0.925,1.90060334591451,1.88976561905732
1.225,1.4,0.95,1.90322283927515,1.89344625426641
1.225,1.4,0.975,1.90571630872078,1.89686784631373
1.225,1.4,1,1.90804855323,1.90008799739431
1.225,1.425,0.6,1.84674759991375,1.80961276969241
1.225,1.425,0.625,1.85286114089473,1.81898729430266
1.225,1.425,0.65,1.85863472668775,1.82766097819611
1.225,1.425,0.675,1.86398710704655,1.83570302996851
1.225,1.425,0.7,1.86896160704666,1.84317919356578
1.225,1.425,0.725,1.87366086284711,1.85014124391835
1.225,1.425,0.75,1.87803811390153,1.85658662071876
1.225,1.425,0.775,1.88212323431904,1.86257041879183
1.225,1.425,0.8,1.8859719624293,1.86814905666734
1.225,1.425,0.825,1.88956433282051,1.87332518727593
1.225,1.425,0.85,1.89293848351743,1.87814620018891
1.225,1.425,0.875,1.89608557727128,1.88265851679642
1.225,1.425,0.9,1.8990799020418,1.88684685208306
1.225,1.425,0.925,1.90186999005928,1.89075877742674
1.225,1.425,0.95,1.90448749462811,1.89443784687015
1.225,1.425,0.975,1.90698559574544,1.89786513183383
1.225,1.425,1,1.90930991316116,1.90107577595209
1.225,1.45,0.6,1.84797485129826,1.81060718596806
1.225,1.45,0.625,1.85409025125125,1.81998293295785
1.225,1.45,0.65,1.85986140019299,1.82864164198841
1.225,1.45,0.675,1.8652155689559,1.83669551347278
1.225,1.45,0.7,1.8701934949833,1.84418490610765
1.225,1.45,0.725,1.87488775019383,1.8511328678808
1.225,1.45,0.75,1.8792660835504,1.85757668974105
1.225,1.45,0.775,1.88335159284989,1.86356760988897
1.225,1.45,0.8,1.88719517960281,1.86913475558831
1.225,1.45,0.825,1.8907880393612,1.87430936889228
1.225,1.45,0.85,1.89415944147531,1.87912703135751
1.225,1.45,0.875,1.89730549398986,1.8836388618734
1.225,1.45,0.9,1.90029609967215,1.88781863090868
1.225,1.45,0.925,1.90308670629309,1.89173440744209
1.225,1.45,0.95,1.90570319917984,1.89541306448947
1.225,1.45,0.975,1.90819786395026,1.89883332295205
1.225,1.45,1,1.91052374685521,1.90204868904781
1.225,1.475,0.6,1.84913678478796,1.81151623819735
1.225,1.475,0.625,1.85525414303934,1.82089709270148
1.225,1.475,0.65,1.8610201918414,1.82955522763292
1.225,1.475,0.675,1.86637942832442,1.83761298380374
1.225,1.475,0.7,1.87136297670992,1.8451112218269
1.225,1.475,0.725,1.87605145851813,1.85205452071025
1.225,1.475,0.75,1.88043295634731,1.85849929475654
1.225,1.475,0.775,1.8845185752161,1.86449392562485
1.225,1.475,0.8,1.8883569403853,1.87005631348437
1.225,1.475,0.825,1.89195213234639,1.87523100920484
1.225,1.475,0.85,1.89531902782988,1.88004560343097
1.225,1.475,0.875,1.89846511978435,1.88455699881263
1.225,1.475,0.9,1.90145172656456,1.88873446479386
1.225,1.475,0.925,1.90424373447352,1.8926512952062
1.225,1.475,0.95,1.90686025107125,1.89632927290389
1.225,1.475,0.975,1.90935140267351,1.89974745276496
1.225,1.475,1,1.91168098947982,1.90296534405166
1.225,1.5,0.6,1.85023916171916,1.81238062592277
1.225,1.5,0.625,1.85635625211898,1.82176211639986
1.225,1.5,0.65,1.86213123852131,1.83043742196398
1.225,1.5,0.675,1.86748519557342,1.83848304893042
1.225,1.5,0.7,1.87246055857464,1.84596317664564
1.225,1.5,0.725,1.87715767952907,1.85292187520953
1.225,1.5,0.75,1.88153379689032,1.85936607106782
1.225,1.5,0.775,1.88561722365672,1.8653496085526
1.225,1.5,0.8,1.88946272144071,1.87092371516699
1.225,1.5,0.825,1.89305302625005,1.87609745975358
1.225,1.5,0.85,1.89642410536126,1.88091497862731
1.225,1.5,0.875,1.8995683682302,1.88542479523776
1.225,1.5,0.9,1.90255953738942,1.88960907868983
1.225,1.5,0.925,1.90534753489504,1.89351888547853
1.225,1.5,0.95,1.90796226143456,1.89719543251271
1.225,1.5,0.975,1.91045734272218,1.90061897940625
1.225,1.5,1,1.9127800580602,1.9038282611428
1.25,0.75,0.6,1.76116760224104,1.74510946279189
1.25,0.75,0.625,1.76704797268004,1.75419813020218
1.25,0.75,0.65,1.77258795456255,1.76272386652936
1.25,0.75,0.675,1.77783112357482,1.77070845431446
1.25,0.75,0.7,1.7827674273036,1.77817391138497
1.25,0.75,0.725,1.78740210805488,1.78518689530711
1.25,0.75,0.75,1.79185329539365,1.79160502818238
1.25,0.75,0.775,1.79590341002908,1.79776869783633
1.25,0.75,0.8,1.7997653271074,1.80346869743478
1.25,0.75,0.825,1.80341439137244,1.80874400794502
1.25,0.75,0.85,1.80684994744433,1.81369208431127
1.25,0.75,0.875,1.81008940086533,1.81832329393638
1.25,0.75,0.9,1.81313360278914,1.82265390554964
1.25,0.75,0.925,1.81600939165908,1.82670581047047
1.25,0.75,0.95,1.81872439925421,1.83050356147791
1.25,0.75,0.975,1.82127465296915,1.83408380027202
1.25,0.75,1,1.82370245762135,1.837414425513
1.25,0.775,0.6,1.7671973269751,1.74917890392412
1.25,0.775,0.625,1.77310372144024,1.75825595232472
1.25,0.775,0.65,1.77872037389812,1.76686528159031
1.25,0.775,0.675,1.78397353047172,1.77487450226044
1.25,0.775,0.7,1.78895644669806,1.78237474208265
1.25,0.775,0.725,1.79360672577788,1.78940081140022
1.25,0.775,0.75,1.79803757239187,1.79592775164921
1.25,0.775,0.775,1.80218878218597,1.80195881802534
1.25,0.775,0.8,1.80601203380975,1.80770938544484
1.25,0.775,0.825,1.80967179671455,1.81298048226113
1.25,0.775,0.85,1.81310057387387,1.81793153410091
1.25,0.775,0.875,1.81633661976741,1.82253907897316
1.25,0.775,0.9,1.81940963786727,1.8268998053248
1.25,0.775,0.925,1.82227639141835,1.83095280466944
1.25,0.775,0.95,1.82501000812298,1.83476104740166
1.25,0.775,0.975,1.82755848846174,1.83834092703311
1.25,0.775,1,1.83000576836542,1.84168729246094
1.25,0.8,0.6,1.7727745966599,1.7531063683978
1.25,0.8,0.625,1.77872088622359,1.76224412755311
1.25,0.8,0.65,1.78436954750901,1.77085241648554
1.25,0.8,0.675,1.78964217487683,1.77888468529437
1.25,0.8,0.7,1.79464801511028,1.78639550475683
1.25,0.8,0.725,1.79930238227785,1.79343381405918
1.25,0.8,0.75,1.80375236257743,1.79995800634026
1.25,0.8,0.775,1.80788379040307,1.80604383216348
1.25,0.8,0.8,1.81167436701662,1.81183123192252
1.25,0.8,0.825,1.81541629143522,1.81704485955541
1.25,0.8,0.85,1.81884857431925,1.82199890167585
1.25,0.8,0.875,1.82209065978819,1.82661957829461
1.25,0.8,0.9,1.82516749886257,1.83096727188414
1.25,0.8,0.925,1.82803461635884,1.83502176247321
1.25,0.8,0.95,1.83077165790532,1.83882485499134
1.25,0.8,0.975,1.8333154347412,1.84240442840281
1.25,0.8,1,1.83576749430522,1.84574289158237
1.25,0.825,0.6,1.77808111158464,1.75665582673375
1.25,0.825,0.625,1.78405435711733,1.76580606173173
1.25,0.825,0.65,1.78972452603335,1.77446647360373
1.25,0.825,0.675,1.79502433687995,1.78251918092143
1.25,0.825,0.7,1.80003989024703,1.79005152165939
1.25,0.825,0.725,1.80471813653333,1.79710409644009
1.25,0.825,0.75,1.80916925182854,1.80365175432426
1.25,0.825,0.775,1.81330538485816,1.80973415573121
1.25,0.825,0.8,1.81718870386624,1.81545053029247
1.25,0.825,0.825,1.82089321466973,1.82069906630727
1.25,0.825,0.85,1.82428878844852,1.82570020710087
1.25,0.825,0.875,1.82753271694431,1.83031259890888
1.25,0.825,0.9,1.83060985427228,1.83467295429822
1.25,0.825,0.925,1.83348212753149,1.83872724401865
1.25,0.825,0.95,1.83621617888834,1.84253477413368
1.25,0.825,0.975,1.83876663987392,1.8461141074381
1.25,0.825,1,1.84121405960404,1.84945871546177
1.25,0.85,0.6,1.78292859372894,1.76012513453032
1.25,0.85,0.625,1.78893170660803,1.76932790498396
1.25,0.85,0.65,1.79462781775025,1.77798103081752
1.25,0.85,0.675,1.79994126324472,1.7860514523212
1.25,0.85,0.7,1.80497464488818,1.79359032187412
1.25,0.85,0.725,1.80965395572784,1.80065153326626
1.25,0.85,0.75,1.8141220308508,1.80719154142986
1.25,0.85,0.775,1.81826726692405,1.81329310530983
1.25,0.85,0.8,1.82214651431312,1.81901413276707
1.25,0.85,0.825,1.82582999940071,1.82430263096913
1.25,0.85,0.85,1.82919753769414,1.82933515151014
1.25,0.85,0.875,1.83250823842071,1.83389600943417
1.25,0.85,0.9,1.83558912455887,1.83824194916183
1.25,0.85,0.925,1.83846085658794,1.8422967736898
1.25,0.85,0.95,1.8411973497917,1.84609875245999
1.25,0.85,0.975,1.84374281416075,1.84967741191284
1.25,0.85,1,1.84619432031197,1.8530134487009
1.25,0.875,0.6,1.78757704835924,1.76330470558588
1.25,0.875,0.625,1.79361138683695,1.77255821546782
1.25,0.875,0.65,1.79928944079722,1.7812150837491
1.25,0.875,0.675,1.80463865880812,1.78930286677171
1.25,0.875,0.7,1.80965796671891,1.79684749490763
1.25,0.875,0.725,1.8143565808032,1.80392392373916
1.25,0.875,0.75,1.81880074104917,1.8104593160102
1.25,0.875,0.775,1.82296798399671,1.81657793815203
1.25,0.875,0.8,1.8268604570713,1.82230642553885
1.25,0.875,0.825,1.83053637474637,1.82760405316711
1.25,0.875,0.85,1.83399503157631,1.83256425663755
1.25,0.875,0.875,1.83730028771123,1.83715063572469
1.25,0.875,0.9,1.84029494463891,1.84155019120513
1.25,0.875,0.925,1.84318165979103,1.84560297346181
1.25,0.875,0.95,1.84590186322185,1.84939984788879
1.25,0.875,0.975,1.84845521998573,1.85297814058305
1.25,0.875,1,1.85088778146222,1.85630691462634
1.25,0.9,0.6,1.7918388551617,1.76627062874125
1.25,0.9,0.625,1.79788351531531,1.77550528876096
1.25,0.9,0.65,1.80360941438773,1.78422171437063
1.25,0.9,0.675,1.80895854056832,1.79232227607398
1.25,0.9,0.7,1.81400608909214,1.79988859972877
1.25,0.9,0.725,1.81871222437555,1.80696901821665
1.25,0.9,0.75,1.82318393763029,1.81353575630192
1.25,0.9,0.775,1.82733813351201,1.81963582644595
1.25,0.9,0.8,1.83123253748545,1.82536476053404
1.25,0.9,0.825,1.83491199140767,1.83065850581123
1.25,0.9,0.85,1.83836067397079,1.83562086953813
1.25,0.9,0.875,1.84160679599852,1.84024097393494
1.25,0.9,0.9,1.84471694866336,1.84456650436569
1.25,0.9,0.925,1.84755422095528,1.84865938733574
1.25,0.9,0.95,1.85028703752703,1.85246243053728
1.25,0.9,0.975,1.85283790543612,1.8560389546046
1.25,0.9,1,1.85528306867937,1.85937960871846
1.25,0.925,0.6,1.79580053172266,1.76916879044896
1.25,0.925,0.625,1.80186468185595,1.77844661641488
1.25,0.925,0.65,1.80761019523936,1.78715005018031
1.25,0.925,0.675,1.8129673182429,1.79526284696995
1.25,0.925,0.7,1.81802740623635,1.80283180504911
1.25,0.925,0.725,1.8227319623282,1.80991757453229
1.25,0.925,0.75,1.82721686668626,1.81647333301991
1.25,0.925,0.775,1.83137617663201,1.82258950002859
1.25,0.925,0.8,1.83526649119783,1.828320238752
1.25,0.925,0.825,1.83895495992315,1.8336176635917
1.25,0.925,0.85,1.84240253415173,1.83858169231432
1.25,0.925,0.875,1.84564891999684,1.84321267058375
1.25,0.925,0.9,1.84873069690825,1.84755503763883
1.25,0.925,0.925,1.85155030048106,1.85166406187993
1.25,0.925,0.95,1.85433162733272,1.85541443010445
1.25,0.925,0.975,1.85687839291745,1.85898927775825
1.25,0.925,1,1.85932702624218,1.86232079190902
1.25,0.95,0.6,1.7995950590032,1.77177638441275
1.25,0.95,0.625,1.805674383953,1.78105407059304
1.25,0.95,0.65,1.8114268358732,1.78979831053369
1.25,0.95,0.675,1.81679888500475,1.79792258424329
1.25,0.95,0.7,1.82186117071191,1.8055051921658
1.25,0.95,0.725,1.82657962925284,1.81259853993691
1.25,0.95,0.75,1.83106023474978,1.81917360862234
1.25,0.95,0.775,1.83522206812584,1.82528152860439
1.25,0.95,0.8,1.83912120705425,1.83101483310308
1.25,0.95,0.825,1.84280414386739,1.83631279784543
1.25,0.95,0.85,1.8462556399133,1.84127695965165
1.25,0.95,0.875,1.84950139303277,1.84590017894851
1.25,0.95,0.9,1.85257907067641,1.85025490972422
1.25,0.95,0.925,1.85545690884609,1.85430674387822
1.25,0.95,0.95,1.85821425189989,1.85808049387413
1.25,0.95,0.975,1.86072848207083,1.86169035006486
1.25,0.95,1,1.86317280751573,1.86502680930259
1.25,0.975,0.6,1.80307567378369,1.77436265949851
1.25,0.975,0.625,1.80916955406199,1.78367880157132
1.25,0.975,0.65,1.81493888570662,1.79240721260258
1.25,0.975,0.675,1.82031638912909,1.80054102167643
1.25,0.975,0.7,1.82538882146275,1.80812443490429
1.25,0.975,0.725,1.83010461638373,1.81522157702952
1.25,0.975,0.75,1.83459682886664,1.82178416514209
1.25,0.975,0.775,1.83876180027678,1.82790686978854
1.25,0.975,0.8,1.84265647441923,1.83364119951157
1.25,0.975,0.825,1.84634694507603,1.83894153061035
1.25,0.975,0.85,1.84979696217891,1.84390657354559
1.25,0.975,0.875,1.8530426617005,1.84853913799545
1.25,0.975,0.9,1.85612231449836,1.85288022673183
1.25,0.975,0.925,1.85899726995496,1.85693284764185
1.25,0.975,0.95,1.86172850231227,1.86072822893517
1.25,0.975,0.975,1.8642326897526,1.86434246533538
1.25,0.975,1,1.86671279910146,1.86763712816309
1.25,1,0.6,1.80643954339693,1.77672898891548
1.25,1,0.625,1.81255311302295,1.78607774116773
1.25,1,0.65,1.81830165449111,1.79480792730279
1.25,1,0.675,1.82370249143166,1.80295173211837
1.25,1,0.7,1.82876049818019,1.81053704214546
1.25,1,0.725,1.83348805915391,1.81764329070221
1.25,1,0.75,1.8379581635869,1.82420239768254
1.25,1,0.775,1.84213830803419,1.8303351206603
1.25,1,0.8,1.84604119636717,1.8360732896798
1.25,1,0.825,1.8497245002756,1.84137916981285
1.25,1,0.85,1.85318589156665,1.84634434494901
1.25,1,0.875,1.85643497641162,1.85098678724006
1.25,1,0.9,1.8594961543571,1.85531928834215
1.25,1,0.925,1.86238001260175,1.85937085265789
1.25,1,0.95,1.86509675682621,1.86316310731359
1.25,1,0.975,1.86764777020924,1.86673443246008
1.25,1,1,1.87012545035729,1.87001059690402
1.25,1.025,0.6,1.80953224317367,1.77894445735746
1.25,1.025,0.625,1.81564974151996,1.78827304281589
1.25,1.025,0.65,1.82143054199423,1.79704852377794
1.25,1.025,0.675,1.82682750203148,1.80519951582609
1.25,1.025,0.7,1.83190419348434,1.81279966633619
1.25,1.025,0.725,1.83663481202335,1.81990693304577
1.25,1.025,0.75,1.84112343922097,1.82649019993921
1.25,1.025,0.775,1.84529237280755,1.83260597220786
1.25,1.025,0.8,1.84919517008015,1.83834297772416
1.25,1.025,0.825,1.85288044704689,1.84364469763109
1.25,1.025,0.85,1.85633413558704,1.84860924800593
1.25,1.025,0.875,1.85957864369638,1.85323426893454
1.25,1.025,0.9,1.86265318175959,1.85758474565951
1.25,1.025,0.925,1.86552926543916,1.86163533474469
1.25,1.025,0.95,1.86825375160884,1.86543315577851
1.25,1.025,0.975,1.87080074081888,1.86900400886621
1.25,1.025,1,1.87324109605527,1.87233596591039
1.25,1.05,0.6,1.81242360234817,1.78113798977226
1.25,1.05,0.625,1.81855041495303,1.7904994476142
1.25,1.05,0.65,1.82434507121693,1.79925650408228
1.25,1.05,0.675,1.82974495887965,1.80741415936579
1.25,1.05,0.7,1.83482925047495,1.81501327433888
1.25,1.05,0.725,1.83955637012752,1.82212280241543
1.25,1.05,0.75,1.84405474046091,1.82869220519942
1.25,1.05,0.775,1.8482248226407,1.83482118140202
1.25,1.05,0.8,1.85212300814375,1.84055853388119
1.25,1.05,0.825,1.85581408523102,1.84586117421953
1.25,1.05,0.85,1.85926586681581,1.85082602783576
1.25,1.05,0.875,1.86250939254065,1.85545932599664
1.25,1.05,0.9,1.86558607187342,1.85979616223347
1.25,1.05,0.925,1.86845998386817,1.86384641688433
1.25,1.05,0.95,1.87118512230115,1.86763897430624
1.25,1.05,0.975,1.87372738041392,1.87120930447637
1.25,1.05,1,1.8761695675788,1.87453313920258
1.25,1.075,0.6,1.81521230981609,1.78310014501539
1.25,1.075,0.625,1.82134895994769,1.79245519540406
1.25,1.075,0.65,1.82714358387839,1.80124663020568
1.25,1.075,0.675,1.83255241478707,1.80941112797466
1.25,1.075,0.7,1.83763581517865,1.81701982647751
1.25,1.075,0.725,1.84237180407536,1.8241335510555
1.25,1.075,0.75,1.84686364820046,1.83072035091285
1.25,1.075,0.775,1.85103537662932,1.83683953420417
1.25,1.075,0.8,1.85493920590869,1.84257763004808
1.25,1.075,0.825,1.85862489301101,1.84788058742629
1.25,1.075,0.85,1.86207885246527,1.85284461719789
1.25,1.075,0.875,1.86532209108629,1.85746980773894
1.25,1.075,0.9,1.86839447531515,1.8618171825594
1.25,1.075,0.925,1.87126945884991,1.86586591386412
1.25,1.075,0.95,1.87399094943948,1.8696610402501
1.25,1.075,0.975,1.87653557621966,1.87322973833386
1.25,1.075,1,1.87897201482303,1.87656005168634
1.25,1.1,0.6,1.81777945378998,1.78507574587095
1.25,1.1,0.625,1.8239228357227,1.7944611539542
1.25,1.1,0.65,1.82973010086217,1.8032327954073
1.25,1.1,0.675,1.83514066463965,1.81140262548414
1.25,1.1,0.7,1.8402305398909,1.81900945279952
1.25,1.1,0.725,1.84496267142167,1.82612475913496
1.25,1.1,0.75,1.84946357900328,1.83269694293375
1.25,1.1,0.775,1.8536354631272,1.8388287029237
1.25,1.1,0.8,1.85753464676273,1.84456688190517
1.25,1.1,0.825,1.86122539378792,1.84987006848897
1.25,1.1,0.85,1.86467725640937,1.85483418540046
1.25,1.1,0.875,1.86791904634207,1.85946723358262
1.25,1.1,0.9,1.87099370643914,1.86380104791969
1.25,1.1,0.925,1.8738664817625,1.86784935418994
1.25,1.1,0.95,1.87658861913319,1.87163926765142
1.25,1.1,0.975,1.87912891440838,1.87520731964475
1.25,1.1,1,1.88156807776835,1.87852858511044
1.25,1.125,0.6,1.82028108423203,1.78687831080797
1.25,1.125,0.625,1.82643804594152,1.79628513356131
1.25,1.125,0.65,1.8322247305402,1.80505859671194
1.25,1.125,0.675,1.83765186479342,1.81323441807736
1.25,1.125,0.7,1.84272835977298,1.82084157291756
1.25,1.125,0.725,1.84746847941486,1.82796257411075
1.25,1.125,0.75,1.85194958914166,1.83453282695837
1.25,1.125,0.775,1.85613278338321,1.84067037866673
1.25,1.125,0.8,1.86003760990085,1.84641057552137
1.25,1.125,0.825,1.86372147386711,1.85171785544344
1.25,1.125,0.85,1.86718164138169,1.85668138726025
1.25,1.125,0.875,1.87042610414077,1.861321027654
1.25,1.125,0.9,1.87348473070487,1.86564866894562
1.25,1.125,0.925,1.8763641659668,1.8696955621293
1.25,1.125,0.95,1.87907513847584,1.87348224050058
1.25,1.125,0.975,1.88161883581765,1.87704910219469
1.25,1.125,1,1.88404441706947,1.88036718184384
1.25,1.15,0.6,1.82258487490087,1.78857111294607
1.25,1.15,0.625,1.82874310255424,1.79795853547337
1.25,1.15,0.65,1.83455285328321,1.80676823858012
1.25,1.15,0.675,1.83997479389646,1.8149483558583
1.25,1.15,0.7,1.84506460470624,1.82256634809932
1.25,1.15,0.725,1.84980564543894,1.82968707873648
1.25,1.15,0.75,1.85430000776089,1.83627702818254
1.25,1.15,0.775,1.85847395245345,1.84239949238486
1.25,1.15,0.8,1.86237780914747,1.84813801752998
1.25,1.15,0.825,1.86606291272134,1.85344171735961
1.25,1.15,0.85,1.8695163169182,1.85840419403804
1.25,1.15,0.875,1.87275690100917,1.86302903813106
1.25,1.15,0.9,1.87582566810832,1.86737145213207
1.25,1.15,0.925,1.87869863786549,1.87141706560538
1.25,1.15,0.95,1.88141556221038,1.87520788365698
1.25,1.15,0.975,1.88395686746511,1.87877293457934
1.25,1.15,1,1.88638906956887,1.88209915519331
1.25,1.175,0.6,1.82475019465881,1.79027027314221
1.25,1.175,0.625,1.83091231851413,1.79968426425654
1.25,1.175,0.65,1.83673307019002,1.80847296552912
1.25,1.175,0.675,1.84215554130527,1.81665672001658
1.25,1.175,0.7,1.84725047952871,1.82427186119969
1.25,1.175,0.725,1.85198749307549,1.83139337260859
1.25,1.175,0.75,1.85648989431836,1.83796815342004
1.25,1.175,0.775,1.86066299980603,1.84410215909285
1.25,1.175,0.8,1.86456237343952,1.84984049694152
1.25,1.175,0.825,1.86825158613009,1.85514360121902
1.25,1.175,0.85,1.87170278831675,1.86010594371362
1.25,1.175,0.875,1.87494150072441,1.86473798399131
1.25,1.175,0.9,1.87801258669275,1.86906725243631
1.25,1.175,0.925,1.8808833741098,1.87311239474256
1.25,1.175,0.95,1.88360087352105,1.8768982219186
1.25,1.175,0.975,1.8861382455986,1.88046271754564
1.25,1.175,1,1.88857315317482,1.88377995714422
1.25,1.2,0.6,1.82685287812947,1.79177902379104
1.25,1.2,0.625,1.83302217171916,1.80118336998446
1.25,1.2,0.65,1.83883943792744,1.81000234607129
1.25,1.2,0.675,1.84426767707988,1.81819034504644
1.25,1.2,0.7,1.84936045267988,1.82581276315424
1.25,1.2,0.725,1.85410358239586,1.8329365994169
1.25,1.2,0.75,1.85859871075421,1.83952762784425
1.25,1.2,0.775,1.86277327847824,1.84565133248415
1.25,1.2,0.8,1.8666765921466,1.85138948812109
1.25,1.2,0.825,1.87036088866603,1.8566930505567
1.25,1.2,0.85,1.87381342493873,1.86165420693343
1.25,1.2,0.875,1.87705219065378,1.86627834423418
1.25,1.2,0.9,1.88011861273378,1.87061760576377
1.25,1.2,0.925,1.8829900199568,1.87466112275261
1.25,1.2,0.95,1.88570423470206,1.8784491985802
1.25,1.2,0.975,1.88824339085967,1.88201184949626
1.25,1.2,1,1.89067306071652,1.88533540464821
1.25,1.225,0.6,1.8287940273673,1.7933220384445
1.25,1.225,0.625,1.83496579124537,1.80275129998796
1.25,1.225,0.65,1.84079338442627,1.81154879985682
1.25,1.225,0.675,1.84622158521172,1.81973971455685
1.25,1.225,0.7,1.85131886704025,1.82735891507052
1.25,1.225,0.725,1.85605793816046,1.8344832124355
1.25,1.225,0.75,1.86056071555782,1.84105884407488
1.25,1.225,0.775,1.86473392320119,1.84719366051543
1.25,1.225,0.8,1.8686328804563,1.85293154197137
1.25,1.225,0.825,1.8723208588679,1.85823413508288
1.25,1.225,0.85,1.87577116750486,1.86319508410056
1.25,1.225,0.875,1.87900784979131,1.86782612785683
1.25,1.225,0.9,1.88207669716322,1.87215248340301
1.25,1.225,0.925,1.88494595528259,1.87619553583687
1.25,1.225,0.95,1.88766073576379,1.87997877670562
1.25,1.225,0.975,1.89019617462687,1.88354095618104
1.25,1.225,1,1.89262857658859,1.88685561199499
1.25,1.25,0.6,1.83070114879731,1.79472359774078
1.25,1.25,0.625,1.8368829799964,1.80416717942849
1.25,1.25,0.65,1.84269116266525,1.81296710823042
1.25,1.25,0.675,1.84813198097577,1.82116174617564
1.25,1.25,0.7,1.85321719604458,1.82878070707723
1.25,1.25,0.725,1.85796221429651,1.83590869032152
1.25,1.25,0.75,1.86244735521957,1.84248373739471
1.25,1.25,0.775,1.86662949887495,1.84862174123213
1.25,1.25,0.8,1.87053272846394,1.85436061830355
1.25,1.25,0.825,1.87421429578724,1.8596664535998
1.25,1.25,0.85,1.87767111483281,1.86462650880477
1.25,1.25,0.875,1.88091011375093,1.86926200161721
1.25,1.25,0.9,1.8839648769504,1.87358409314918
1.25,1.25,0.925,1.88683939695053,1.87762571250466
1.25,1.25,0.95,1.88954486692267,1.88140639798648
1.25,1.25,0.975,1.89208296164355,1.88496728601611
1.25,1.25,1,1.89450370971656,1.88827996127314
1.25,1.275,0.6,1.83246057453427,1.79604279877397
1.25,1.275,0.625,1.8386427835037,1.80546878630143
1.25,1.275,0.65,1.8444679868438,1.81429764642186
1.25,1.275,0.675,1.8499032170441,1.82249485000622
1.25,1.275,0.7,1.85499851879828,1.83012179105256
1.25,1.275,0.725,1.85974317416283,1.8372490772741
1.25,1.275,0.75,1.86423821211106,1.84384003424986
1.25,1.275,0.775,1.86841300651482,1.84996490517282
1.25,1.275,0.8,1.87231472344908,1.85570217170442
1.25,1.275,0.825,1.87599742012455,1.86100481283042
1.25,1.275,0.85,1.87944825349934,1.86596374215487
1.25,1.275,0.875,1.88268423747776,1.87058680702054
1.25,1.275,0.9,1.88574686369755,1.87492100519727
1.25,1.275,0.925,1.88861580304145,1.87896141191985
1.25,1.275,0.95,1.89132599918916,1.88274533594581
1.25,1.275,0.975,1.89386186180448,1.88630468145059
1.25,1.275,1,1.89628779640502,1.88962407392281
1.25,1.3,0.6,1.83411431354047,1.7973874954716
1.25,1.3,0.625,1.84029663649273,1.80683579589422
1.25,1.3,0.65,1.84613338917722,1.81564230570418
1.25,1.3,0.675,1.85156748107062,1.82384191345617
1.25,1.3,0.7,1.85666734599309,1.83146484869834
1.25,1.3,0.725,1.86140787029818,1.83859266000507
1.25,1.3,0.75,1.86591147883704,1.84516751181501
1.25,1.3,0.775,1.87008366672535,1.85130277535762
1.25,1.3,0.8,1.87398113945228,1.85704005941343
1.25,1.3,0.825,1.87766747516657,1.86234069424198
1.25,1.3,0.85,1.88111577794315,1.86729958984065
1.25,1.3,0.875,1.88434902399881,1.87192896437342
1.25,1.3,0.9,1.8874154265212,1.87625047952474
1.25,1.3,0.925,1.89028201711211,1.8802906542979
1.25,1.3,0.95,1.89299324434118,1.8840698074812
1.25,1.3,0.975,1.89552560263785,1.88762907444704
1.25,1.3,1,1.89795513601219,1.8909394771039
1.25,1.325,0.6,1.83575436497479,1.79860564695065
1.25,1.325,0.625,1.84194617080272,1.80806634993561
1.25,1.325,0.65,1.84776235761335,1.81686722572302
1.25,1.325,0.675,1.85320743294342,1.82507003520415
1.25,1.325,0.7,1.85829623338102,1.83269920443923
1.25,1.325,0.725,1.86304074682835,1.83982406073675
1.25,1.325,0.75,1.86752783650083,1.84640376328352
1.25,1.325,0.775,1.87170835318015,1.85253712650018
1.25,1.325,0.8,1.8756089164145,1.85827535930821
1.25,1.325,0.825,1.8792897666168,1.8635833262628
1.25,1.325,0.85,1.88274376101683,1.86854116063285
1.25,1.325,0.875,1.8859796935579,1.87317448431545
1.25,1.325,0.9,1.88903196374361,1.87748885377262
1.25,1.325,0.925,1.89190321236093,1.88152783060339
1.25,1.325,0.95,1.89460601243776,1.88530501633637
1.25,1.325,0.975,1.89714025233915,1.88886323675877
1.25,1.325,1,1.8995589316322,1.89217462189058
1.25,1.35,0.6,1.83727716643862,1.79976894224529
1.25,1.35,0.625,1.84347039832592,1.8092294210176
1.25,1.35,0.65,1.84928929226211,1.8180481134441
1.25,1.35,0.675,1.85473680033548,1.82625209128081
1.25,1.35,0.7,1.8598246850288,1.83387685966632
1.25,1.35,0.725,1.8645719109952,1.84100662151289
1.25,1.35,0.75,1.86905748602233,1.84758691618
1.25,1.35,0.775,1.87323688019281,1.85372183212182
1.25,1.35,0.8,1.87713873470262,1.85945780801814
1.25,1.35,0.825,1.88081683474046,1.86476314127159
1.25,1.35,0.85,1.88427104957634,1.86971980880059
1.25,1.35,0.875,1.88750516798916,1.87435091610917
1.25,1.35,0.9,1.89055674036498,1.87867045386539
1.25,1.35,0.925,1.89342792625694,1.88270781148615
1.25,1.35,0.95,1.89612889019505,1.88648418585801
1.25,1.35,0.975,1.89866363031254,1.89003994469417
1.25,1.35,1,1.90108056945401,1.89335043920001
1.25,1.375,0.6,1.8387015333452,1.80087637777001
1.25,1.375,0.625,1.84489452286332,1.81032042161008
1.25,1.375,0.65,1.8507299002848,1.81916635404271
1.25,1.375,0.675,1.85616995672849,1.82737042444898
1.25,1.375,0.7,1.86126733026229,1.8350025445074
1.25,1.375,0.725,1.86601314680471,1.84213119411995
1.25,1.375,0.75,1.87050808948472,1.8487253661322
1.25,1.375,0.775,1.87468086881235,1.85484885711493
1.25,1.375,0.8,1.87858072375384,1.86058303368547
1.25,1.375,0.825,1.8822610402497,1.86588633346501
1.25,1.375,0.85,1.88570875498351,1.87084083550255
1.25,1.375,0.875,1.88893992678529,1.87546065347092
1.25,1.375,0.9,1.89199941573933,1.8797912908513
1.25,1.375,0.925,1.89486531978841,1.88382743327312
1.25,1.375,0.95,1.89757084602178,1.88760717171601
1.25,1.375,0.975,1.90010345089662,1.89116132354183
1.25,1.375,1,1.90252563368991,1.8944778786578
1.25,1.4,0.6,1.84010672021855,1.80198409007637
1.25,1.4,0.625,1.84630424411878,1.81145199575958
1.25,1.4,0.65,1.85212905668091,1.82027316785607
1.25,1.4,0.675,1.85757669385757,1.82848159246641
1.25,1.4,0.7,1.86266701564114,1.83610674928909
1.25,1.4,0.725,1.86741161488511,1.84323904515423
1.25,1.4,0.75,1.87189946639372,1.84981677215379
1.25,1.4,0.775,1.87607780139472,1.85595036947433
1.25,1.4,0.8,1.87997600926777,1.86168698303894
1.25,1.4,0.825,1.8836549711056,1.86698841209303
1.25,1.4,0.85,1.88710616462207,1.87194432623156
1.25,1.4,0.875,1.89033850443837,1.87657245713478
1.25,1.4,0.9,1.89338949909706,1.88088952976195
1.25,1.4,0.925,1.89625758399404,1.88492576223641
1.25,1.4,0.95,1.89895779336161,1.88869948960003
1.25,1.4,0.975,1.90148880075932,1.89225484956658
1.25,1.4,1,1.90390544450344,1.8955622588356
1.25,1.425,0.6,1.84142439934509,1.80301290593217
1.25,1.425,0.625,1.84762475909972,1.8124860824446
1.25,1.425,0.65,1.85344868315297,1.82130965479079
1.25,1.425,0.675,1.85889865127029,1.82951848318314
1.25,1.425,0.7,1.86398803509196,1.83714546047015
1.25,1.425,0.725,1.86873466053196,1.84427634539268
1.25,1.425,0.75,1.87322000099917,1.85085467152977
1.25,1.425,0.775,1.87739800663118,1.85698917727329
1.25,1.425,0.8,1.88129740273404,1.86272362919908
1.25,1.425,0.825,1.88497385028909,1.86802624412704
1.25,1.425,0.85,1.88842541318827,1.8729804839818
1.25,1.425,0.875,1.8916568931283,1.87760933656707
1.25,1.425,0.9,1.89470587729227,1.8819248644453
1.25,1.425,0.925,1.89757412494036,1.88595939273349
1.25,1.425,0.95,1.90027246894173,1.88973262750375
1.25,1.425,0.975,1.90280401763703,1.89328571684969
1.25,1.425,1,1.90521850029051,1.89659246715466
1.25,1.45,0.6,1.84266379520382,1.80397740042215
1.25,1.45,0.625,1.84886381774391,1.81343503949114
1.25,1.45,0.65,1.85470085025616,1.8222816877189
1.25,1.45,0.675,1.86014482323192,1.83049201552929
1.25,1.45,0.7,1.86524220494673,1.83812502856261
1.25,1.45,0.725,1.86998747256329,1.84525483860926
1.25,1.45,0.75,1.87448067239489,1.85184611344635
1.25,1.45,0.775,1.87865286921267,1.8579697374935
1.25,1.45,0.8,1.88255042758673,1.86370254205592
1.25,1.45,0.825,1.88622822064048,1.86900267795844
1.25,1.45,0.85,1.88967451133939,1.87395584465562
1.25,1.45,0.875,1.89290348727583,1.87857450063057
1.25,1.45,0.9,1.89595920332807,1.88290004878262
1.25,1.45,0.925,1.89882269700108,1.88693347249458
1.25,1.45,0.95,1.90152495707783,1.8907094498871
1.25,1.45,0.975,1.90405458337309,1.89426108580477
1.25,1.45,1,1.90647350672788,1.8975735119961
1.25,1.475,0.6,1.84385007816311,1.80496993062971
1.25,1.475,0.625,1.8500493179185,1.81444700261507
1.25,1.475,0.65,1.85589322097557,1.82327087573682
1.25,1.475,0.675,1.86133623298684,1.83148177773941
1.25,1.475,0.7,1.8664359335973,1.83911055703388
1.25,1.475,0.725,1.8711783340452,1.8462411760249
1.25,1.475,0.75,1.87567623649162,1.85281544851798
1.25,1.475,0.775,1.8798464218437,1.85894881332906
1.25,1.475,0.8,1.88374102721817,1.86468218334209
1.25,1.475,0.825,1.88742044949775,1.86997938417715
1.25,1.475,0.85,1.89086486462081,1.87493224434505
1.25,1.475,0.875,1.89409183280073,1.87955698236123
1.25,1.475,0.9,1.89714943474059,1.88387063451827
1.25,1.475,0.925,1.90001120253835,1.88790375342977
1.25,1.475,0.95,1.90271386529704,1.89167557291127
1.25,1.475,0.975,1.90524103039614,1.89522772659959
1.25,1.475,1,1.90766171359463,1.89853119769332
1.25,1.5,0.6,1.84502926848429,1.80586388478425
1.25,1.5,0.625,1.85123472207271,1.81534715585776
1.25,1.5,0.65,1.85706261489206,1.8241740159465
1.25,1.5,0.675,1.86251393568305,1.83238643110685
1.25,1.5,0.7,1.86760413053514,1.84001454796729
1.25,1.5,0.725,1.87234972071056,1.84714586409347
1.25,1.5,0.75,1.87683463293915,1.85372198328518
1.25,1.5,0.775,1.88101086548596,1.85985578541787
1.25,1.5,0.8,1.88490777293465,1.86558854440589
1.25,1.5,0.825,1.88858253237826,1.87088857033027
1.25,1.5,0.85,1.89203144662804,1.8758404767827
1.25,1.5,0.875,1.89526027799484,1.88046718452508
1.25,1.5,0.9,1.89830701962614,1.88477888312294
1.25,1.5,0.925,1.90117245706238,1.88881080023777
1.25,1.5,0.95,1.90386841977351,1.89258100238404
1.25,1.5,0.975,1.90639702880959,1.89613159776049
1.25,1.5,1,1.90880937403892,1.89943490961664
1.275,0.75,0.6,1.75384310581608,1.73740378537442
1.275,0.75,0.625,1.75969302319435,1.74647199223667
1.275,0.75,0.65,1.76524574300946,1.75510439826805
1.275,0.75,0.675,1.77055898314388,1.76318682445054
1.275,0.75,0.7,1.77547643576071,1.77070464551942
1.275,0.75,0.725,1.78017154430176,1.77776364753409
1.275,0.75,0.75,1.78466789579842,1.78440679384627
1.275,0.75,0.775,1.78878446399035,1.79065006354432
1.275,0.75,0.8,1.79274586225887,1.79645652871503
1.275,0.75,0.825,1.79643759794098,1.80190110470529
1.275,0.75,0.85,1.79996664242115,1.8069724348504
1.275,0.75,0.875,1.80325323316697,1.81169497833554
1.275,0.75,0.9,1.80634671267718,1.81615618475188
1.275,0.75,0.925,1.8092868413734,1.82029004258775
1.275,0.75,0.95,1.81204680700457,1.82419233058206
1.275,0.75,0.975,1.81466579818522,1.82783441131816
1.275,0.75,1,1.81716373688958,1.83130545490327
1.275,0.775,0.6,1.75994310824071,1.74161182085307
1.275,0.775,0.625,1.76584746283671,1.75075259827341
1.275,0.775,0.65,1.77142468192679,1.75941960377973
1.275,0.775,0.675,1.77678145349803,1.76751365039251
1.275,0.775,0.7,1.78172696842825,1.77508320038012
1.275,0.775,0.725,1.78644748614294,1.7821807924161
1.275,0.775,0.75,1.7909281355491,1.78885075834995
1.275,0.775,0.775,1.79516553092618,1.79499706019412
1.275,0.775,0.8,1.79906758754748,1.80088037734885
1.275,0.775,0.825,1.80276042785698,1.80632998715073
1.275,0.775,0.85,1.80630437616678,1.81139520091328
1.275,0.775,0.875,1.80960138442177,1.8161321807151
1.275,0.775,0.9,1.81269211337731,1.82059583326223
1.275,0.775,0.925,1.81564510002624,1.82473613798599
1.275,0.775,0.95,1.81840633343413,1.82864071618207
1.275,0.775,0.975,1.82102999187301,1.83229344292587
1.275,0.775,1,1.82353004846391,1.83575270996199
1.275,0.8,0.6,1.765747692246,1.7454801028032
1.275,0.8,0.625,1.77168996462558,1.75464127058243
1.275,0.8,0.65,1.77731613324191,1.76334668758067
1.275,0.8,0.675,1.78268986716264,1.7714854897094
1.275,0.8,0.7,1.78766143948673,1.7790545343524
1.275,0.8,0.725,1.79239537588333,1.78615464296559
1.275,0.8,0.75,1.79688773258734,1.79285876993481
1.275,0.8,0.775,1.80108011311357,1.79907868244189
1.275,0.8,0.8,1.80509451644306,1.80486734102411
1.275,0.8,0.825,1.80875918470384,1.81037046442263
1.275,0.8,0.85,1.81230392201427,1.81544898394647
1.275,0.8,0.875,1.81560352731949,1.82018033958614
1.275,0.8,0.9,1.81870673006362,1.82464690955045
1.275,0.8,0.925,1.8216545164287,1.82878657987685
1.275,0.8,0.95,1.82442220551347,1.83269151611525
1.275,0.8,0.975,1.82704476681897,1.83633766707224
1.275,0.8,1,1.82954476258002,1.83980679781512
1.275,0.825,0.6,1.77105346634064,1.74919256582586
1.275,0.825,0.625,1.77703696143581,1.75841644876111
1.275,0.825,0.65,1.78267954915108,1.76714847080091
1.275,0.825,0.675,1.78808851065385,1.77529140236165
1.275,0.825,0.7,1.79307979794427,1.78290558656722
1.275,0.825,0.725,1.79783250040075,1.79003816649883
1.275,0.825,0.75,1.80233937723583,1.79673108650709
1.275,0.825,0.775,1.80653761577008,1.80296147829993
1.275,0.825,0.8,1.81052916611767,1.80878420685503
1.275,0.825,0.825,1.81416304032889,1.81431995012509
1.275,0.825,0.85,1.81778258355252,1.81932732899871
1.275,0.825,0.875,1.82109043675425,1.82406997294621
1.275,0.825,0.9,1.8241899004618,1.82853756873614
1.275,0.825,0.925,1.82714769348903,1.83268172134066
1.275,0.825,0.95,1.82991530247098,1.83658788974885
1.275,0.825,0.975,1.83254041199941,1.84024337961636
1.275,0.825,1,1.83504188554039,1.84370038778162
1.275,0.85,0.6,1.77608020335375,1.752601617871
1.275,0.85,0.625,1.78212548468744,1.76187913593958
1.275,0.85,0.65,1.78780562827668,1.77064997157712
1.275,0.85,0.675,1.79319465144138,1.77879751250881
1.275,0.85,0.7,1.79825230445112,1.78645364726106
1.275,0.85,0.725,1.80302412008453,1.7936217805178
1.275,0.85,0.75,1.80750866288612,1.80030679453338
1.275,0.85,0.775,1.81173454865527,1.80654565446409
1.275,0.85,0.8,1.81570708500802,1.81236891038181
1.275,0.85,0.825,1.81943208874435,1.81783702723049
1.275,0.85,0.85,1.82302588263821,1.82283805671311
1.275,0.85,0.875,1.82627489669042,1.82767037542535
1.275,0.85,0.9,1.82938807548022,1.83213958182823
1.275,0.85,0.925,1.83233851123165,1.83628977633587
1.275,0.85,0.95,1.83512175123321,1.84019579826432
1.275,0.85,0.975,1.83775042254558,1.84386459267816
1.275,0.85,1,1.84023218113302,1.84730922246563
1.275,0.875,0.6,1.78079680786713,1.75586267784211
1.275,0.875,0.625,1.78683942647717,1.76513005334328
1.275,0.875,0.65,1.79254333690268,1.77391793813837
1.275,0.875,0.675,1.79797956058343,1.78211887263761
1.275,0.875,0.7,1.80300914082652,1.78974464975584
1.275,0.875,0.725,1.80778255583857,1.79688922835428
1.275,0.875,0.75,1.81230464950885,1.80361890636532
1.275,0.875,0.775,1.81652501447644,1.80986363049945
1.275,0.875,0.8,1.82051983865696,1.81570309179421
1.275,0.875,0.825,1.82424575690024,1.8211739456984
1.275,0.875,0.85,1.82780192450909,1.82625970844078
1.275,0.875,0.875,1.83114229130777,1.83096929183319
1.275,0.875,0.9,1.83421282248962,1.83547987366287
1.275,0.875,0.925,1.83716750834915,1.83962278696487
1.275,0.875,0.95,1.83994189106434,1.84352804818431
1.275,0.875,0.975,1.84256550715589,1.84717731918537
1.275,0.875,1,1.84506452422309,1.85064157637965
1.275,0.9,0.6,1.78513327773738,1.75896011817105
1.275,0.9,0.625,1.79120335179815,1.76827833570946
1.275,0.9,0.65,1.79691588349238,1.77708406442705
1.275,0.9,0.675,1.80237846496898,1.78528097712175
1.275,0.9,0.7,1.80741916194294,1.79294437698316
1.275,0.9,0.725,1.8122039492568,1.80011516268839
1.275,0.9,0.75,1.81673689756417,1.80682979458176
1.275,0.9,0.775,1.82096034721345,1.81308041153296
1.275,0.9,0.8,1.82496267026334,1.81891752483071
1.275,0.9,0.825,1.82868431509747,1.82439082261566
1.275,0.9,0.85,1.83224795226931,1.82946765589139
1.275,0.9,0.875,1.83556131173738,1.8342184220262
1.275,0.9,0.9,1.83861247353217,1.83874390211754
1.275,0.9,0.925,1.84162014024492,1.84284318309484
1.275,0.9,0.95,1.84439418217707,1.84674788034298
1.275,0.9,0.975,1.8470185582575,1.85040483580864
1.275,0.9,1,1.84951867854219,1.85385689559426
1.275,0.925,0.6,1.78927683698836,1.76180677794925
1.275,0.925,0.625,1.79536798044365,1.77112791056297
1.275,0.925,0.65,1.80110889225178,1.77995656825971
1.275,0.925,0.675,1.80657443508391,1.78818778229274
1.275,0.925,0.7,1.81163079279029,1.79584135040053
1.275,0.925,0.725,1.81642213821197,1.8030070095199
1.275,0.925,0.75,1.8209573889632,1.80974780157328
1.275,0.925,0.775,1.82519025904264,1.81600307872781
1.275,0.925,0.8,1.82919141848717,1.82184890631313
1.275,0.925,0.825,1.83292306419661,1.82732527372831
1.275,0.925,0.85,1.83648130132908,1.83241526865576
1.275,0.925,0.875,1.83979397769752,1.83715932801919
1.275,0.925,0.9,1.84290805302554,1.84162915848219
1.275,0.925,0.925,1.84589346353482,1.84574393483329
1.275,0.925,0.95,1.84863007853753,1.84968786576483
1.275,0.925,0.975,1.85125455953446,1.85333614460101
1.275,0.925,1,1.85375218017351,1.85679656344535
1.275,0.95,0.6,1.79308449592736,1.76456401716945
1.275,0.95,0.625,1.79919659278805,1.77393124559084
1.275,0.95,0.65,1.80494271424678,1.78277408184487
1.275,0.95,0.675,1.81043093113775,1.79099765778604
1.275,0.95,0.7,1.81549435500167,1.79868579076757
1.275,0.95,0.725,1.82029368307501,1.80587512329653
1.275,0.95,0.75,1.82483835856808,1.81259931552659
1.275,0.95,0.775,1.82907273200979,1.81885898594994
1.275,0.95,0.8,1.83307992157869,1.82470151469551
1.275,0.95,0.825,1.83680700664537,1.83017923095937
1.275,0.95,0.85,1.8403729767394,1.83525800738397
1.275,0.95,0.875,1.84368732470666,1.84001230359366
1.275,0.95,0.9,1.84679526389511,1.84448323242914
1.275,0.95,0.925,1.84975620094969,1.84862966485267
1.275,0.95,0.95,1.85247569024618,1.85258905367914
1.275,0.95,0.975,1.85514633712003,1.85619817114992
1.275,0.95,1,1.85764571702466,1.85964580304423
1.275,0.975,0.6,1.79671106206376,1.76709933451183
1.275,0.975,0.625,1.80286360230043,1.77649923388753
1.275,0.975,0.65,1.80863230460204,1.78536674611233
1.275,0.975,0.675,1.81409853789018,1.79359268498212
1.275,0.975,0.7,1.81920854311704,1.80130708143605
1.275,0.975,0.725,1.82401955574919,1.80851909854408
1.275,0.975,0.75,1.82854200109905,1.81523666194884
1.275,0.975,0.775,1.83279422086529,1.82150036144713
1.275,0.975,0.8,1.83678516610682,1.82734075991242
1.275,0.975,0.825,1.84052154041358,1.83282259465262
1.275,0.975,0.85,1.84406615058306,1.8378956129033
1.275,0.975,0.875,1.8473922332219,1.84265802124577
1.275,0.975,0.9,1.85050708708928,1.84713045644753
1.275,0.975,0.925,1.85345961462076,1.85128224550847
1.275,0.975,0.95,1.85624525603847,1.85518472303214
1.275,0.975,0.975,1.85891969072885,1.85880128565042
1.275,0.975,1,1.86134339452985,1.86229840690727
1.275,1,0.6,1.80012763269393,1.76953546004764
1.275,1,0.625,1.8062733801169,1.77892042810983
1.275,1,0.65,1.81205464233902,1.78779699251945
1.275,1,0.675,1.81755144874665,1.79606273662833
1.275,1,0.7,1.82263728135104,1.8037485223827
1.275,1,0.725,1.82744672749699,1.81093840600381
1.275,1,0.75,1.83199448412206,1.81769010249094
1.275,1,0.775,1.83623998984499,1.82395618008585
1.275,1,0.8,1.84024580048409,1.82980752380022
1.275,1,0.825,1.84398235538986,1.8352884804955
1.275,1,0.85,1.84754250132725,1.84037997628958
1.275,1,0.875,1.85085728940637,1.84512673978354
1.275,1,0.9,1.8539703741984,1.84959762283383
1.275,1,0.925,1.85692391303928,1.8537445136977
1.275,1,0.95,1.85970009074444,1.85764728210768
1.275,1,0.975,1.86232079990487,1.86129670823237
1.275,1,1,1.86484226693635,1.86472375227242
1.275,1.025,0.6,1.80329678394834,1.77183106011206
1.275,1.025,0.625,1.80947741462031,1.78126534500184
1.275,1.025,0.65,1.81526871982801,1.79015930016822
1.275,1.025,0.675,1.82075409092557,1.79840622059944
1.275,1.025,0.7,1.82587683891416,1.80613596016949
1.275,1.025,0.725,1.83069682676963,1.81335913696577
1.275,1.025,0.75,1.83522764014824,1.82008431684905
1.275,1.025,0.775,1.83948540481135,1.82635352749066
1.275,1.025,0.8,1.8434797982836,1.83219726367631
1.275,1.025,0.825,1.84721825484625,1.837680928782
1.275,1.025,0.85,1.85076482131195,1.84275518841062
1.275,1.025,0.875,1.85409046633011,1.84751741539276
1.275,1.025,0.9,1.85720468524586,1.85198916667456
1.275,1.025,0.925,1.86015604412731,1.85614065146261
1.275,1.025,0.95,1.86293899753669,1.86004310618395
1.275,1.025,0.975,1.86556151692055,1.86370765270436
1.275,1.025,1,1.8680432155802,1.86714284505325
1.275,1.05,0.6,1.80632210349974,1.77401262712644
1.275,1.05,0.625,1.81249513032308,1.78343098593772
1.275,1.05,0.65,1.81829621862206,1.79233195975474
1.275,1.05,0.675,1.82380815036006,1.80061501333977
1.275,1.05,0.7,1.82890791950394,1.80831708266215
1.275,1.05,0.725,1.83372572120593,1.81551875982041
1.275,1.05,0.75,1.83827892140027,1.82227516848077
1.275,1.05,0.775,1.84252974215298,1.82854606436469
1.275,1.05,0.8,1.84653717965823,1.83439939007822
1.275,1.05,0.825,1.85027527449291,1.83988178791521
1.275,1.05,0.85,1.85383561073057,1.8449730713072
1.275,1.05,0.875,1.85715074088459,1.8497203910087
1.275,1.05,0.9,1.8602631158192,1.85419030122557
1.275,1.05,0.925,1.86321554033828,1.8583369534793
1.275,1.05,0.95,1.86599072240045,1.86223832681014
1.275,1.05,0.975,1.86860854904425,1.86588795825979
1.275,1.05,1,1.87110002503591,1.86933872074677
1.275,1.075,0.6,1.8091261765116,1.7761101927222
1.275,1.075,0.625,1.81530962880782,1.78556459551975
1.275,1.075,0.65,1.82111120506443,1.79447307902491
1.275,1.075,0.675,1.82663946492866,1.80274264645303
1.275,1.075,0.7,1.83174016771492,1.81047290580519
1.275,1.075,0.725,1.83656070693498,1.81769317799759
1.275,1.075,0.75,1.84112105310306,1.8244311850263
1.275,1.075,0.775,1.84537120025061,1.83070407285965
1.275,1.075,0.8,1.84938233416587,1.83655284591747
1.275,1.075,0.825,1.8531156185723,1.84203540095092
1.275,1.075,0.85,1.8566821199795,1.84711412101091
1.275,1.075,0.875,1.85999686417073,1.85186997957805
1.275,1.075,0.9,1.86310444605288,1.85633945329999
1.275,1.075,0.925,1.86606057656761,1.86048594028007
1.275,1.075,0.95,1.86883356839725,1.86438703250812
1.275,1.075,0.975,1.8714498480702,1.86804287461135
1.275,1.075,1,1.87394234044202,1.87148235637418
1.275,1.1,0.6,1.81181186472047,1.77803931140004
1.275,1.1,0.625,1.81802383125419,1.78751411785801
1.275,1.1,0.65,1.82384031359843,1.79643923172474
1.275,1.1,0.675,1.82934745227623,1.80471098579761
1.275,1.1,0.7,1.83448310861285,1.81245801211889
1.275,1.1,0.725,1.83931169126897,1.81969324399508
1.275,1.1,0.75,1.843851482314,1.82642656422672
1.275,1.1,0.775,1.84811418646558,1.83270135242348
1.275,1.1,0.8,1.8521112922291,1.83854773444586
1.275,1.1,0.825,1.85585079070967,1.84403241255956
1.275,1.1,0.85,1.85939880984774,1.84910729227361
1.275,1.1,0.875,1.86272235392297,1.85386796710805
1.275,1.1,0.9,1.86583474614399,1.85833767138132
1.275,1.1,0.925,1.86878404586806,1.86248756209698
1.275,1.1,0.95,1.87156435183851,1.86638740930641
1.275,1.1,0.975,1.87418251267613,1.87004936754547
1.275,1.1,1,1.87666034118111,1.87348223109356
1.275,1.125,0.6,1.81432281490981,1.77992743030731
1.275,1.125,0.625,1.82052555483258,1.7894073104072
1.275,1.125,0.65,1.82634175296615,1.79833433830778
1.275,1.125,0.675,1.83188024110207,1.80661646878977
1.275,1.125,0.7,1.8369902760566,1.81435844049147
1.275,1.125,0.725,1.84181566494388,1.82158690372095
1.275,1.125,0.75,1.84637927950579,1.82832777411988
1.275,1.125,0.775,1.85063266816723,1.83460357506975
1.275,1.125,0.8,1.85464388416433,1.84045315399776
1.275,1.125,0.825,1.85837781289964,1.84593611017595
1.275,1.125,0.85,1.86194348271511,1.85101377157594
1.275,1.125,0.875,1.86525737968505,1.8557692680027
1.275,1.125,0.9,1.86836399388563,1.86023731416021
1.275,1.125,0.925,1.87131828048158,1.86438267319457
1.275,1.125,0.95,1.87409014381049,1.86828184501403
1.275,1.125,0.975,1.87670395198667,1.87193652407309
1.275,1.125,1,1.87919379637439,1.87537275783163
1.275,1.15,0.6,1.81672183125146,1.78166802395203
1.275,1.15,0.625,1.82295003465912,1.79116458606266
1.275,1.15,0.65,1.82877919004205,1.80010595821951
1.275,1.15,0.675,1.83429674614317,1.80839033879477
1.275,1.15,0.7,1.8394388288077,1.81614617908922
1.275,1.15,0.725,1.84427139686717,1.82338739463879
1.275,1.15,0.75,1.84881486234599,1.8301243174068
1.275,1.15,0.775,1.85307953855726,1.83640140598395
1.275,1.15,0.8,1.85707734463338,1.84224866277138
1.275,1.15,0.825,1.86081676054492,1.84773324397852
1.275,1.15,0.85,1.86436468042457,1.85280774209764
1.275,1.15,0.875,1.86768669851416,1.85756710096287
1.275,1.15,0.9,1.87079759318648,1.86203512846851
1.275,1.15,0.925,1.8737452584291,1.86618359098947
1.275,1.15,0.95,1.87652377694225,1.87008142932292
1.275,1.15,0.975,1.87913943673365,1.87374141603524
1.275,1.15,1,1.88161530240169,1.87717178906605
1.275,1.175,0.6,1.81899174090365,1.78334944779691
1.275,1.175,0.625,1.82521248552075,1.7928294532861
1.275,1.175,0.65,1.8310468679515,1.80177469004191
1.275,1.175,0.675,1.83658318204889,1.81008804504281
1.275,1.175,0.7,1.8417062254689,1.81781901298326
1.275,1.175,0.725,1.84653622150909,1.82504108455863
1.275,1.175,0.75,1.85109611634555,1.83180343142591
1.275,1.175,0.775,1.85535414764297,1.83808103018922
1.275,1.175,0.8,1.85936146547428,1.84393552174573
1.275,1.175,0.825,1.86309980168985,1.84941841842126
1.275,1.175,0.85,1.86665781782098,1.85450703560402
1.275,1.175,0.875,1.86997139970047,1.85925345469725
1.275,1.175,0.9,1.8730803761241,1.86371949503122
1.275,1.175,0.925,1.87602880938018,1.86786398567994
1.275,1.175,0.95,1.87880090522797,1.87176047410018
1.275,1.175,0.975,1.88141293163521,1.87540771287252
1.275,1.175,1,1.88389721094441,1.87885001299211
1.275,1.2,0.6,1.82110807637833,1.78497902856018
1.275,1.2,0.625,1.82733347167653,1.7944891259853
1.275,1.2,0.65,1.83316628238738,1.8034383873089
1.275,1.2,0.675,1.83871552725299,1.81173532487957
1.275,1.2,0.7,1.84383633977016,1.81949063031748
1.275,1.2,0.725,1.84866638588658,1.82672830101482
1.275,1.2,0.75,1.85323244646293,1.83347178732609
1.275,1.2,0.775,1.8574889183181,1.83975023396949
1.275,1.2,0.8,1.86149882745195,1.84559979520035
1.275,1.2,0.825,1.86523260688292,1.85108245151608
1.275,1.2,0.85,1.86879600453997,1.85615812091641
1.275,1.2,0.875,1.87210810152502,1.86091224551677
1.275,1.2,0.9,1.87521276598476,1.86537781331983
1.275,1.2,0.925,1.87816391151837,1.86952120238505
1.275,1.2,0.95,1.8809338498599,1.87341729023769
1.275,1.2,0.975,1.88354390831618,1.87706997837966
1.275,1.2,1,1.88602973671494,1.88050141763061
1.275,1.225,0.6,1.82315408419154,1.78647412264951
1.275,1.225,0.625,1.82938810379915,1.79597223016201
1.275,1.225,0.65,1.83523141418098,1.80493001868867
1.275,1.225,0.675,1.84077401365269,1.81325165615864
1.275,1.225,0.7,1.84590300480864,1.82099068055892
1.275,1.225,0.725,1.85073575060889,1.82821811674335
1.275,1.225,0.75,1.85529675578807,1.83498133577189
1.275,1.225,0.775,1.85955603490588,1.84126019283564
1.275,1.225,0.8,1.86356259679547,1.84711425012016
1.275,1.225,0.825,1.86730022070506,1.85259653575438
1.275,1.225,0.85,1.87085683149202,1.85768360114315
1.275,1.225,0.875,1.87416929180055,1.86242913659127
1.275,1.225,0.9,1.87727659954922,1.8668933565992
1.275,1.225,0.925,1.8802232782667,1.87103661229662
1.275,1.225,0.95,1.88299386319598,1.87493106586242
1.275,1.225,0.975,1.88560368667909,1.87857704928542
1.275,1.225,1,1.88808543584197,1.88201612449847
1.275,1.25,0.6,1.82505675383743,1.7879552108756
1.275,1.25,0.625,1.83129384798895,1.79748180734122
1.275,1.25,0.65,1.83713513993048,1.80644276792172
1.275,1.25,0.675,1.84268981300051,1.81474733500578
1.275,1.25,0.7,1.84781573543114,1.82250962163214
1.275,1.25,0.725,1.85264783489383,1.82975184381127
1.275,1.25,0.75,1.85721482030486,1.83649622134336
1.275,1.25,0.775,1.86147235939853,1.8427756670827
1.275,1.25,0.8,1.86548125096818,1.84862477412289
1.275,1.25,0.825,1.86921446873698,1.85410676039767
1.275,1.25,0.85,1.8727763034953,1.8591808608999
1.275,1.25,0.875,1.87608699085754,1.86393388190421
1.275,1.25,0.9,1.87919018133231,1.86839766238295
1.275,1.25,0.925,1.88213932208292,1.87253958733883
1.275,1.25,0.95,1.88490778789271,1.87643364904048
1.275,1.25,0.975,1.88751553781642,1.88008488314376
1.275,1.25,1,1.88999897319553,1.88351334834385
1.275,1.275,0.6,1.82689416094597,1.78931797563349
1.275,1.275,0.625,1.83315061409698,1.79885479815776
1.275,1.275,0.65,1.83900148295172,1.80782595517051
1.275,1.275,0.675,1.84453701235639,1.81613335309489
1.275,1.275,0.7,1.84968865734691,1.8239043151347
1.275,1.275,0.725,1.85452631761687,1.83115505576178
1.275,1.275,0.75,1.85907512223446,1.83789720983219
1.275,1.275,0.775,1.86334143233517,1.84417707155635
1.275,1.275,0.8,1.86733875777661,1.85002415994481
1.275,1.275,0.825,1.87107617072868,1.85550687475842
1.275,1.275,0.85,1.87462249764571,1.86057927859063
1.275,1.275,0.875,1.87793975902624,1.86533443520589
1.275,1.275,0.9,1.88104626436223,1.86979776623138
1.275,1.275,0.925,1.88398947910813,1.87394224462578
1.275,1.275,0.95,1.88676321446961,1.87783496068968
1.275,1.275,0.975,1.88937268083409,1.88148986697574
1.275,1.275,1,1.89184396994246,1.88491416383208
1.275,1.3,0.6,1.82863867165672,1.79063705943313
1.275,1.3,0.625,1.83488871129535,1.80015825339682
1.275,1.3,0.65,1.84074201784427,1.80913163816768
1.275,1.3,0.675,1.84629130133074,1.81746204105931
1.275,1.3,0.7,1.85142735529705,1.82521145814604
1.275,1.3,0.725,1.85626284224747,1.832445719652
1.275,1.3,0.75,1.86082399051434,1.83920835756282
1.275,1.3,0.775,1.86508411354574,1.84548816324405
1.275,1.3,0.8,1.86908880629665,1.85134070956332
1.275,1.3,0.825,1.87282464602827,1.85682187732325
1.275,1.3,0.85,1.8763786485428,1.86190574105161
1.275,1.3,0.875,1.87968933581502,1.86664984559608
1.275,1.3,0.9,1.88279379924218,1.87111147799859
1.275,1.3,0.925,1.88573785657121,1.87525252833574
1.275,1.3,0.95,1.88850605286143,1.87914398884739
1.275,1.3,0.975,1.89111277322961,1.8827882637484
1.275,1.3,1,1.89359063146648,1.88622234268658
1.275,1.325,0.6,1.83026728533026,1.79192918449191
1.275,1.325,0.625,1.83651742197849,1.80147653384455
1.275,1.325,0.65,1.84236808557607,1.81045260191704
1.275,1.325,0.675,1.84793034932633,1.81876438221059
1.275,1.325,0.7,1.85306063209256,1.8265358315075
1.275,1.325,0.725,1.85789397317133,1.83378348090245
1.275,1.325,0.75,1.86246290713214,1.84052702756142
1.275,1.325,0.775,1.8667206648907,1.8468074745702
1.275,1.325,0.8,1.87072816168418,1.85265474981499
1.275,1.325,0.825,1.87445970946334,1.85813600359363
1.275,1.325,0.85,1.87802014033298,1.86320646755234
1.275,1.325,0.875,1.88132807199284,1.86795761803227
1.275,1.325,0.9,1.88442858333203,1.87241924380721
1.275,1.325,0.925,1.88737527797728,1.87655811684382
1.275,1.325,0.95,1.89014111490968,1.8804494491964
1.275,1.325,0.975,1.89274521312709,1.88409849344475
1.275,1.325,1,1.89522614095051,1.88752220221555
1.275,1.35,0.6,1.8318501953249,1.79311676611716
1.275,1.35,0.625,1.83811729677887,1.80266531374447
1.275,1.35,0.65,1.84397525415213,1.81165014680058
1.275,1.35,0.675,1.84951952519109,1.81997104330628
1.275,1.35,0.7,1.85467332252782,1.82774372310621
1.275,1.35,0.725,1.85951166590165,1.83499359878785
1.275,1.35,0.75,1.86406283376517,1.84174116143852
1.275,1.35,0.775,1.86832828799106,1.84802201772871
1.275,1.35,0.8,1.8723250462242,1.85386781229781
1.275,1.35,0.825,1.87605957773042,1.85934978237693
1.275,1.35,0.85,1.87960544926858,1.86442291855515
1.275,1.35,0.875,1.88291974083045,1.86917241196057
1.275,1.35,0.9,1.88602259421465,1.87363370551126
1.275,1.35,0.925,1.88896400662407,1.87777501840872
1.275,1.35,0.95,1.89173449814174,1.88166523066053
1.275,1.35,0.975,1.89434048837648,1.8853148809545
1.275,1.35,1,1.89680966212482,1.88873800675176
1.275,1.375,0.6,1.83334572400793,1.79426620751713
1.275,1.375,0.625,1.83961594810727,1.80382165871104
1.275,1.375,0.65,1.84547864554061,1.81280831762558
1.275,1.375,0.675,1.85102246836105,1.82113226392759
1.275,1.375,0.7,1.8561780455645,1.82890763342462
1.275,1.375,0.725,1.86101639709719,1.83616067985981
1.275,1.375,0.75,1.86556680465714,1.84290758533807
1.275,1.375,0.775,1.86983318085589,1.84918756504656
1.275,1.375,0.8,1.8738283957176,1.85503361314267
1.275,1.375,0.825,1.87756421514027,1.86051326978443
1.275,1.375,0.85,1.88110810532337,1.86558592337557
1.275,1.375,0.875,1.88442101107779,1.87033632700232
1.275,1.375,0.9,1.88752466779293,1.87479516236297
1.275,1.375,0.925,1.8904636161584,1.87893758984016
1.275,1.375,0.95,1.89323411815952,1.88282619876463
1.275,1.375,0.975,1.89583868419438,1.88647680477939
1.275,1.375,1,1.89830654003194,1.88989777932429
1.275,1.4,0.6,1.83476694443884,1.7953780612595
1.275,1.4,0.625,1.84103135170663,1.80491947543595
1.275,1.4,0.65,1.84689447669776,1.81390735095935
1.275,1.4,0.675,1.85245062960542,1.82225112422769
1.275,1.4,0.7,1.85759124873432,1.8300069679271
1.275,1.4,0.725,1.86242732013056,1.8372449096277
1.275,1.4,0.75,1.86698944947871,1.8440100968538
1.275,1.4,0.775,1.87124947791811,1.85028987108796
1.275,1.4,0.8,1.87525168228428,1.85614109748844
1.275,1.4,0.825,1.87898556039073,1.86161904363561
1.275,1.4,0.85,1.88253688168357,1.86670185301156
1.275,1.4,0.875,1.88584384721462,1.87144261328814
1.275,1.4,0.9,1.88894537689667,1.87589966280981
1.275,1.4,0.925,1.89188551950459,1.88003896412378
1.275,1.4,0.95,1.8946508204223,1.88392632762876
1.275,1.4,0.975,1.89725271632053,1.88756729610196
1.275,1.4,1,1.89972718201149,1.89099729088864
1.275,1.425,0.6,1.83613687983128,1.79645546925048
1.275,1.425,0.625,1.84240597920829,1.80601700338431
1.275,1.425,0.65,1.8482711566606,1.81500665909636
1.275,1.425,0.675,1.85382467232143,1.82333513253313
1.275,1.425,0.7,1.85897063126734,1.83110694025683
1.275,1.425,0.725,1.8638084439064,1.83835631203216
1.275,1.425,0.75,1.86836505316859,1.84510691327016
1.275,1.425,0.775,1.87262629563384,1.8513851336653
1.275,1.425,0.8,1.87662567911926,1.85723296307363
1.275,1.425,0.825,1.88035861143422,1.86271052956331
1.275,1.425,0.85,1.88390564356671,1.8677824043292
1.275,1.425,0.875,1.88721375878935,1.87252887150969
1.275,1.425,0.9,1.89031418056611,1.87698549715367
1.275,1.425,0.925,1.89325239452428,1.88112354048796
1.275,1.425,0.95,1.89601777635797,1.88500957042901
1.275,1.425,0.975,1.89862010729797,1.88865490046419
1.275,1.425,1,1.90108977575869,1.89207682785858
1.275,1.45,0.6,1.83742842357109,1.79745232537272
1.275,1.45,0.625,1.84370716678973,1.80702285944033
1.275,1.45,0.65,1.84957472962989,1.8160186643264
1.275,1.45,0.675,1.85512296150126,1.82434599030958
1.275,1.45,0.7,1.86028024576567,1.83212710070996
1.275,1.45,0.725,1.86511921197139,1.83938311245077
1.275,1.45,0.75,1.86966967938087,1.84612812231187
1.275,1.45,0.775,1.873934759994,1.85240768170862
1.275,1.45,0.8,1.87792873977542,1.85825203144145
1.275,1.45,0.825,1.88166197424917,1.86373013340323
1.275,1.45,0.85,1.88520416083341,1.86879897122427
1.275,1.45,0.875,1.88851469436741,1.87354746099865
1.275,1.45,0.9,1.89161524384406,1.87800395172023
1.275,1.45,0.925,1.89455213006394,1.8821430570053
1.275,1.45,0.95,1.89731973051526,1.88602896373705
1.275,1.45,0.975,1.89992163054989,1.88967712570378
1.275,1.45,1,1.90238696120262,1.89309428754723
1.275,1.475,0.6,1.83866938074237,1.79842329892823
1.275,1.475,0.625,1.84494284567568,1.807979618699
1.275,1.475,0.65,1.85081066099504,1.81697634181432
1.275,1.475,0.675,1.85636906035822,1.82532212861278
1.275,1.475,0.7,1.86151350551957,1.83308492644919
1.275,1.475,0.725,1.86635054142495,1.84032699128871
1.275,1.475,0.75,1.87091070929558,1.84708866954974
1.275,1.475,0.775,1.87517012290812,1.85336789042186
1.275,1.475,0.8,1.87916994558789,1.85921647951571
1.275,1.475,0.825,1.88290142923502,1.86469303286728
1.275,1.475,0.85,1.88644972841116,1.86977141105602
1.275,1.475,0.875,1.88975515604094,1.87451079731434
1.275,1.475,0.9,1.89285379811046,1.87896568968261
1.275,1.475,0.925,1.8957916837075,1.88310225530238
1.275,1.475,0.95,1.89855465515068,1.88698703289557
1.275,1.475,0.975,1.90115434983744,1.89062655663319
1.275,1.475,1,1.90362517882286,1.8940518228169
1.275,1.5,0.6,1.8398422309573,1.79937940874808
1.275,1.5,0.625,1.84611429731579,1.80895838499439
1.275,1.5,0.65,1.85197921210485,1.81795591008963
1.275,1.5,0.675,1.85754718044038,1.82628249150182
1.275,1.5,0.7,1.86268635482552,1.8340648675454
1.275,1.5,0.725,1.86752099629485,1.84131888643788
1.275,1.5,0.75,1.8720867838344,1.8480620730685
1.275,1.5,0.775,1.87634411622566,1.85434131615087
1.275,1.5,0.8,1.88034574019703,1.86018497132581
1.275,1.5,0.825,1.88407353758414,1.86566146397614
1.275,1.5,0.85,1.88762669024296,1.87072691170397
1.275,1.5,0.875,1.89092972956894,1.87547298068084
1.275,1.5,0.9,1.89402503538306,1.87992791545771
1.275,1.5,0.925,1.8969648154042,1.88406221969646
1.275,1.5,0.95,1.89972586295059,1.88794685705647
1.275,1.5,0.975,1.90232340703053,1.89159091205319
1.275,1.5,1,1.90479645766447,1.89500659886413
1.3,0.75,0.6,1.74650616729599,1.72984663058932
1.3,0.75,0.625,1.75229068725203,1.7389402899484
1.3,0.75,0.65,1.75787035716335,1.74756701707119
1.3,0.75,0.675,1.76319670952469,1.7557467163417
1.3,0.75,0.7,1.76823053898342,1.76342804721198
1.3,0.75,0.725,1.77295826608173,1.77060307000912
1.3,0.75,0.75,1.77748318491817,1.77729609674971
1.3,0.75,0.775,1.78166983953925,1.78369010853419
1.3,0.75,0.8,1.78561052951553,1.78957274136673
1.3,0.75,0.825,1.78937934315362,1.79509219753527
1.3,0.75,0.85,1.79296043556016,1.80029927923533
1.3,0.75,0.875,1.79629715548795,1.80515422884524
1.3,0.75,0.9,1.799494007023,1.80971129573564
1.3,0.75,0.925,1.80246223134356,1.8139998290132
1.3,0.75,0.95,1.80532715846846,1.81800092939945
1.3,0.75,0.975,1.80799996955125,1.82175531167301
1.3,0.75,1,1.81050301161281,1.82526946496997
1.3,0.775,0.6,1.75279900375769,1.73400735863961
1.3,0.775,0.625,1.75871060996472,1.74319546446695
1.3,0.775,0.65,1.76434332214918,1.75190226517679
1.3,0.775,0.675,1.76966204608908,1.76009163006595
1.3,0.775,0.7,1.77469347273094,1.76777351737434
1.3,0.775,0.725,1.77947359471563,1.77499504442603
1.3,0.775,0.75,1.7839583825125,1.78179102290441
1.3,0.775,0.775,1.78827675163966,1.78802698272504
1.3,0.775,0.8,1.792199882019,1.79403073887701
1.3,0.775,0.825,1.79598764043471,1.79958059365587
1.3,0.775,0.85,1.79954739901654,1.80477356755622
1.3,0.775,0.875,1.8029132899072,1.80963422909068
1.3,0.775,0.9,1.80609043114433,1.81418880655528
1.3,0.775,0.925,1.80907657531686,1.81848313171372
1.3,0.775,0.95,1.81191769488144,1.82247412136588
1.3,0.775,0.975,1.81460705410869,1.82624318058517
1.3,0.775,1,1.81713709767652,1.82978151573333
1.3,0.8,0.6,1.75863160118751,1.73801955209063
1.3,0.8,0.625,1.76452363618489,1.74722187543855
1.3,0.8,0.65,1.77018603317831,1.75593626109413
1.3,0.8,0.675,1.77558354603663,1.76417947444036
1.3,0.8,0.7,1.78067540047401,1.77191210926525
1.3,0.8,0.725,1.78545041526738,1.77913428398864
1.3,0.8,0.75,1.78993869289854,1.78594026413744
1.3,0.8,0.775,1.79424796624399,1.7922693986223
1.3,0.8,0.8,1.79828195349098,1.79811464102183
1.3,0.8,0.825,1.80199562761203,1.80372932725279
1.3,0.8,0.85,1.80559565646791,1.80894533075546
1.3,0.8,0.875,1.80895050607753,1.81381029137874
1.3,0.8,0.9,1.81215651062986,1.81837399280733
1.3,0.8,0.925,1.81513594809485,1.8226684007134
1.3,0.8,0.95,1.8180080952749,1.82667208433221
1.3,0.8,0.975,1.82068668972221,1.83043088127551
1.3,0.8,1,1.82319564090999,1.83395051643029
1.3,0.825,0.6,1.76412104555945,1.74169305460471
1.3,0.825,0.625,1.77012104383669,1.75097327347228
1.3,0.825,0.65,1.7758256133542,1.75975413377431
1.3,0.825,0.675,1.7812088193534,1.76800318317334
1.3,0.825,0.7,1.78629293676683,1.77573350065109
1.3,0.825,0.725,1.79111180957879,1.78299261654951
1.3,0.825,0.75,1.79562769640139,1.7898206350679
1.3,0.825,0.775,1.79991122410792,1.79614634491149
1.3,0.825,0.8,1.80393630680246,1.80208802416205
1.3,0.825,0.825,1.8077936294016,1.80759930558247
1.3,0.825,0.85,1.81130147129694,1.81287140505308
1.3,0.825,0.875,1.8146820446206,1.81773818614807
1.3,0.825,0.9,1.81786908467269,1.82229805576849
1.3,0.825,0.925,1.8208628349566,1.8265963539838
1.3,0.825,0.95,1.82371167128464,1.83059065129642
1.3,0.825,0.975,1.82640428347575,1.83436127107581
1.3,0.825,1,1.82893671241568,1.8379016117873
1.3,0.85,0.6,1.76927239495746,1.74521237585596
1.3,0.85,0.625,1.77525235871928,1.75447167345787
1.3,0.85,0.65,1.78097341163533,1.76323511336534
1.3,0.85,0.675,1.78641951752838,1.77155641260721
1.3,0.85,0.7,1.79155702679878,1.77935177440287
1.3,0.85,0.725,1.79636474287766,1.78659272885165
1.3,0.85,0.75,1.80089305398182,1.79342831181146
1.3,0.85,0.775,1.80521348944628,1.79979304919634
1.3,0.85,0.8,1.80920548376552,1.80570522783001
1.3,0.85,0.825,1.81300462512043,1.81124784330815
1.3,0.85,0.85,1.81664767106021,1.81645208286198
1.3,0.85,0.875,1.81997493119705,1.82136674624199
1.3,0.85,0.9,1.82318287684027,1.82593791298611
1.3,0.85,0.925,1.82617687337146,1.83023570331651
1.3,0.85,0.95,1.82904660016016,1.83424906894172
1.3,0.85,0.975,1.83172623833628,1.83800276454313
1.3,0.85,1,1.83423997874723,1.8415136377609
1.3,0.875,0.6,1.77400601875973,1.74854859960933
1.3,0.875,0.625,1.78001752622301,1.75787569778749
1.3,0.875,0.65,1.78576783204625,1.76669028592252
1.3,0.875,0.675,1.79123910826797,1.77500384365149
1.3,0.875,0.7,1.79639058882041,1.78279215381617
1.3,0.875,0.725,1.80121562593162,1.79006408923239
1.3,0.875,0.75,1.80574506852939,1.79690841350954
1.3,0.875,0.775,1.81008260332644,1.80326590415108
1.3,0.875,0.8,1.8140811741251,1.80920456623412
1.3,0.875,0.825,1.81788684029787,1.81476582300449
1.3,0.875,0.85,1.82150247610247,1.81998929890473
1.3,0.875,0.875,1.82493773522085,1.82479990999992
1.3,0.875,0.9,1.82807758622925,1.82943976720711
1.3,0.875,0.925,1.83106791725023,1.83373713057672
1.3,0.875,0.95,1.83394427954754,1.83774116511609
1.3,0.875,0.975,1.83662667559797,1.84150253753289
1.3,0.875,1,1.83914012674076,1.84502723251872
1.3,0.9,0.6,1.77853039393631,1.75161887531353
1.3,0.9,0.625,1.78457635180769,1.76094958955965
1.3,0.9,0.65,1.79034680825944,1.76976962185259
1.3,0.9,0.675,1.79583232673173,1.77812950545975
1.3,0.9,0.7,1.80100085450211,1.78595494341603
1.3,0.9,0.725,1.80583601224738,1.7932234721563
1.3,0.9,0.75,1.81038490878379,1.80007909899533
1.3,0.9,0.775,1.81472119390344,1.806458104253
1.3,0.9,0.8,1.81872902468191,1.81238551733065
1.3,0.9,0.825,1.82253675905311,1.81794029624735
1.3,0.9,0.85,1.82615175553221,1.82318281253533
1.3,0.9,0.875,1.8295309485883,1.82805751423248
1.3,0.9,0.9,1.83277170236145,1.83260001058903
1.3,0.9,0.925,1.83572838367498,1.83693986891043
1.3,0.9,0.95,1.83860122832091,1.84095136644181
1.3,0.9,0.975,1.84128313319833,1.84470550065733
1.3,0.9,1,1.84379885532932,1.84821889930524
1.3,0.925,0.6,1.78268538182316,1.75458986786176
1.3,0.925,0.625,1.788754628644,1.76398092842322
1.3,0.925,0.65,1.7945472377503,1.7728458412781
1.3,0.925,0.675,1.80005375276908,1.78119380717988
1.3,0.925,0.7,1.8052333401082,1.78900888841778
1.3,0.925,0.725,1.81008113587812,1.79630503135527
1.3,0.925,0.75,1.81462920582523,1.80316696676464
1.3,0.925,0.775,1.81898011627822,1.80953624847442
1.3,0.925,0.8,1.82299170851978,1.81548761893417
1.3,0.925,0.825,1.82680417358916,1.8210583428757
1.3,0.925,0.85,1.83042409860307,1.82628597633447
1.3,0.925,0.875,1.83380203079354,1.83116375780474
1.3,0.925,0.9,1.8370157895361,1.83573216538586
1.3,0.925,0.925,1.83995410515217,1.84008550257045
1.3,0.925,0.95,1.84287700044279,1.84404276824765
1.3,0.925,0.975,1.84556144804986,1.84780287070455
1.3,0.925,1,1.84807604836434,1.85132879672014
1.3,0.95,0.6,1.78664152363712,1.75731969522833
1.3,0.95,0.625,1.79278423474862,1.76676022741248
1.3,0.95,0.65,1.79860223085673,1.77566751001927
1.3,0.95,0.675,1.80408869279902,1.78401730350468
1.3,0.95,0.7,1.80925563897247,1.79182795163329
1.3,0.95,0.725,1.81413175078337,1.7991462561919
1.3,0.95,0.75,1.81869597549399,1.80602107691928
1.3,0.95,0.775,1.82302340399899,1.81238595530892
1.3,0.95,0.8,1.82707350061483,1.81835766141522
1.3,0.95,0.825,1.83089346447162,1.82394612406706
1.3,0.95,0.85,1.83449148933868,1.8291636616526
1.3,0.95,0.875,1.8378842906597,1.83404271027344
1.3,0.95,0.9,1.84108038809477,1.83860831917828
1.3,0.95,0.925,1.84408254486733,1.84290760395128
1.3,0.95,0.95,1.84699470368313,1.84684872425876
1.3,0.95,0.975,1.84962223011992,1.85068241512673
1.3,0.95,1,1.85215516151859,1.85422102691218
1.3,0.975,0.6,1.79036819362214,1.75994615698261
1.3,0.975,0.625,1.79648936352803,1.76936138191397
1.3,0.975,0.65,1.80231386340302,1.77824812203502
1.3,0.975,0.675,1.8078413279147,1.78665140455694
1.3,0.975,0.7,1.81304207642116,1.79451011769194
1.3,0.975,0.725,1.81790638685442,1.80180943392734
1.3,0.975,0.75,1.82247618604711,1.80868688983973
1.3,0.975,0.775,1.82682776061372,1.81508047988432
1.3,0.975,0.8,1.83085243673132,1.82102418669724
1.3,0.975,0.825,1.83466837622717,1.82659100286979
1.3,0.975,0.85,1.83828768734359,1.8318357973411
1.3,0.975,0.875,1.84167223810198,1.83671541780406
1.3,0.975,0.9,1.84488082357431,1.84129007870461
1.3,0.975,0.925,1.84787986128544,1.84558951853984
1.3,0.975,0.95,1.85075221221809,1.84959904486527
1.3,0.975,0.975,1.85346112124228,1.85332623957291
1.3,0.975,1,1.85594250330305,1.85687732073548
1.3,1,0.6,1.79382158997569,1.76241471937212
1.3,1,0.625,1.80000187756081,1.77190038595519
1.3,1,0.65,1.80584896911505,1.7808426815613
1.3,1,0.675,1.81136120605991,1.78921947319963
1.3,1,0.7,1.81654844823232,1.79705124703299
1.3,1,0.725,1.82143812158776,1.80438480565669
1.3,1,0.75,1.82601341220628,1.81127106526797
1.3,1,0.775,1.83035066945275,1.81764505083228
1.3,1,0.8,1.83440635054303,1.82362311501209
1.3,1,0.825,1.83822970526899,1.82921588295839
1.3,1,0.85,1.84183152064319,1.83443571170539
1.3,1,0.875,1.84522625088125,1.83931634182747
1.3,1,0.9,1.84842269352098,1.84388259423912
1.3,1,0.925,1.85142309164598,1.84818322178965
1.3,1,0.95,1.85428081704095,1.85217852893693
1.3,1,0.975,1.85697253961171,1.85594494869851
1.3,1,1,1.85955208634191,1.85943431854778
1.3,1.025,0.6,1.79711844289724,1.76476491063048
1.3,1.025,0.625,1.80327719061195,1.77422461069396
1.3,1.025,0.65,1.80912856406448,1.78314579918717
1.3,1.025,0.675,1.81467644515351,1.79157110408219
1.3,1.025,0.7,1.81989261434446,1.79944641213882
1.3,1.025,0.725,1.82477063018318,1.8067610722098
1.3,1.025,0.75,1.8293499029062,1.81364887818481
1.3,1.025,0.775,1.83370814210596,1.82004907753459
1.3,1.025,0.8,1.83774014276143,1.82600044678393
1.3,1.025,0.825,1.8415593191482,1.83157250341798
1.3,1.025,0.85,1.84517999807845,1.83681730034271
1.3,1.025,0.875,1.84856675912108,1.84169797329624
1.3,1.025,0.9,1.85177439016239,1.84627194640335
1.3,1.025,0.925,1.85477288826077,1.85057104272253
1.3,1.025,0.95,1.85764249741669,1.8545803284077
1.3,1.025,0.975,1.86032292956671,1.85833449445475
1.3,1.025,1,1.86283941413309,1.86185063282415
1.3,1.05,0.6,1.80017149226117,1.76701973933542
1.3,1.05,0.625,1.80634045612339,1.77652708170219
1.3,1.05,0.65,1.81220279785982,1.78548255199489
1.3,1.05,0.675,1.8177653725568,1.79388988165322
1.3,1.05,0.7,1.82298852040832,1.80175025339837
1.3,1.05,0.725,1.82787193915633,1.80908698941553
1.3,1.05,0.75,1.83244798305023,1.81597764203974
1.3,1.05,0.775,1.83681686678173,1.82236458066055
1.3,1.05,0.8,1.8408481892334,1.8283358928901
1.3,1.05,0.825,1.84466834154012,1.83392063115931
1.3,1.05,0.85,1.84829313812338,1.83914941658685
1.3,1.05,0.875,1.85167831755246,1.8440307158745
1.3,1.05,0.9,1.85488809496657,1.84859942345304
1.3,1.05,0.925,1.85788159191609,1.85289818546489
1.3,1.05,0.95,1.86075549355283,1.85689698742701
1.3,1.05,0.975,1.86343520062074,1.86065756066419
1.3,1.05,1,1.86594807216251,1.86418532434428
1.3,1.075,0.6,1.80310883875659,1.7690921882469
1.3,1.075,0.625,1.80929802611276,1.77858925256703
1.3,1.075,0.65,1.81517075054875,1.78753910834013
1.3,1.075,0.675,1.82073458466398,1.79598208661298
1.3,1.075,0.7,1.82596253645412,1.80387051624006
1.3,1.075,0.725,1.83085102431447,1.81119748844373
1.3,1.075,0.75,1.83543719626723,1.81809328290446
1.3,1.075,0.775,1.8398000780328,1.82449823070927
1.3,1.075,0.8,1.8438373891157,1.83045553560988
1.3,1.075,0.825,1.8476584328352,1.83603145626766
1.3,1.075,0.85,1.85127948273398,1.8412754221308
1.3,1.075,0.875,1.85466740985011,1.84615633585507
1.3,1.075,0.9,1.85787361331821,1.85072900910594
1.3,1.075,0.925,1.8608712532104,1.85502698918162
1.3,1.075,0.95,1.86373902880634,1.85903439786782
1.3,1.075,0.975,1.86641800497784,1.86278775536916
1.3,1.075,1,1.86893260644605,1.86630508661415
1.3,1.1,0.6,1.80582579924958,1.77112447581606
1.3,1.1,0.625,1.812021830596,1.78066562370516
1.3,1.1,0.65,1.81790267137742,1.78964685166171
1.3,1.1,0.675,1.82347973630231,1.79807044292659
1.3,1.1,0.7,1.82871382204795,1.80594290867985
1.3,1.1,0.725,1.8336058621345,1.81329047650242
1.3,1.1,0.75,1.83818838793082,1.82018828004409
1.3,1.1,0.775,1.84256100770791,1.82657918438709
1.3,1.1,0.8,1.8465965382684,1.83255534012039
1.3,1.1,0.825,1.85041763839396,1.83814309138082
1.3,1.1,0.85,1.85404266095985,1.84337099682582
1.3,1.1,0.875,1.85742875777397,1.84825223401143
1.3,1.1,0.9,1.86063679749399,1.85281960420648
1.3,1.1,0.925,1.86362963069195,1.85711714091122
1.3,1.1,0.95,1.86650159630708,1.86111384896566
1.3,1.1,0.975,1.86917955999289,1.86487320657725
1.3,1.1,1,1.87169090274874,1.86840094156818
1.3,1.125,0.6,1.80843297259943,1.77299392165263
1.3,1.125,0.625,1.81467736661915,1.78256217081879
1.3,1.125,0.65,1.82057290990403,1.79156728867958
1.3,1.125,0.675,1.82612892486319,1.79999214502332
1.3,1.125,0.7,1.83134963252428,1.8078609798308
1.3,1.125,0.725,1.83625951384193,1.81521965033952
1.3,1.125,0.75,1.84085107853023,1.82212425626005
1.3,1.125,0.775,1.84520313900488,1.82851276005128
1.3,1.125,0.8,1.8492650294466,1.83449980438603
1.3,1.125,0.825,1.8530908089273,1.84009766718025
1.3,1.125,0.85,1.85669702236593,1.84531902176927
1.3,1.125,0.875,1.86009247542084,1.85019989650166
1.3,1.125,0.9,1.86328745309207,1.85476401706109
1.3,1.125,0.925,1.86628504514437,1.85906161308124
1.3,1.125,0.95,1.86914070294797,1.86305441956987
1.3,1.125,0.975,1.87182529399223,1.86681731873549
1.3,1.125,1,1.87434870748112,1.87035371006932
1.3,1.15,0.6,1.81090011183115,1.77480205025715
1.3,1.15,0.625,1.81712536274478,1.78434482426933
1.3,1.15,0.65,1.82302225730878,1.79332964848017
1.3,1.15,0.675,1.82860359988128,1.80179301149413
1.3,1.15,0.7,1.83384398078254,1.80969627053782
1.3,1.15,0.725,1.83874381515222,1.81703735723661
1.3,1.15,0.75,1.84333683825957,1.82394198950645
1.3,1.15,0.775,1.84770379205491,1.83035160459681
1.3,1.15,0.8,1.85174662426017,1.83631543259018
1.3,1.15,0.825,1.8555685313562,1.84189542907366
1.3,1.15,0.85,1.85918865052209,1.84713706471058
1.3,1.15,0.875,1.86257707827303,1.85201729080711
1.3,1.15,0.9,1.86578021040539,1.85658726589056
1.3,1.15,0.925,1.86877587702118,1.86088297754036
1.3,1.15,0.95,1.8716405052711,1.86488704422766
1.3,1.15,0.975,1.87431710906701,1.86863843060784
1.3,1.15,1,1.87682969998179,1.87215594846779
1.3,1.175,0.6,1.81320738511705,1.77651905515383
1.3,1.175,0.625,1.81946975635743,1.78611165830947
1.3,1.175,0.65,1.82537846718662,1.79513500394923
1.3,1.175,0.675,1.83094589638262,1.80357331924411
1.3,1.175,0.7,1.83617512848259,1.81145230502135
1.3,1.175,0.725,1.84108991011431,1.81881765589314
1.3,1.175,0.75,1.84568514548093,1.82572678384582
1.3,1.175,0.775,1.8500402895488,1.83211864383315
1.3,1.175,0.8,1.85410315867562,1.8381075410365
1.3,1.175,0.825,1.85792876180177,1.8437061187425
1.3,1.175,0.85,1.86153518099216,1.84892701898139
1.3,1.175,0.875,1.86493001905417,1.85380713690026
1.3,1.175,0.9,1.86812374776881,1.85836986712322
1.3,1.175,0.925,1.87111981030862,1.862665751208
1.3,1.175,0.95,1.87397415775389,1.86665691908101
1.3,1.175,0.975,1.87665648562097,1.87041770794935
1.3,1.175,1,1.87917763733413,1.87395254619453
1.3,1.2,0.6,1.81541883042112,1.77815587131569
1.3,1.2,0.625,1.82166276877726,1.78772330601866
1.3,1.2,0.65,1.82757213755042,1.79672662577382
1.3,1.2,0.675,1.83316223234078,1.80520062361902
1.3,1.2,0.7,1.83840869351954,1.81311144081134
1.3,1.2,0.725,1.84331395215674,1.82045967133287
1.3,1.2,0.75,1.84791002524947,1.82736843754841
1.3,1.2,0.775,1.85227852469302,1.8337800351559
1.3,1.2,0.8,1.85632363443074,1.8397468591388
1.3,1.2,0.825,1.86014552001913,1.84532844560673
1.3,1.2,0.85,1.86376460415258,1.85056831202486
1.3,1.2,0.875,1.86715269665644,1.85544768079229
1.3,1.2,0.9,1.87035382121724,1.86001573235422
1.3,1.2,0.925,1.87334796019532,1.86430969962624
1.3,1.2,0.95,1.87621047613841,1.86831150057401
1.3,1.2,0.975,1.87888542305119,1.87206139694732
1.3,1.2,1,1.88139657190018,1.87557851465734
1.3,1.225,0.6,1.81748283645183,1.77974402557727
1.3,1.225,0.625,1.82372808361092,1.7893487145198
1.3,1.225,0.65,1.82964083958216,1.79837787356715
1.3,1.225,0.675,1.83524166036135,1.80683051945906
1.3,1.225,0.7,1.84049296249439,1.81472406454342
1.3,1.225,0.725,1.84539879376549,1.82209007718545
1.3,1.225,0.75,1.84999085305341,1.82899958686989
1.3,1.225,0.775,1.85436746574764,1.83539604738616
1.3,1.225,0.8,1.85840914796913,1.84137958416455
1.3,1.225,0.825,1.8622296884261,1.84697137639407
1.3,1.225,0.85,1.86585254186647,1.85219547478016
1.3,1.225,0.875,1.86923854243143,1.85707476876204
1.3,1.225,0.9,1.87244103521013,1.86163766185868
1.3,1.225,0.925,1.8754308831559,1.86593119037454
1.3,1.225,0.95,1.87829725311521,1.86992224746048
1.3,1.225,0.975,1.88097057395533,1.87367765295158
1.3,1.225,1,1.88347815367179,1.87720398298089
1.3,1.25,0.6,1.81947385266678,1.78120538908873
1.3,1.25,0.625,1.82575685890356,1.79082769550358
1.3,1.25,0.65,1.83168041684946,1.79987286419541
1.3,1.25,0.675,1.83726144225067,1.80832741789101
1.3,1.25,0.7,1.84250041975189,1.81621852609162
1.3,1.25,0.725,1.84741987977155,1.82359112220255
1.3,1.25,0.75,1.85201857180001,1.83050507703187
1.3,1.25,0.775,1.85637696027425,1.83690057030809
1.3,1.25,0.8,1.86043974355693,1.84289093531329
1.3,1.25,0.825,1.8642640055801,1.84848952298031
1.3,1.25,0.85,1.86787024164723,1.85370919089524
1.3,1.25,0.875,1.87126344377087,1.85858773454389
1.3,1.25,0.9,1.87445496149222,1.86314794604184
1.3,1.25,0.925,1.87744840617154,1.86744104029833
1.3,1.25,0.95,1.88030075590536,1.87142969990866
1.3,1.25,0.975,1.88297945787572,1.87518716321682
1.3,1.25,1,1.88549701817657,1.87871956775317
1.3,1.275,0.6,1.82134102627218,1.782648191533
1.3,1.275,0.625,1.82760027789416,1.79227201993645
1.3,1.275,0.65,1.83352189647732,1.80131528992568
1.3,1.275,0.675,1.83912907960393,1.80977614671988
1.3,1.275,0.7,1.84438479296468,1.81767545013003
1.3,1.275,0.725,1.84929396482309,1.82504646581938
1.3,1.275,0.75,1.85388811118341,1.83195880815084
1.3,1.275,0.775,1.85826521055252,1.83835628121102
1.3,1.275,0.8,1.86230798682604,1.84434147846416
1.3,1.275,0.825,1.86612772554019,1.84993386205448
1.3,1.275,0.85,1.86974931269607,1.85515614970554
1.3,1.275,0.875,1.8731346267922,1.86003428290369
1.3,1.275,0.9,1.8763349576773,1.86459524441797
1.3,1.275,0.925,1.87932335011357,1.86888698953426
1.3,1.275,0.95,1.88218755917913,1.87287580140834
1.3,1.275,0.975,1.88485901046721,1.87662953698638
1.3,1.275,1,1.8873650036715,1.88015499881252
1.3,1.3,0.6,1.82313956819191,1.78397922711893
1.3,1.3,0.625,1.82943379313263,1.79361784666159
1.3,1.3,0.65,1.83536519279307,1.80267490022476
1.3,1.3,0.675,1.84095284666596,1.81113792870853
1.3,1.3,0.7,1.84619652572775,1.81903522409822
1.3,1.3,0.725,1.85111825874721,1.8264115249931
1.3,1.3,0.75,1.85571842402392,1.83332768410532
1.3,1.3,0.775,1.86007789885052,1.83972464361782
1.3,1.3,0.8,1.86414045193099,1.84571545563393
1.3,1.3,0.825,1.86796370522069,1.85131371081483
1.3,1.3,0.85,1.87156922463268,1.85653224497488
1.3,1.3,0.875,1.87496122392958,1.86140951263129
1.3,1.3,0.9,1.87815114884313,1.86596803039337
1.3,1.3,0.925,1.88114285742986,1.8702592336956
1.3,1.3,0.95,1.88399363899289,1.87424611522595
1.3,1.3,0.975,1.88667019044521,1.87800148605478
1.3,1.3,1,1.88918565991199,1.88153225670431
1.3,1.325,0.6,1.82484913246458,1.78526978971341
1.3,1.325,0.625,1.83112784810284,1.79488580779246
1.3,1.325,0.65,1.83705939109119,1.80392512136504
1.3,1.325,0.675,1.84266378132217,1.81241654143702
1.3,1.325,0.7,1.84791942717091,1.82033930067018
1.3,1.325,0.725,1.85283356332354,1.82770049664271
1.3,1.325,0.75,1.85743332086897,1.83461602029018
1.3,1.325,0.775,1.86180277950215,1.8410287730099
1.3,1.325,0.8,1.86585107346121,1.84700088962162
1.3,1.325,0.825,1.86967146274981,1.85258482911515
1.3,1.325,0.85,1.87328661930197,1.85781872026596
1.3,1.325,0.875,1.87667263834625,1.86269512261525
1.3,1.325,0.9,1.87986839263742,1.86725773705938
1.3,1.325,0.925,1.8828580537893,1.87154734751193
1.3,1.325,0.95,1.88571512319049,1.87554286059468
1.3,1.325,0.975,1.88838599620955,1.87928901258715
1.3,1.325,1,1.89089353613283,1.88280512563666
1.3,1.35,0.6,1.82644553466495,1.78653560541493
1.3,1.35,0.625,1.83271984364067,1.79618480424757
1.3,1.35,0.65,1.83865104916096,1.80524596565771
1.3,1.35,0.675,1.84426756628746,1.81371471735082
1.3,1.35,0.7,1.84952896678313,1.82162001948418
1.3,1.35,0.725,1.85444085279392,1.82899705459258
1.3,1.35,0.75,1.85903647103616,1.83591328031516
1.3,1.35,0.775,1.86341510065916,1.84230980808957
1.3,1.35,0.8,1.86745738160983,1.84829738700102
1.3,1.35,0.825,1.87127497808813,1.85389019777804
1.3,1.35,0.85,1.87489588109517,1.85910850077636
1.3,1.35,0.875,1.87827935006641,1.86398502134814
1.3,1.35,0.9,1.88147701040695,1.86854244609248
1.3,1.35,0.925,1.88446272918232,1.87283215027344
1.3,1.35,0.95,1.88732489533728,1.87681666709718
1.3,1.35,0.975,1.88999314339828,1.88056788795694
1.3,1.35,1,1.89249593606721,1.88409238910545
1.3,1.375,0.6,1.82800001502064,1.78769888708007
1.3,1.375,0.625,1.83430595049551,1.79735290668136
1.3,1.375,0.65,1.84024546846473,1.80641952988718
1.3,1.375,0.675,1.84584274542709,1.8148974690401
1.3,1.375,0.7,1.85109209390342,1.82280689602716
1.3,1.375,0.725,1.8560154784695,1.83018288854492
1.3,1.375,0.75,1.86061547859412,1.83710244541905
1.3,1.375,0.775,1.86497749728468,1.84350370046981
1.3,1.375,0.8,1.86903811671952,1.84949146239376
1.3,1.375,0.825,1.8728591353661,1.85508544290145
1.3,1.375,0.85,1.87646432004591,1.86030509956555
1.3,1.375,0.875,1.87985367319383,1.86518092838192
1.3,1.375,0.9,1.88304177468438,1.86973651989435
1.3,1.375,0.925,1.88602980140906,1.87402580792889
1.3,1.375,0.95,1.88887934026015,1.87801188621658
1.3,1.375,0.975,1.89155267244536,1.8817618244008
1.3,1.375,1,1.89406439687082,1.88528816374379
1.3,1.4,0.6,1.8294688659497,1.78882734427083
1.3,1.4,0.625,1.83578017552649,1.79848815646521
1.3,1.4,0.65,1.84172242353839,1.80756144734141
1.3,1.4,0.675,1.84732016053925,1.8160414357915
1.3,1.4,0.7,1.85257118781349,1.82395065427758
1.3,1.4,0.725,1.85749491928545,1.8313298641021
1.3,1.4,0.75,1.86209731371778,1.83824820266472
1.3,1.4,0.775,1.86645753162122,1.8446498583535
1.3,1.4,0.8,1.8705187019683,1.85063870435625
1.3,1.4,0.825,1.87433888813688,1.856234516686
1.3,1.4,0.85,1.87794265820699,1.8614524351337
1.3,1.4,0.875,1.88133237199412,1.86632676289643
1.3,1.4,0.9,1.8845186598246,1.87088201232106
1.3,1.4,0.925,1.88750752359651,1.87516886192742
1.3,1.4,0.95,1.89035502418887,1.87915408872947
1.3,1.4,0.975,1.89302701210704,1.88290467824044
1.3,1.4,1,1.89553842445964,1.8864317150021
1.3,1.425,0.6,1.83086818117226,1.78991812795392
1.3,1.425,0.625,1.8371642328364,1.79955808822991
1.3,1.425,0.65,1.84310611887795,1.80861481609608
1.3,1.425,0.675,1.84871901333364,1.81711976667128
1.3,1.425,0.7,1.85397979077928,1.82505137951794
1.3,1.425,0.725,1.85889670752406,1.83241720016038
1.3,1.425,0.75,1.86349784942536,1.83933452515949
1.3,1.425,0.775,1.86786734875379,1.84575005210021
1.3,1.425,0.8,1.87191516261866,1.85172201959556
1.3,1.425,0.825,1.87573255983325,1.8573048137469
1.3,1.425,0.85,1.87934565007659,1.86253659796429
1.3,1.425,0.875,1.88272957764263,1.86741003888566
1.3,1.425,0.9,1.88592137083468,1.8719692385436
1.3,1.425,0.925,1.88890816128747,1.87625441771467
1.3,1.425,0.95,1.89176178076851,1.88024738379432
1.3,1.425,0.975,1.89442861773645,1.88398990485
1.3,1.425,1,1.89693251560516,1.88750338468913
1.3,1.45,0.6,1.83219899910604,1.7909785219188
1.3,1.45,0.625,1.83849470975868,1.80064999099957
1.3,1.45,0.65,1.84443644052444,1.80972746247529
1.3,1.45,0.675,1.85005634493392,1.81820989536433
1.3,1.45,0.7,1.85531872134276,1.82612167919271
1.3,1.45,0.725,1.8602349024854,1.83350304726293
1.3,1.45,0.75,1.86483325233641,1.84042148410348
1.3,1.45,0.775,1.86920683392795,1.84681945115083
1.3,1.45,0.8,1.87325218605648,1.85280668907332
1.3,1.45,0.825,1.87706772798398,1.85839840262002
1.3,1.45,0.85,1.88068335710463,1.863615235584
1.3,1.45,0.875,1.88406527048441,1.86848798607981
1.3,1.45,0.9,1.88725725055667,1.87304221812279
1.3,1.45,0.925,1.89024115033681,1.87732802044216
1.3,1.45,0.95,1.89309653677751,1.8813094871968
1.3,1.45,0.975,1.89576260437021,1.88505759052719
1.3,1.45,1,1.89826351471798,1.88857919724309
1.3,1.475,0.6,1.83348791969416,1.79195824808556
1.3,1.475,0.625,1.83980857193206,1.80163739365212
1.3,1.475,0.65,1.84575758183321,1.81072322171503
1.3,1.475,0.675,1.85136041792859,1.81920700093232
1.3,1.475,0.7,1.85661417968259,1.82711898270049
1.3,1.475,0.725,1.86153924585998,1.83450242611992
1.3,1.475,0.75,1.86614105934113,1.84142221442705
1.3,1.475,0.775,1.8705014810173,1.84782156826223
1.3,1.475,0.8,1.87456122168702,1.8538113769626
1.3,1.475,0.825,1.87837975058492,1.85940667510769
1.3,1.475,0.85,1.88198189734051,1.86462071141839
1.3,1.475,0.875,1.88536906576011,1.86949298909016
1.3,1.475,0.9,1.88855330238869,1.87404540545425
1.3,1.475,0.925,1.89153905269,1.87833003898032
1.3,1.475,0.95,1.89438450774764,1.88231115239239
1.3,1.475,0.975,1.8970539696432,1.88605949471044
1.3,1.475,1,1.89956261686636,1.88958471746467
1.3,1.5,0.6,1.83471405771845,1.79291196182941
1.3,1.5,0.625,1.84102182496457,1.80257085045734
1.3,1.5,0.65,1.84697052538318,1.8116410536559
1.3,1.5,0.675,1.852585686513,1.82014769808075
1.3,1.5,0.7,1.85784736010116,1.82808001368225
1.3,1.5,0.725,1.86276653927903,1.83545034771782
1.3,1.5,0.75,1.86736722706279,1.84236919655895
1.3,1.5,0.775,1.87173511829844,1.84878159714982
1.3,1.5,0.8,1.8757835927819,1.85475576767551
1.3,1.5,0.825,1.87959985085813,1.86033920562102
1.3,1.5,0.85,1.88320952408724,1.86556586649836
1.3,1.5,0.875,1.88659161722657,1.87043726288878
1.3,1.5,0.9,1.88978041416898,1.8749929026718
1.3,1.5,0.925,1.8927643193187,1.8792760551353
1.3,1.5,0.95,1.8956146957537,1.88326447466862
1.3,1.5,0.975,1.89827982005086,1.8870052340415
1.3,1.5,1,1.90078220975897,1.89051855609655
1.325,0.75,0.6,1.73934491900591,1.72231770883482
1.325,0.75,0.625,1.74516342157422,1.73143525682373
1.325,0.75,0.65,1.75075533530857,1.74011757282783
1.325,0.75,0.675,1.75603881182064,1.74837416478733
1.325,0.75,0.7,1.761074826112,1.75607772516004
1.325,0.75,0.725,1.76584686876612,1.76335929008807
1.325,0.75,0.75,1.77042725456609,1.7701613411192
1.325,0.75,0.775,1.77462401907541,1.77665021769153
1.325,0.75,0.8,1.77865461899427,1.78266047148183
1.325,0.75,0.825,1.78248840503964,1.78831082025733
1.325,0.75,0.85,1.78608242586917,1.79363327421589
1.325,0.75,0.875,1.78949472077908,1.79857552325185
1.325,0.75,0.9,1.79272079192975,1.80323334210093
1.325,0.75,0.925,1.79577777480769,1.8076113551834
1.325,0.75,0.95,1.79865725008807,1.81172250063604
1.325,0.75,0.975,1.80138119801269,1.81557983780043
1.325,0.75,1,1.8039785885217,1.81921694209112
1.325,0.775,0.6,1.74571361622669,1.72653640536361
1.325,0.775,0.625,1.7516459810119,1.73577827392095
1.325,0.775,0.65,1.75724643758893,1.74446022448732
1.325,0.775,0.675,1.76257499348722,1.75274878674971
1.325,0.775,0.7,1.76768775407695,1.76052901821387
1.325,0.775,0.725,1.77242814613868,1.7677834145906
1.325,0.775,0.75,1.77696760867089,1.77461470327256
1.325,0.775,0.775,1.78132663880968,1.78106418090662
1.325,0.775,0.8,1.78536114126709,1.78718061992451
1.325,0.775,0.825,1.7891842294758,1.79280891968246
1.325,0.775,0.85,1.79278839483269,1.79813665523717
1.325,0.775,0.875,1.79621242644154,1.80307642069496
1.325,0.775,0.9,1.79943203211495,1.80773883293101
1.325,0.775,0.925,1.8024863677851,1.8120921423702
1.325,0.775,0.95,1.80539944137721,1.81623692922426
1.325,0.775,0.975,1.80815093174163,1.82012741083101
1.325,0.775,1,1.81073422804685,1.82374597974661
1.325,0.8,0.6,1.75166173077512,1.73057952059673
1.325,0.8,0.625,1.75760151469736,1.73981512264423
1.325,0.8,0.65,1.7632888050506,1.74859190460674
1.325,0.8,0.675,1.76865357145096,1.7569263778383
1.325,0.8,0.7,1.77376152154189,1.76469546428479
1.325,0.8,0.725,1.77858592612482,1.77203054663277
1.325,0.8,0.75,1.78315848253056,1.77892623269465
1.325,0.8,0.775,1.78746560991056,1.78537976755878
1.325,0.8,0.8,1.79159725962074,1.79135102266337
1.325,0.8,0.825,1.79537420829506,1.79710372414155
1.325,0.8,0.85,1.7989929300192,1.80244016763962
1.325,0.8,0.875,1.80242497864201,1.80739601042691
1.325,0.8,0.9,1.80566722785827,1.81206394478376
1.325,0.8,0.925,1.80873498184886,1.81645019300421
1.325,0.8,0.95,1.81162651999116,1.82056691376437
1.325,0.8,0.975,1.81436070027278,1.82442872641495
1.325,0.8,1,1.81696331186694,1.82806873147793
1.325,0.825,0.6,1.75722980626361,1.73430748265262
1.325,0.825,0.625,1.76326327099059,1.74365094155693
1.325,0.825,0.65,1.76895170556975,1.75242115512438
1.325,0.825,0.675,1.77435079675263,1.76077970198933
1.325,0.825,0.7,1.77952221387009,1.76861450152564
1.325,0.825,0.725,1.78431556635274,1.7759189592825
1.325,0.825,0.75,1.78889337036983,1.7827908934597
1.325,0.825,0.775,1.79324903900193,1.78930084468455
1.325,0.825,0.8,1.79735810340174,1.79538825047762
1.325,0.825,0.825,1.80123503500755,1.8010063273648
1.325,0.825,0.85,1.8048131152249,1.80639285800945
1.325,0.825,0.875,1.80825483406375,1.81134369702834
1.325,0.825,0.9,1.81148947284191,1.81601417398092
1.325,0.825,0.925,1.81455316453844,1.82037642190481
1.325,0.825,0.95,1.81747311913658,1.82452296320665
1.325,0.825,0.975,1.82023016304591,1.82841408777492
1.325,0.825,1,1.82281895390421,1.83203628408344
1.325,0.85,0.6,1.76238977882182,1.73792680575832
1.325,0.85,0.625,1.76846021458554,1.74728324380882
1.325,0.85,0.65,1.77418860032853,1.75611380005158
1.325,0.85,0.675,1.77960299965728,1.76449763184309
1.325,0.85,0.7,1.78480888907768,1.77233596721331
1.325,0.85,0.725,1.78962190253868,1.77968495194103
1.325,0.85,0.75,1.794218605496,1.78658923298627
1.325,0.85,0.775,1.79858866415833,1.79308818091651
1.325,0.85,0.8,1.80270265445811,1.79916700705265
1.325,0.85,0.825,1.80655870223232,1.80483810210841
1.325,0.85,0.85,1.8101036641609,1.81026006518271
1.325,0.85,0.875,1.81362584127429,1.8151536749011
1.325,0.85,0.9,1.81686348404583,1.81982670424569
1.325,0.85,0.925,1.81993282959969,1.82420183631074
1.325,0.85,0.95,1.82285639644852,1.82833536009548
1.325,0.85,0.975,1.82561315627898,1.83221467138344
1.325,0.85,1,1.82820584120641,1.83584513098534
1.325,0.875,0.6,1.76731730371869,1.74120208412431
1.325,0.875,0.625,1.77342898704333,1.75062724760993
1.325,0.875,0.65,1.77918542212457,1.75946816701738
1.325,0.875,0.675,1.78463825011898,1.7678820454432
1.325,0.875,0.7,1.78985360442063,1.77575943202552
1.325,0.875,0.725,1.7946872423105,1.78310293673501
1.325,0.875,0.75,1.79929371745104,1.79000569606696
1.325,0.875,0.775,1.80367151413595,1.79653462374784
1.325,0.875,0.8,1.80779633912839,1.80263835361995
1.325,0.875,0.825,1.81165591658665,1.8083051423863
1.325,0.875,0.85,1.81529260507875,1.81365559172091
1.325,0.875,0.875,1.81877714926615,1.81858335637703
1.325,0.875,0.9,1.82197751571038,1.82330341300537
1.325,0.875,0.925,1.82504862561389,1.82766997697763
1.325,0.875,0.95,1.82797238873936,1.83181617773333
1.325,0.875,0.975,1.83073218161653,1.83570635963172
1.325,0.875,1,1.83332400525123,1.83933031182697
1.325,0.9,0.6,1.77184509109951,1.74442739506103
1.325,0.9,0.625,1.77798642217713,1.75385735465127
1.325,0.9,0.65,1.78377354275814,1.76275159047709
1.325,0.9,0.675,1.78923628632955,1.77118511244312
1.325,0.9,0.7,1.794480504223,1.77906045240754
1.325,0.9,0.725,1.79932775284212,1.78644393321087
1.325,0.9,0.75,1.80394799060708,1.79337513866051
1.325,0.9,0.775,1.80833788901432,1.79989007909513
1.325,0.9,0.8,1.81246744576348,1.80598164076444
1.325,0.9,0.825,1.81633528845258,1.81166665719968
1.325,0.9,0.85,1.81996724325408,1.81702134570561
1.325,0.9,0.875,1.82343081568817,1.82198827373336
1.325,0.9,0.9,1.82673987117662,1.82660256586583
1.325,0.9,0.925,1.82974026434009,1.83105491976588
1.325,0.9,0.95,1.83266775256668,1.83518680652432
1.325,0.9,0.975,1.8354271780732,1.83906473087808
1.325,0.9,1,1.83802139300479,1.84269617834793
1.325,0.925,0.6,1.77618484621762,1.74738548908573
1.325,0.925,0.625,1.7823241958434,1.75682775365016
1.325,0.925,0.65,1.78816263258991,1.76576524059267
1.325,0.925,0.675,1.79365555357236,1.77423047453707
1.325,0.925,0.7,1.7988777687766,1.78210836837445
1.325,0.925,0.725,1.80378301486668,1.78952690938111
1.325,0.925,0.75,1.80841903371625,1.79648829017337
1.325,0.925,0.775,1.81278614455274,1.80299551772335
1.325,0.925,0.8,1.81690056756803,1.80907587649264
1.325,0.925,0.825,1.8207896672165,1.81477740609335
1.325,0.925,0.85,1.82443449110982,1.82013908067695
1.325,0.925,0.875,1.82789029560194,1.82511497338892
1.325,0.925,0.9,1.83115358411328,1.82979368400323
1.325,0.925,0.925,1.83428499127272,1.83413518506223
1.325,0.925,0.95,1.83712669282266,1.83832045988264
1.325,0.925,0.975,1.83987421728731,1.84218341593972
1.325,0.925,1,1.84247943158645,1.84582281311179
1.325,0.95,0.6,1.78021292347771,1.75016251768299
1.325,0.95,0.625,1.78641082530817,1.75968276293972
1.325,0.95,0.65,1.79224296276299,1.76860597626715
1.325,0.95,0.675,1.79775389480916,1.7770836792366
1.325,0.95,0.7,1.80301586542978,1.78500884796205
1.325,0.95,0.725,1.80789363664927,1.79239687648504
1.325,0.95,0.75,1.81252940654352,1.79933450975011
1.325,0.95,0.775,1.81692915033828,1.80588220586346
1.325,0.95,0.8,1.82107047398309,1.8120000138879
1.325,0.95,0.825,1.82494601668869,1.81768246481156
1.325,0.95,0.85,1.82859237910544,1.82304438646066
1.325,0.95,0.875,1.83205141238398,1.8280162213815
1.325,0.95,0.9,1.83530450762518,1.83269713606148
1.325,0.95,0.925,1.83837757962596,1.83707143461454
1.325,0.95,0.95,1.84133420875757,1.84118349528214
1.325,0.95,0.975,1.8440548632435,1.8451100570845
1.325,0.95,1,1.84665022892253,1.8487325681183
1.325,0.975,0.6,1.78399948375993,1.75286240561514
1.325,0.975,0.625,1.79019100957118,1.76236244970587
1.325,0.975,0.65,1.79606837991412,1.77134446465749
1.325,0.975,0.675,1.80159357412336,1.77984499747654
1.325,0.975,0.7,1.80684394258052,1.78775165959239
1.325,0.975,0.725,1.81176880889925,1.795191987622
1.325,0.975,0.75,1.81641964718342,1.80216999737476
1.325,0.975,0.775,1.82080084711491,1.80868952445054
1.325,0.975,0.8,1.8249263434472,1.81477953243706
1.325,0.975,0.825,1.82882176415854,1.82048757901162
1.325,0.975,0.85,1.83247177503117,1.82585406309819
1.325,0.975,0.875,1.83593138498255,1.83083435448693
1.325,0.975,0.9,1.83919579601218,1.83551696597601
1.325,0.975,0.925,1.84227389900405,1.83991365486115
1.325,0.975,0.95,1.8451833196117,1.84403265200213
1.325,0.975,0.975,1.84798605087167,1.84784101627647
1.325,0.975,1,1.85052465444039,1.85154472914213
1.325,1,0.6,1.78756013520259,1.75534352534048
1.325,1,0.625,1.79380143157302,1.76491362558463
1.325,1,0.65,1.79967104803645,1.77387993558062
1.325,1,0.675,1.80521033924538,1.7823902186086
1.325,1,0.7,1.81049484265206,1.79033941994934
1.325,1,0.725,1.81539344278071,1.79775004638349
1.325,1,0.75,1.82004288093767,1.80470481496198
1.325,1,0.775,1.82445257042122,1.81126104591862
1.325,1,0.8,1.82860115893306,1.81738492072572
1.325,1,0.825,1.83248363724705,1.82307446427286
1.325,1,0.85,1.83613437821385,1.82844040201195
1.325,1,0.875,1.83959674420184,1.83341630019444
1.325,1,0.9,1.84285265310697,1.83809908118382
1.325,1,0.925,1.84592547552421,1.84247665895169
1.325,1,0.95,1.84885018859031,1.84661798817094
1.325,1,0.975,1.85161166332603,1.85050043198086
1.325,1,1,1.85423178498358,1.8540975680687
1.325,1.025,0.6,1.7908798945351,1.757794134836
1.325,1.025,0.625,1.79713971052754,1.76735678684089
1.325,1.025,0.65,1.80302531396861,1.77636386409396
1.325,1.025,0.675,1.80856722531829,1.78488491084402
1.325,1.025,0.7,1.81387138817978,1.79282384211097
1.325,1.025,0.725,1.8187745094951,1.80026616739667
1.325,1.025,0.75,1.82342983205044,1.80724256882935
1.325,1.025,0.775,1.82784789303147,1.81378156990239
1.325,1.025,0.8,1.83199925257397,1.81989092073898
1.325,1.025,0.825,1.83588482858923,1.82559483578743
1.325,1.025,0.85,1.83953097451119,1.83096173029099
1.325,1.025,0.875,1.84300092043469,1.83594003306351
1.325,1.025,0.9,1.84625540228425,1.84062377681134
1.325,1.025,0.925,1.8493283781,1.84501081592603
1.325,1.025,0.95,1.85225509313418,1.84913875304639
1.325,1.025,0.975,1.85501473156432,1.85301077809814
1.325,1.025,1,1.8576081826112,1.85664096451862
1.325,1.05,0.6,1.79407506519108,1.75999357176866
1.325,1.05,0.625,1.80035115841637,1.7696050751602
1.325,1.05,0.65,1.80625082825721,1.77860699706768
1.325,1.05,0.675,1.81181246579894,1.78714391883889
1.325,1.05,0.7,1.81711433780327,1.7951125434416
1.325,1.05,0.725,1.82202926120789,1.80254143828385
1.325,1.05,0.75,1.82668893556364,1.80950986219394
1.325,1.05,0.775,1.83110566993895,1.81607234735618
1.325,1.05,0.8,1.83525919329636,1.82220043797462
1.325,1.05,0.825,1.83914652839394,1.82789516811969
1.325,1.05,0.85,1.84280002968824,1.83326368064274
1.325,1.05,0.875,1.84626435717127,1.83824229193275
1.325,1.05,0.9,1.84952204918341,1.84292574073539
1.325,1.05,0.925,1.85259461713231,1.84730477990845
1.325,1.05,0.95,1.85551772252769,1.8514439843148
1.325,1.05,0.975,1.85827613536067,1.85532534850944
1.325,1.05,1,1.86086788881316,1.85894919600909
1.325,1.075,0.6,1.79702568609027,1.76220359914493
1.325,1.075,0.625,1.80331770475492,1.77180429826036
1.325,1.075,0.65,1.80922953560426,1.78084378724563
1.325,1.075,0.675,1.81479209864618,1.78938918247041
1.325,1.075,0.7,1.82011154065958,1.797345297153
1.325,1.075,0.725,1.82502864194119,1.80480383294992
1.325,1.075,0.75,1.82969223765458,1.81179220264754
1.325,1.075,0.775,1.83411664816567,1.81833664559383
1.325,1.075,0.8,1.83827264383457,1.82444968918239
1.325,1.075,0.825,1.84216171899407,1.83015797700508
1.325,1.075,0.85,1.84581048741577,1.83552700548566
1.325,1.075,0.875,1.8492813408432,1.84050709012289
1.325,1.075,0.9,1.85253729997958,1.84519110625533
1.325,1.075,0.925,1.85560935211314,1.84957899501888
1.325,1.075,0.95,1.85853472803609,1.85370457533617
1.325,1.075,0.975,1.8612926596387,1.85757449134651
1.325,1.075,1,1.86388363014187,1.86120471195783
1.325,1.1,0.6,1.79987950527934,1.76422236881146
1.325,1.1,0.625,1.80616219527781,1.77382929283957
1.325,1.1,0.65,1.81210489821309,1.78289130033348
1.325,1.1,0.675,1.81768383102035,1.79145470174262
1.325,1.1,0.7,1.82298133164846,1.79941246237538
1.325,1.1,0.725,1.82793649064861,1.80688996790586
1.325,1.1,0.75,1.83260908505804,1.81389531220574
1.325,1.1,0.775,1.83701224823047,1.82043449307352
1.325,1.1,0.8,1.84115424069007,1.82653939598802
1.325,1.1,0.825,1.8450567260696,1.83225595728804
1.325,1.1,0.85,1.84871266414126,1.83762795236778
1.325,1.1,0.875,1.85217650212301,1.84261302736511
1.325,1.1,0.9,1.85544272739917,1.84729694942243
1.325,1.1,0.925,1.8585180320387,1.85169358154103
1.325,1.1,0.95,1.86142602233511,1.85581155218625
1.325,1.1,0.975,1.86417251989799,1.85967246773978
1.325,1.1,1,1.86677056665498,1.86330701403754
1.325,1.125,0.6,1.80250584212377,1.76618059396875
1.325,1.125,0.625,1.80882405482097,1.77581327336672
1.325,1.125,0.65,1.81475713724008,1.78487969173486
1.325,1.125,0.675,1.8203362140677,1.79344518518809
1.325,1.125,0.7,1.82566752777611,1.80141534035054
1.325,1.125,0.725,1.83059566059027,1.80888699654461
1.325,1.125,0.75,1.83526539581708,1.81588488582686
1.325,1.125,0.775,1.83969427770947,1.82243330869844
1.325,1.125,0.8,1.8438533762194,1.82854888204471
1.325,1.125,0.825,1.84774471451116,1.83426024460792
1.325,1.125,0.85,1.85139503589685,1.83963050338275
1.325,1.125,0.875,1.85486601335139,1.84461159925616
1.325,1.125,0.9,1.85812265455409,1.84929531753117
1.325,1.125,0.925,1.86119338991748,1.85368342928746
1.325,1.125,0.95,1.86411714545011,1.85780642735508
1.325,1.125,0.975,1.86687339813811,1.86167380922922
1.325,1.125,1,1.86946262600728,1.86530281312845
1.325,1.15,0.6,1.80505958453623,1.76800318621051
1.325,1.15,0.625,1.81136754279558,1.77764148026893
1.325,1.15,0.65,1.81732816712295,1.78672680894149
1.325,1.15,0.675,1.8229214419591,1.79530804761941
1.325,1.15,0.7,1.82823109041054,1.80327999166694
1.325,1.15,0.725,1.83319397638949,1.81076767389624
1.325,1.15,0.75,1.83787172224468,1.81778023155877
1.325,1.15,0.775,1.84227981803618,1.82432413726207
1.325,1.15,0.8,1.84642531602145,1.83043241549642
1.325,1.15,0.825,1.85032884830631,1.83615060376044
1.325,1.15,0.85,1.85398545524504,1.84152325176952
1.325,1.15,0.875,1.85744949794429,1.84650883525645
1.325,1.15,0.9,1.86071537607631,1.85119219318964
1.325,1.15,0.925,1.86378915163529,1.85558792013385
1.325,1.15,0.95,1.86669624834505,1.85970418651823
1.325,1.15,0.975,1.86944163751843,1.86356344581698
1.325,1.15,1,1.87203745354567,1.86719602004664
1.325,1.175,0.6,1.80744058723438,1.7697224802304
1.325,1.175,0.625,1.81377752467989,1.77941068950053
1.325,1.175,0.65,1.81972988320886,1.78847874963278
1.325,1.175,0.675,1.82532920698791,1.79706422202703
1.325,1.175,0.7,1.8306595960363,1.80506691866614
1.325,1.175,0.725,1.8356019888859,1.81252870403984
1.325,1.175,0.75,1.84027709437661,1.81952118912445
1.325,1.175,0.775,1.84470341618752,1.82609224175792
1.325,1.175,0.8,1.84886273419422,1.83222527590277
1.325,1.175,0.825,1.85275628569709,1.83792765549231
1.325,1.175,0.85,1.85641206535564,1.84329873412422
1.325,1.175,0.875,1.85987749357248,1.84828053573553
1.325,1.175,0.9,1.8631363223356,1.85296301710869
1.325,1.175,0.925,1.86620601873904,1.85734319671352
1.325,1.175,0.95,1.86912432654867,1.86147526550701
1.325,1.175,0.975,1.87187753540598,1.8653495162924
1.325,1.175,1,1.87446543773927,1.8689706223388
1.325,1.2,0.6,1.80967478241616,1.77145121814674
1.325,1.2,0.625,1.81602332097924,1.78112373363742
1.325,1.2,0.65,1.82198153005661,1.79022290976493
1.325,1.2,0.675,1.82757952021531,1.79881306133589
1.325,1.2,0.7,1.83292357497695,1.8068000864914
1.325,1.2,0.725,1.8378645945991,1.81428718232734
1.325,1.2,0.75,1.84254052929716,1.82129620487647
1.325,1.2,0.775,1.84697326781595,1.8278486516015
1.325,1.2,0.8,1.85113467749588,1.8339664959458
1.325,1.2,0.825,1.85502787938601,1.8396806721606
1.325,1.2,0.85,1.85867910572486,1.8450517108255
1.325,1.2,0.875,1.86214914038174,1.8500333860746
1.325,1.2,0.9,1.86540590551519,1.85471593246693
1.325,1.2,0.925,1.8684740807456,1.85910372788776
1.325,1.2,0.95,1.87139475169339,1.86322267119447
1.325,1.2,0.975,1.87414802760286,1.86708607237786
1.325,1.2,1,1.87673455111538,1.87071278161386
1.325,1.225,0.6,1.81184288818338,1.77298685642693
1.325,1.225,0.625,1.81819707876416,1.78269795913794
1.325,1.225,0.65,1.82416418765477,1.79178561189044
1.325,1.225,0.675,1.8297737447039,1.80038505644209
1.325,1.225,0.7,1.83511155934453,1.8083973456973
1.325,1.225,0.725,1.84006113670181,1.81586840565118
1.325,1.225,0.75,1.8447399361762,1.82286737201271
1.325,1.225,0.775,1.84916814111297,1.82944017455976
1.325,1.225,0.8,1.85332828997506,1.83557390384703
1.325,1.225,0.825,1.85722286788454,1.84127786773745
1.325,1.225,0.85,1.8608785078364,1.84664894429283
1.325,1.225,0.875,1.86434350565779,1.85163103742454
1.325,1.225,0.9,1.8676019035967,1.85631256643923
1.325,1.225,0.925,1.87067011809183,1.86069244118029
1.325,1.225,0.95,1.87358635576231,1.86482167441058
1.325,1.225,0.975,1.87633746438646,1.86869311016858
1.325,1.225,1,1.87892375328347,1.87231276707935
1.325,1.25,0.6,1.81385353872977,1.77456377978587
1.325,1.25,0.625,1.82021825068013,1.78425754851373
1.325,1.25,0.65,1.82618941496112,1.79337445371843
1.325,1.25,0.675,1.83179705987865,1.80197743369628
1.325,1.25,0.7,1.83714760681735,1.80997301607264
1.325,1.25,0.725,1.84209479332642,1.81746820457445
1.325,1.25,0.75,1.84677357799028,1.82448277092479
1.325,1.25,0.775,1.85120798898492,1.83103675421638
1.325,1.25,0.8,1.85537023427204,1.83715522750782
1.325,1.25,0.825,1.85926388122404,1.84287055514804
1.325,1.25,0.85,1.8629150635652,1.84824146419547
1.325,1.25,0.875,1.86638420168996,1.8532229771153
1.325,1.25,0.9,1.86964047514542,1.8579044593222
1.325,1.25,0.925,1.87270690117658,1.86229164786925
1.325,1.25,0.95,1.87562561346159,1.86640790639402
1.325,1.25,0.975,1.87837698520525,1.87026870360865
1.325,1.25,1,1.88096167762446,1.8738938526384
1.325,1.275,0.6,1.81581650804996,1.77599450468922
1.325,1.275,0.625,1.8221706866327,1.78569297163958
1.325,1.275,0.65,1.8281626007379,1.79482162314806
1.325,1.275,0.675,1.83378062946305,1.80343573251862
1.325,1.275,0.7,1.83911145698693,1.81143374622588
1.325,1.275,0.725,1.84408621350822,1.81893917417679
1.325,1.275,0.75,1.84877110731538,1.82596360272901
1.325,1.275,0.775,1.85318684889826,1.83251487956899
1.325,1.275,0.8,1.85733716663394,1.83862805397601
1.325,1.275,0.825,1.86124035046226,1.84434738040301
1.325,1.275,0.85,1.86489625596508,1.84971955118829
1.325,1.275,0.875,1.86835897679284,1.85470463402223
1.325,1.275,0.9,1.87162239066928,1.85938541570083
1.325,1.275,0.925,1.87469138467046,1.86377782669416
1.325,1.275,0.95,1.87759560313642,1.86788935510711
1.325,1.275,0.975,1.88033771396291,1.87174405968779
1.325,1.275,1,1.88292776257419,1.87537133445337
1.325,1.3,0.6,1.81762485412422,1.77739922419659
1.325,1.3,0.625,1.824003045014,1.78711142337938
1.325,1.3,0.65,1.82998497961806,1.79624347063558
1.325,1.3,0.675,1.8356005173297,1.80485734304964
1.325,1.3,0.7,1.8409561528288,1.81286013737343
1.325,1.3,0.725,1.84590828651448,1.82036200588259
1.325,1.3,0.75,1.85058911786906,1.82738103886921
1.325,1.3,0.775,1.85502451908993,1.83393604910129
1.325,1.3,0.8,1.85918706968241,1.84005476576434
1.325,1.3,0.825,1.86308075336369,1.84577073292708
1.325,1.3,0.85,1.86673156171988,1.85114120625827
1.325,1.3,0.875,1.87019958840021,1.85612230944459
1.325,1.3,0.9,1.87345513890574,1.860802577132
1.325,1.3,0.925,1.87651976868909,1.86518896020399
1.325,1.3,0.95,1.87943648651689,1.86930262942
1.325,1.3,0.975,1.88218594044937,1.87316092069429
1.325,1.3,1,1.88476881958593,1.87678445804035
1.325,1.325,0.6,1.81940244910317,1.77870424703016
1.325,1.325,0.625,1.82577000581696,1.78842094133004
1.325,1.325,0.65,1.83177090439203,1.7975626471006
1.325,1.325,0.675,1.83739580730915,1.80618636235235
1.325,1.325,0.7,1.84273220253427,1.81419180140345
1.325,1.325,0.725,1.84771005775363,1.82170217802184
1.325,1.325,0.75,1.85239653168859,1.8287297250337
1.325,1.325,0.775,1.85681378054396,1.8352826174126
1.325,1.325,0.8,1.86096486011866,1.84139668393875
1.325,1.325,0.825,1.86486743109729,1.84711583524468
1.325,1.325,0.85,1.86852257009287,1.85248728784746
1.325,1.325,0.875,1.8719843175986,1.85747169215327
1.325,1.325,0.9,1.87524650024409,1.86215115591909
1.325,1.325,0.925,1.8783136167389,1.86654209128154
1.325,1.325,0.95,1.8812163871719,1.87065166210516
1.325,1.325,0.975,1.8839570125608,1.87450450512109
1.325,1.325,1,1.88654497038735,1.87812975163024
1.325,1.35,0.6,1.82106650492163,1.77993746808299
1.325,1.35,0.625,1.82745168485546,1.78969070831646
1.325,1.35,0.65,1.83344588618182,1.79881651125642
1.325,1.35,0.675,1.83907295873304,1.80744223530536
1.325,1.35,0.7,1.8444229588051,1.81547025203422
1.325,1.35,0.725,1.8493851978525,1.82295926969112
1.325,1.35,0.75,1.85406953500672,1.82997039596425
1.325,1.35,0.775,1.85849913666879,1.83654358462559
1.325,1.35,0.8,1.86265873259979,1.84267621015633
1.325,1.35,0.825,1.8665540708849,1.84838234629979
1.325,1.35,0.85,1.87020764240657,1.85375235067909
1.325,1.35,0.875,1.87367060645699,1.85873349515959
1.325,1.35,0.9,1.87692683311194,1.86341195915066
1.325,1.35,0.925,1.87999109450164,1.86779064115769
1.325,1.35,0.95,1.88290175192025,1.87191224672439
1.325,1.35,0.975,1.88564728498255,1.87577651241859
1.325,1.35,1,1.88822966041125,1.87939259061174
1.325,1.375,0.6,1.82262577833859,1.78120467783114
1.325,1.375,0.625,1.82902147777415,1.79093886691261
1.325,1.375,0.65,1.83501520764856,1.80009034010747
1.325,1.375,0.675,1.84063941235733,1.80871867106245
1.325,1.375,0.7,1.84600289179383,1.81672771713998
1.325,1.375,0.725,1.85095885425741,1.82423880947594
1.325,1.375,0.75,1.85564087621328,1.8312633542228
1.325,1.375,0.775,1.86007889320962,1.83781739605572
1.325,1.375,0.8,1.86424207410107,1.84393532766055
1.325,1.375,0.825,1.86813451904201,1.84965175436327
1.325,1.375,0.85,1.87178383088674,1.85502204138227
1.325,1.375,0.875,1.8752507750072,1.8600009868349
1.325,1.375,0.9,1.87850440683842,1.86467965371263
1.325,1.375,0.925,1.88156581543276,1.86906470939007
1.325,1.375,0.95,1.88448098648246,1.87317366690966
1.325,1.375,0.975,1.88722818450868,1.87702816581697
1.325,1.375,1,1.88980790758006,1.88064929026811
1.325,1.4,0.6,1.82416833977313,1.78234075166193
1.325,1.4,0.625,1.83055284166056,1.79208592822174
1.325,1.4,0.65,1.83656334521585,1.80123870571865
1.325,1.4,0.675,1.84219461334161,1.80987541373955
1.325,1.4,0.7,1.84753992843971,1.81789318939329
1.325,1.4,0.725,1.85251953874223,1.8254058053573
1.325,1.4,0.75,1.85720668925501,1.83243284616502
1.325,1.4,0.775,1.86162683429974,1.83899075143313
1.325,1.4,0.8,1.86577862616179,1.84510918274507
1.325,1.4,0.825,1.86967952498791,1.85082419037308
1.325,1.4,0.85,1.87333188144255,1.85619534410316
1.325,1.4,0.875,1.87679320875344,1.86117751816492
1.325,1.4,0.9,1.88005266668821,1.86585555362469
1.325,1.4,0.925,1.88311667924241,1.87024150140098
1.325,1.4,0.95,1.88601818924401,1.87435052228937
1.325,1.4,0.975,1.88875667443395,1.87820323350728
1.325,1.4,1,1.89134150787474,1.88182323454503
1.325,1.425,0.6,1.82561128303586,1.78345061115303
1.325,1.425,0.625,1.83200041603154,1.79320004525382
1.325,1.425,0.65,1.83801429992503,1.80235966926193
1.325,1.425,0.675,1.84365019644819,1.81099805433226
1.325,1.425,0.7,1.84899460146661,1.81901843236735
1.325,1.425,0.725,1.85397646798984,1.82653377472185
1.325,1.425,0.75,1.85866400596359,1.83356416240682
1.325,1.425,0.775,1.86308300722213,1.84012133014326
1.325,1.425,0.8,1.86723503862652,1.84623760806215
1.325,1.425,0.825,1.87113529818038,1.85195434055065
1.325,1.425,0.85,1.87478903804612,1.8573233485276
1.325,1.425,0.875,1.87824790886989,1.86230698688297
1.325,1.425,0.9,1.88150776422411,1.86698350043518
1.325,1.425,0.925,1.88457071957358,1.87137075370284
1.325,1.425,0.95,1.88747063217463,1.87547772706516
1.325,1.425,0.975,1.89020871000959,1.87932756810014
1.325,1.425,1,1.89279231161602,1.88294827808135
1.325,1.45,0.6,1.82697934471511,1.78449419237146
1.325,1.45,0.625,1.83338243884549,1.79427545563364
1.325,1.45,0.65,1.83939026020727,1.80342058751425
1.325,1.45,0.675,1.84502667309227,1.81206008710884
1.325,1.45,0.7,1.8503831492356,1.8201001142521
1.325,1.45,0.725,1.8553502862862,1.82759607595337
1.325,1.45,0.75,1.86003563926447,1.83461141437817
1.325,1.45,0.775,1.86446616135892,1.84118669522224
1.325,1.45,0.8,1.8686253795297,1.84731942689549
1.325,1.45,0.825,1.87251916212819,1.85302464981936
1.325,1.45,0.85,1.87617106228254,1.85839206556779
1.325,1.45,0.875,1.87963141738386,1.86337272794463
1.325,1.45,0.9,1.88288558286897,1.86804824078286
1.325,1.45,0.925,1.88594581304175,1.87242440064297
1.325,1.45,0.95,1.88885337910483,1.87654231353251
1.325,1.45,0.975,1.89159585923216,1.88040238117341
1.325,1.45,1,1.8941744218543,1.88401503094257
1.325,1.475,0.6,1.82828427169079,1.78556538869142
1.325,1.475,0.625,1.83469416602209,1.79532497465115
1.325,1.475,0.65,1.84070227600181,1.8044944779307
1.325,1.475,0.675,1.84633702500577,1.81313661949884
1.325,1.475,0.7,1.85170115183833,1.82115546992315
1.325,1.475,0.725,1.85666485034439,1.82867244155126
1.325,1.475,0.75,1.86134889166149,1.83570112774901
1.325,1.475,0.775,1.8657836436249,1.84225717515494
1.325,1.475,0.8,1.86994428102756,1.84837472861294
1.325,1.475,0.825,1.87383648709607,1.85409023075975
1.325,1.475,0.85,1.87748527580047,1.85945848133468
1.325,1.475,0.875,1.88094760855155,1.86443630596633
1.325,1.475,0.9,1.88419986732111,1.86911162127972
1.325,1.475,0.925,1.88725837696574,1.87349440225906
1.325,1.475,0.95,1.89016772253565,1.87759990985583
1.325,1.475,0.975,1.89291039380775,1.88145019696768
1.325,1.475,1,1.89548750143649,1.88506807108592
1.325,1.5,0.6,1.8295678026675,1.78653051115601
1.325,1.5,0.625,1.83596820466874,1.79629354997558
1.325,1.5,0.65,1.84199003274722,1.80546804974546
1.325,1.5,0.675,1.84763034420569,1.81411524922945
1.325,1.5,0.7,1.85297935533254,1.82213808740989
1.325,1.5,0.725,1.85796273675365,1.8296598565675
1.325,1.5,0.75,1.8626510372044,1.83669371351803
1.325,1.5,0.775,1.86707052846909,1.84324860728063
1.325,1.5,0.8,1.87122176168073,1.8493630613383
1.325,1.5,0.825,1.87512073301337,1.85507996773951
1.325,1.5,0.85,1.87877197636181,1.86044783886241
1.325,1.5,0.875,1.88222971745346,1.86542877270313
1.325,1.5,0.9,1.88548697318136,1.87010328028435
1.325,1.5,0.925,1.88854760447617,1.87448887359626
1.325,1.5,0.95,1.89144545695983,1.87859166667321
1.325,1.5,0.975,1.89418098316703,1.88243821266761
1.325,1.5,1,1.89676213927077,1.88605685017042
1.35,0.75,0.6,1.7322612901252,1.71497709732626
1.35,0.75,0.625,1.73810668612323,1.72409598030945
1.35,0.75,0.65,1.7435795712154,1.73270922904406
1.35,0.75,0.675,1.74887668773922,1.74091440203506
1.35,0.75,0.7,1.75395724887688,1.74877556932483
1.35,0.75,0.725,1.75878419619989,1.75617657352706
1.35,0.75,0.75,1.76334604242557,1.76303958599435
1.35,0.75,0.775,1.76759659103305,1.76963098337132
1.35,0.75,0.8,1.77168143321442,1.77571136650403
1.35,0.75,0.825,1.77553013226863,1.78145791570415
1.35,0.75,0.85,1.77918640036734,1.78682575453266
1.35,0.75,0.875,1.78266055794177,1.79196592769651
1.35,0.75,0.9,1.78597089776867,1.79673202014899
1.35,0.75,0.925,1.78906230863327,1.80118487005721
1.35,0.75,0.95,1.79196360065339,1.80534638393985
1.35,0.75,0.975,1.79477075905119,1.8093400498491
1.35,0.75,1,1.79739414548353,1.81306533772415
1.35,0.775,0.6,1.73863157660697,1.71933403802568
1.35,0.775,0.625,1.74456194924273,1.72849759909578
1.35,0.775,0.65,1.75009719622961,1.73720241947343
1.35,0.775,0.675,1.75545094481699,1.74547991438389
1.35,0.775,0.7,1.76057355727518,1.75334989404687
1.35,0.775,0.725,1.76542579847517,1.76075916686111
1.35,0.775,0.75,1.76999308309443,1.76769708881691
1.35,0.775,0.775,1.77437459258506,1.77418753938672
1.35,0.775,0.8,1.77840861210821,1.78037884961722
1.35,0.775,0.825,1.78227223980665,1.7861386675822
1.35,0.775,0.85,1.78594807265728,1.79153219850494
1.35,0.775,0.875,1.78942248673157,1.79665750000317
1.35,0.775,0.9,1.79274992245123,1.80141982009085
1.35,0.775,0.925,1.79585482800482,1.80588876380725
1.35,0.775,0.95,1.79876470550693,1.81007380955587
1.35,0.775,0.975,1.80157754636441,1.81405611642216
1.35,0.775,1,1.80420376723799,1.81778481058108
1.35,0.8,0.6,1.74475401405445,1.72330639836865
1.35,0.8,0.625,1.75073283591558,1.732555611812
1.35,0.8,0.65,1.75632322964276,1.74128328661412
1.35,0.8,0.675,1.76171286118926,1.74958235914159
1.35,0.8,0.7,1.76687047668351,1.75751329160425
1.35,0.8,0.725,1.77175895327309,1.76497285548892
1.35,0.8,0.75,1.77634559406624,1.77191904005583
1.35,0.8,0.775,1.78068783671752,1.77850471515739
1.35,0.8,0.8,1.78484552131199,1.78458653476971
1.35,0.8,0.825,1.78868360991087,1.79040519554703
1.35,0.8,0.85,1.7923682148667,1.7957950135618
1.35,0.8,0.875,1.79586333984746,1.80094644049249
1.35,0.8,0.9,1.79919220454908,1.80572430760953
1.35,0.8,0.925,1.80230027123286,1.81018937084101
1.35,0.8,0.95,1.80521678347753,1.81436401508631
1.35,0.8,0.975,1.80803348792382,1.81836103565108
1.35,0.8,1,1.81066822297421,1.8220911348027
1.35,0.825,0.6,1.75033631594033,1.72718109735649
1.35,0.825,0.625,1.75638444000311,1.73646022226345
1.35,0.825,0.65,1.76202160363861,1.74526747030639
1.35,0.825,0.675,1.76745417774715,1.75362831211512
1.35,0.825,0.7,1.77264524816505,1.76155918220248
1.35,0.825,0.725,1.77755374283431,1.76901818590375
1.35,0.825,0.75,1.78216731855045,1.77600221617936
1.35,0.825,0.775,1.78651401388647,1.78260294677872
1.35,0.825,0.8,1.79066610026143,1.7887373190436
1.35,0.825,0.825,1.79462360717848,1.79445601519426
1.35,0.825,0.85,1.79824643704178,1.79994343873781
1.35,0.825,0.875,1.80174091496265,1.80507756647223
1.35,0.825,0.9,1.80508363522397,1.80984854735877
1.35,0.825,0.925,1.80820118145215,1.81432746717688
1.35,0.825,0.95,1.81112257066861,1.81852306163194
1.35,0.825,0.975,1.81394342087495,1.82250741069812
1.35,0.825,1,1.81657909853451,1.82623961118746
1.35,0.85,0.6,1.75571330957614,1.73074203229105
1.35,0.85,0.625,1.76175630064829,1.74004934569356
1.35,0.85,0.65,1.76749919467261,1.74893259709292
1.35,0.85,0.675,1.77297252801182,1.75735824361522
1.35,0.85,0.7,1.77814888216719,1.76529364067061
1.35,0.85,0.725,1.78304932961103,1.77274948701533
1.35,0.85,0.75,1.78770658590458,1.7797703165276
1.35,0.85,0.775,1.79208103232382,1.78639323295994
1.35,0.85,0.8,1.796231763614,1.79254625775928
1.35,0.85,0.825,1.80015837404252,1.79833762693403
1.35,0.85,0.85,1.80392179764225,1.80372560079536
1.35,0.85,0.875,1.8073356580869,1.808908419897
1.35,0.85,0.9,1.81065592750323,1.81366811049258
1.35,0.85,0.925,1.81379375280435,1.81816288939385
1.35,0.85,0.95,1.81674442161745,1.82238487891647
1.35,0.85,0.975,1.81954331388849,1.8263549963178
1.35,0.85,1,1.82219746996858,1.8300878593113
1.35,0.875,0.6,1.7606118332335,1.73415384640276
1.35,0.875,0.625,1.7667517652293,1.74352728771234
1.35,0.875,0.65,1.77246851569462,1.75241761593811
1.35,0.875,0.675,1.7779613852372,1.76084544158721
1.35,0.875,0.7,1.78320423501559,1.76882420471327
1.35,0.875,0.725,1.78815513055655,1.7763216306366
1.35,0.875,0.75,1.79280390575931,1.78334062274763
1.35,0.875,0.775,1.79718005573773,1.78996844871586
1.35,0.875,0.8,1.80135372674748,1.79612631023685
1.35,0.875,0.825,1.80526829428732,1.8019264829539
1.35,0.875,0.85,1.80897846374018,1.80735566056478
1.35,0.875,0.875,1.81241266848636,1.8125691240167
1.35,0.875,0.9,1.81582893483186,1.81728203292165
1.35,0.875,0.925,1.81895653390575,1.82176575182114
1.35,0.875,0.95,1.8218858358684,1.82596846349203
1.35,0.875,0.975,1.82471122462845,1.82995295607096
1.35,0.875,1,1.8273529833418,1.83368673295344
1.35,0.9,0.6,1.76534488940512,1.73732438802841
1.35,0.9,0.625,1.77147341384713,1.74672036084312
1.35,0.9,0.65,1.77728153500034,1.75567409452855
1.35,0.9,0.675,1.78280767582475,1.76415634822067
1.35,0.9,0.7,1.78803199537555,1.77213734391662
1.35,0.9,0.725,1.79297166790039,1.77963016048919
1.35,0.9,0.75,1.79765737956187,1.78667929060497
1.35,0.9,0.775,1.80205597182192,1.79332503056158
1.35,0.9,0.8,1.80622678372778,1.7994975563725
1.35,0.9,0.825,1.81016784677134,1.80530521227524
1.35,0.9,0.85,1.81388793254278,1.81075886361023
1.35,0.9,0.875,1.81738312311091,1.81587940055321
1.35,0.9,0.9,1.82077330327287,1.82058576270883
1.35,0.9,0.925,1.82384179033442,1.82515902855607
1.35,0.9,0.95,1.82679861181682,1.82938273005045
1.35,0.9,0.975,1.82960290764803,1.83335374642988
1.35,0.9,1,1.83226036978122,1.83708734519989
1.35,0.925,0.6,1.76972353450718,1.74031394357594
1.35,0.925,0.625,1.77592113425904,1.74979119359872
1.35,0.925,0.65,1.78170572574459,1.75871939422915
1.35,0.925,0.675,1.78724226149232,1.76718102296027
1.35,0.925,0.7,1.79251944492989,1.77522569829957
1.35,0.925,0.725,1.79750383252522,1.78277610209374
1.35,0.925,0.75,1.80217711003467,1.78980599695775
1.35,0.925,0.775,1.80658489774714,1.79645674498202
1.35,0.925,0.8,1.81076443109122,1.80262904133385
1.35,0.925,0.825,1.81469896733163,1.80844152445793
1.35,0.925,0.85,1.81841525221257,1.81387177323844
1.35,0.925,0.875,1.82193601823129,1.81903404417989
1.35,0.925,0.9,1.82528892454529,1.82382421659295
1.35,0.925,0.925,1.82844809900906,1.82827509681798
1.35,0.925,0.95,1.83134423006127,1.8325092627103
1.35,0.925,0.975,1.8341705529566,1.83650400151641
1.35,0.925,1,1.83681915204206,1.84023704960337
1.35,0.95,0.6,1.77383606941209,1.74320022439841
1.35,0.95,0.625,1.78003275440121,1.75266944960576
1.35,0.95,0.65,1.78589216533715,1.76168089326769
1.35,0.95,0.675,1.79145929046188,1.77020904901644
1.35,0.95,0.7,1.79672079879882,1.77822662324042
1.35,0.95,0.725,1.80169058995542,1.78574883693045
1.35,0.95,0.75,1.80639755339183,1.79282005318173
1.35,0.95,0.775,1.81081412424473,1.79948323595314
1.35,0.95,0.8,1.8149999075713,1.80567038220397
1.35,0.95,0.825,1.81895264555667,1.8114887367546
1.35,0.95,0.85,1.82267991129909,1.81695074932238
1.35,0.95,0.875,1.82618074327719,1.82207862076019
1.35,0.95,0.9,1.82951602784755,1.82685105278608
1.35,0.95,0.925,1.83266229999343,1.8313516267425
1.35,0.95,0.95,1.8356736851086,1.83552508685724
1.35,0.95,0.975,1.83841534003168,1.83956177198612
1.35,0.95,1,1.8410761297428,1.8432933934186
1.35,0.975,0.6,1.77770523981117,1.7458726689311
1.35,0.975,0.625,1.78396052464946,1.75541388811006
1.35,0.975,0.65,1.7897958815755,1.7643981835682
1.35,0.975,0.675,1.79536996659848,1.77290433170884
1.35,0.975,0.7,1.80067685657683,1.78097894841768
1.35,0.975,0.725,1.80568457179052,1.78855271458461
1.35,0.975,0.75,1.81037881087743,1.79560428311349
1.35,0.975,0.775,1.81480214207003,1.80227068406027
1.35,0.975,0.8,1.81899469423344,1.80845659256739
1.35,0.975,0.825,1.82294038571477,1.81427830091788
1.35,0.975,0.85,1.82666359624526,1.81971744631942
1.35,0.975,0.875,1.83018809308408,1.82488147566623
1.35,0.975,0.9,1.83354272333699,1.82967580339381
1.35,0.975,0.925,1.83667448834426,1.83416068872879
1.35,0.975,0.95,1.8396141372186,1.83835890409138
1.35,0.975,0.975,1.84247111280416,1.84232129170611
1.35,0.975,1,1.84508206058451,1.84609334559469
1.35,1,0.6,1.78129547568799,1.74849331539324
1.35,1,0.625,1.78758888121224,1.75803570421846
1.35,1,0.65,1.79344099730048,1.76707407934619
1.35,1,0.675,1.79903188521611,1.77562011626636
1.35,1,0.7,1.80435650165182,1.78367986748793
1.35,1,0.725,1.8093730972093,1.79124111673527
1.35,1,0.75,1.8140769069016,1.79831805419944
1.35,1,0.775,1.81849821733934,1.80498933419989
1.35,1,0.8,1.8227047929791,1.81118269247988
1.35,1,0.825,1.82665150829298,1.81700836593853
1.35,1,0.85,1.83037808967163,1.82246245077916
1.35,1,0.875,1.83390021865231,1.82760915881753
1.35,1,0.9,1.83726245428156,1.8323923538036
1.35,1,0.925,1.84039599843247,1.83688747082619
1.35,1,0.95,1.84333340674698,1.84110197561588
1.35,1,0.975,1.8461624723066,1.84508082591248
1.35,1,1,1.84875575380733,1.84886911961613
1.35,1.025,0.6,1.78477765022597,1.75085680657263
1.35,1.025,0.625,1.79107950865686,1.76045173991861
1.35,1.025,0.65,1.79695573272245,1.76948331941135
1.35,1.025,0.675,1.80255953189441,1.77802665883592
1.35,1.025,0.7,1.80788960416904,1.78612548661962
1.35,1.025,0.725,1.81291519738685,1.79371793152273
1.35,1.025,0.75,1.81762553988734,1.80078703280278
1.35,1.025,0.775,1.82206041282482,1.80746574194812
1.35,1.025,0.8,1.82626261517446,1.81366230120671
1.35,1.025,0.825,1.83021644305336,1.81949090720749
1.35,1.025,0.85,1.83394433280136,1.82493681716797
1.35,1.025,0.875,1.83747115640225,1.83010094911295
1.35,1.025,0.9,1.84082751901255,1.83489659651175
1.35,1.025,0.925,1.84396103996762,1.83938369523665
1.35,1.025,0.95,1.84690145876065,1.84358616927046
1.35,1.025,0.975,1.84972639347896,1.84757749234649
1.35,1.025,1,1.85237814993328,1.85130849251248
1.35,1.05,0.6,1.78796629063176,1.75321955680468
1.35,1.05,0.625,1.79430141469413,1.76281071873746
1.35,1.05,0.65,1.80018971905264,1.77189167950154
1.35,1.05,0.675,1.80580628690994,1.78047100279465
1.35,1.05,0.7,1.81115190170809,1.78855276742398
1.35,1.05,0.725,1.81618499889579,1.79613100105956
1.35,1.05,0.75,1.82090221579784,1.80322341165671
1.35,1.05,0.775,1.82533424264407,1.80990567416977
1.35,1.05,0.8,1.82954829310329,1.81610790662011
1.35,1.05,0.825,1.83350221936604,1.82193946591759
1.35,1.05,0.85,1.83723204230382,1.82739909602848
1.35,1.05,0.875,1.84075681510891,1.83254602112231
1.35,1.05,0.9,1.8441201913066,1.83732984408891
1.35,1.05,0.925,1.84725460480411,1.8418263877197
1.35,1.05,0.95,1.85019273923559,1.84604339838573
1.35,1.05,0.975,1.85301962687268,1.85002131673005
1.35,1.05,1,1.85566855707162,1.85375327926211
1.35,1.075,0.6,1.7910732720424,1.75537864871102
1.35,1.075,0.625,1.79738948748632,1.76498351065408
1.35,1.075,0.65,1.80333539349461,1.77409949223571
1.35,1.075,0.675,1.80897016677121,1.78270930369189
1.35,1.075,0.7,1.81429427451861,1.79079149579899
1.35,1.075,0.725,1.81931358864529,1.79836499976511
1.35,1.075,0.75,1.82405282523473,1.80547280983857
1.35,1.075,0.775,1.82849664668286,1.812164379652
1.35,1.075,0.8,1.83270481058937,1.81837510066651
1.35,1.075,0.825,1.83667411262909,1.82420948866098
1.35,1.075,0.85,1.84040990152524,1.82968265336441
1.35,1.075,0.875,1.84392111700593,1.83481656528524
1.35,1.075,0.9,1.84726422806346,1.83959525722065
1.35,1.075,0.925,1.85040930663897,1.84409865944815
1.35,1.075,0.95,1.85336461936901,1.84832945086296
1.35,1.075,0.975,1.85617337132854,1.85229883709583
1.35,1.075,1,1.85883136854444,1.85602994155264
1.35,1.1,0.6,1.79390945255097,1.7574794067953
1.35,1.1,0.625,1.8002785916362,1.76711159140707
1.35,1.1,0.65,1.80619643705415,1.7762284624453
1.35,1.1,0.675,1.81183355297855,1.78483561476171
1.35,1.1,0.7,1.81719568397458,1.79293524181596
1.35,1.1,0.725,1.82224155241514,1.80052709164729
1.35,1.1,0.75,1.82696911268157,1.80763201245046
1.35,1.1,0.775,1.83140918259125,1.81432290051883
1.35,1.1,0.8,1.83562864219295,1.82053202224606
1.35,1.1,0.825,1.83958780027233,1.82636791774389
1.35,1.1,0.85,1.84331955911173,1.83183170672021
1.35,1.1,0.875,1.84684576404649,1.83697801521987
1.35,1.1,0.9,1.85020938818719,1.84176166540829
1.35,1.1,0.925,1.85334395224025,1.84625885608529
1.35,1.1,0.95,1.85628229197145,1.85047743413075
1.35,1.1,0.975,1.8591077041339,1.85445292974785
1.35,1.1,1,1.86175611146421,1.85818381290333
1.35,1.125,0.6,1.79668781635416,1.75942767012007
1.35,1.125,0.625,1.80303708957624,1.76907238103509
1.35,1.125,0.65,1.80900691065443,1.77821892723941
1.35,1.125,0.675,1.81465990045423,1.78685226619686
1.35,1.125,0.7,1.82000030625757,1.79495246705253
1.35,1.125,0.725,1.82503228265589,1.80254001536085
1.35,1.125,0.75,1.82977951452224,1.80965766659155
1.35,1.125,0.775,1.83422977667471,1.81635646276922
1.35,1.125,0.8,1.8384429855361,1.82257306319704
1.35,1.125,0.825,1.84241579178096,1.82841105180763
1.35,1.125,0.85,1.84615289991774,1.83388651928479
1.35,1.125,0.875,1.84966587227036,1.83902103979404
1.35,1.125,0.9,1.85301011866507,1.84380032665662
1.35,1.125,0.925,1.85615440055011,1.84830316845894
1.35,1.125,0.95,1.85910858147802,1.85253376428166
1.35,1.125,0.975,1.86191668917021,1.85650166552611
1.35,1.125,1,1.86457333970184,1.86023142149077
1.35,1.15,0.6,1.79926701544872,1.76127596119816
1.35,1.15,0.625,1.8056507598654,1.77097090418144
1.35,1.15,0.65,1.81159969981385,1.78009047925007
1.35,1.15,0.675,1.81725409975431,1.7887024313944
1.35,1.15,0.7,1.82262227204269,1.79684356914158
1.35,1.15,0.725,1.82767627758829,1.80446792315513
1.35,1.15,0.75,1.83241269773962,1.8115673571127
1.35,1.15,0.775,1.83686501680767,1.818266450186
1.35,1.15,0.8,1.84108140694621,1.82448071644307
1.35,1.15,0.825,1.84504715059648,1.83031951876186
1.35,1.15,0.85,1.84878023325591,1.8357761068671
1.35,1.15,0.875,1.85230802332767,1.84093680229539
1.35,1.15,0.9,1.85566460604448,1.84573208569921
1.35,1.15,0.925,1.8587991461223,1.85022073372337
1.35,1.15,0.95,1.86174044006017,1.85442810777712
1.35,1.15,0.975,1.86456064088679,1.85841289123256
1.35,1.15,1,1.86721013534623,1.86214158584701
1.35,1.175,0.6,1.80171657115877,1.76309375716696
1.35,1.175,0.625,1.80809322977643,1.77277245724555
1.35,1.175,0.65,1.81408262009369,1.78194485945486
1.35,1.175,0.675,1.81975028865729,1.79059790699742
1.35,1.175,0.7,1.82510378602635,1.79871303594957
1.35,1.175,0.725,1.83014578869553,1.80631211840729
1.35,1.175,0.75,1.83489907659691,1.81343763789474
1.35,1.175,0.775,1.83935412033804,1.82014206878789
1.35,1.175,0.8,1.84357096275818,1.82636320573868
1.35,1.175,0.825,1.84754612458018,1.83220376936466
1.35,1.175,0.85,1.85128374760787,1.83768070827095
1.35,1.175,0.875,1.85479767860085,1.84281524009489
1.35,1.175,0.9,1.85814237044518,1.84759458905491
1.35,1.175,0.925,1.86128547980541,1.85209649292109
1.35,1.175,0.95,1.86423825436087,1.8563265178041
1.35,1.175,0.975,1.86704542647694,1.86029268629337
1.35,1.175,1,1.86970062825722,1.86402080985261
1.35,1.2,0.6,1.80403145552134,1.76476835911376
1.35,1.2,0.625,1.81043851018856,1.77449311108992
1.35,1.2,0.65,1.81640783403114,1.7836389900733
1.35,1.2,0.675,1.82207614470284,1.79227101429992
1.35,1.2,0.7,1.82745446898094,1.80042395278469
1.35,1.2,0.725,1.83251577374968,1.80805697843377
1.35,1.2,0.75,1.83725880290848,1.81516478867941
1.35,1.2,0.775,1.84171515887485,1.82186908699926
1.35,1.2,0.8,1.84593475341131,1.82808783991712
1.35,1.2,0.825,1.84990294550354,1.83392889427003
1.35,1.2,0.85,1.853636671927,1.83938789840726
1.35,1.2,0.875,1.85716388248203,1.8445466486493
1.35,1.2,0.9,1.86051971681604,1.84934096449039
1.35,1.2,0.925,1.86365378879507,1.85382939034197
1.35,1.2,0.95,1.86659458703689,1.85803760165007
1.35,1.2,0.975,1.86941282540349,1.86201952155127
1.35,1.2,1,1.87206128262252,1.86574653492999
1.35,1.225,0.6,1.80619655387229,1.76645032447175
1.35,1.225,0.625,1.81262618439278,1.77616098235116
1.35,1.225,0.65,1.81859788637171,1.78534528895458
1.35,1.225,0.675,1.82427060663733,1.79400427144125
1.35,1.225,0.7,1.82966006343154,1.80213629199395
1.35,1.225,0.725,1.83472640339789,1.80975235318729
1.35,1.225,0.75,1.83947084631545,1.81687874631464
1.35,1.225,0.775,1.8439232902694,1.82358416054618
1.35,1.225,0.8,1.84815008291975,1.8298045801692
1.35,1.225,0.825,1.85211680806038,1.83564669004374
1.35,1.225,0.85,1.8558496948854,1.841116584987
1.35,1.225,0.875,1.85937594449217,1.84625943303714
1.35,1.225,0.9,1.86273740048464,1.85104101804136
1.35,1.225,0.925,1.86587037744195,1.85553746088351
1.35,1.225,0.95,1.86880753526797,1.85975769524685
1.35,1.225,0.975,1.87162814935988,1.86372654206803
1.35,1.225,1,1.87427455992352,1.8674532726973
1.35,1.25,0.6,1.80832038332514,1.76794395205199
1.35,1.25,0.625,1.81474683309889,1.77769437364053
1.35,1.25,0.65,1.82073321475272,1.78686276001757
1.35,1.25,0.675,1.82641291395449,1.79551183752735
1.35,1.25,0.7,1.83179930007034,1.80367458654372
1.35,1.25,0.725,1.83686626729931,1.81131469420349
1.35,1.25,0.75,1.8416144649569,1.81842932518817
1.35,1.25,0.775,1.84607378527845,1.8251376855324
1.35,1.25,0.8,1.85029561793688,1.8313599632424
1.35,1.25,0.825,1.85426546822916,1.83720255706568
1.35,1.25,0.85,1.85799931179358,1.84266328929061
1.35,1.25,0.875,1.86152557859655,1.84781991905456
1.35,1.25,0.9,1.8648803193919,1.8526130602395
1.35,1.25,0.925,1.86801363470695,1.85710095663079
1.35,1.25,0.95,1.87095370271677,1.86130961645462
1.35,1.25,0.975,1.87376988274509,1.86528872204791
1.35,1.25,1,1.87641716624244,1.86901397323434
1.35,1.275,0.6,1.8102729907261,1.76948185305219
1.35,1.275,0.625,1.81672019898842,1.77921605431663
1.35,1.275,0.65,1.8227072137464,1.78842072539008
1.35,1.275,0.675,1.82838985486049,1.79709499991049
1.35,1.275,0.7,1.8337867229296,1.80523608740057
1.35,1.275,0.725,1.83885841814438,1.81285873023201
1.35,1.275,0.75,1.84360707484143,1.81999107777331
1.35,1.275,0.775,1.84806238851088,1.82670013778467
1.35,1.275,0.8,1.852290656294,1.83292332544866
1.35,1.275,0.825,1.85625882410151,1.83876666119126
1.35,1.275,0.85,1.85999137496004,1.84423777995742
1.35,1.275,0.875,1.86351698088457,1.84937883368341
1.35,1.275,0.9,1.86687718381632,1.85415910106194
1.35,1.275,0.925,1.87000906719304,1.85865479288255
1.35,1.275,0.95,1.87294526751904,1.86287503375163
1.35,1.275,0.975,1.87576393666555,1.86684122572166
1.35,1.275,1,1.878409181488,1.87056618200027
1.35,1.3,0.6,1.81220138840936,1.77087204908472
1.35,1.3,0.625,1.81862911813167,1.78061664920364
1.35,1.3,0.65,1.82465326538504,1.78983805382829
1.35,1.3,0.675,1.83034637127167,1.79852771410961
1.35,1.3,0.7,1.83572323903995,1.80667044007744
1.35,1.3,0.725,1.84078247795631,1.81429054158489
1.35,1.3,0.75,1.84554478140724,1.82142928483768
1.35,1.3,0.775,1.85000675890927,1.82814288309034
1.35,1.3,0.8,1.85422865415216,1.83437125211928
1.35,1.3,0.825,1.8582062373366,1.84021523242712
1.35,1.3,0.85,1.86194269124804,1.84569326207042
1.35,1.3,0.875,1.86545701200237,1.85082616796312
1.35,1.3,0.9,1.86880120093101,1.85560434291763
1.35,1.3,0.925,1.87194020994784,1.86010280140041
1.35,1.3,0.95,1.8748885203625,1.86433043317166
1.35,1.3,0.975,1.87769283478842,1.86829188935792
1.35,1.3,1,1.88034390577024,1.87201559472587
1.35,1.325,0.6,1.81395988736513,1.77224895723099
1.35,1.325,0.625,1.82042184671831,1.78200371937821
1.35,1.325,0.65,1.82642177796584,1.79122594680127
1.35,1.325,0.675,1.83211259602361,1.79991330502475
1.35,1.325,0.7,1.83751539348875,1.80806207902007
1.35,1.325,0.725,1.8425912666327,1.81569021357452
1.35,1.325,0.75,1.84734318810184,1.82282739098918
1.35,1.325,0.775,1.85180060584526,1.82953930728295
1.35,1.325,0.8,1.85602976394258,1.83576462718195
1.35,1.325,0.825,1.85999883536859,1.84160872166411
1.35,1.325,0.85,1.86373076431659,1.84708059466295
1.35,1.325,0.875,1.86725547426167,1.85221978595826
1.35,1.325,0.9,1.87061425150786,1.85699866752046
1.35,1.325,0.925,1.8737449153335,1.86149341051909
1.35,1.325,0.95,1.87668004639414,1.8657134125273
1.35,1.325,0.975,1.87949674951293,1.86967705439629
1.35,1.325,1,1.88214075359662,1.87340023009772
1.35,1.35,0.6,1.81571027043522,1.7735191438003
1.35,1.35,0.625,1.82215289225925,1.78328391069553
1.35,1.35,0.65,1.82818728814836,1.79252026864355
1.35,1.35,0.675,1.83388763361953,1.80122093252491
1.35,1.35,0.7,1.83927079636053,1.80937163897198
1.35,1.35,0.725,1.84433456381351,1.81699767440331
1.35,1.35,0.75,1.84909908766888,1.82414002583754
1.35,1.35,0.775,1.85356258070767,1.83085587400074
1.35,1.35,0.8,1.85778537651308,1.83708593401045
1.35,1.35,0.825,1.86176315866615,1.84293040274968
1.35,1.35,0.85,1.86549877398096,1.84840827887716
1.35,1.35,0.875,1.86901260169042,1.85354014291489
1.35,1.35,0.9,1.87235601182506,1.85831741723842
1.35,1.35,0.925,1.87549337396434,1.8628143721163
1.35,1.35,0.95,1.87843997437258,1.8670408365447
1.35,1.35,0.975,1.88124287616386,1.87100036779996
1.35,1.35,1,1.88389230919113,1.8747222803947
1.35,1.375,0.6,1.8173398831602,1.77472925718541
1.35,1.375,0.625,1.82380215438237,1.78452724300938
1.35,1.375,0.65,1.82982072880415,1.79374069000168
1.35,1.375,0.675,1.83552100786414,1.80242349312136
1.35,1.375,0.7,1.84092064543904,1.81060209381794
1.35,1.375,0.725,1.84599624234694,1.81825331267991
1.35,1.375,0.75,1.85075317703428,1.82538065750911
1.35,1.375,0.775,1.85521621353857,1.83209592011248
1.35,1.375,0.8,1.85944105956084,1.838323431135
1.35,1.375,0.825,1.86341260760186,1.84416770053733
1.35,1.375,0.85,1.86714544643777,1.84963130388068
1.35,1.375,0.875,1.87066775324591,1.85478149162615
1.35,1.375,0.9,1.87401883397241,1.85957004390012
1.35,1.375,0.925,1.87714977900197,1.86405612200295
1.35,1.375,0.95,1.88008756231975,1.86826564361998
1.35,1.375,0.975,1.88289823358623,1.87223716105588
1.35,1.375,1,1.8855421544166,1.87595802136222
1.35,1.4,0.6,1.81885915830503,1.77597350572166
1.35,1.4,0.625,1.82534194646642,1.7857508843616
1.35,1.4,0.65,1.83135523682395,1.7949970747413
1.35,1.4,0.675,1.8370547736107,1.80370131019936
1.35,1.4,0.7,1.84246705789898,1.81185694498045
1.35,1.4,0.725,1.84754871433907,1.81949066032891
1.35,1.4,0.75,1.85230315866978,1.82663386402942
1.35,1.4,0.775,1.85676203886528,1.8333499864896
1.35,1.4,0.8,1.86099280747112,1.83957599329539
1.35,1.4,0.825,1.86496179593129,1.84542106087001
1.35,1.4,0.85,1.86869175040285,1.85089367533863
1.35,1.4,0.875,1.87221579656701,1.85602980003616
1.35,1.4,0.9,1.87557398182423,1.86080484493502
1.35,1.4,0.925,1.87870200106524,1.86529804275472
1.35,1.4,0.95,1.8816341309549,1.86951817684215
1.35,1.4,0.975,1.88444949661015,1.8734770832273
1.35,1.4,1,1.88709102860105,1.87719802079254
1.35,1.425,0.6,1.82038219476538,1.77708141411001
1.35,1.425,0.625,1.82684681601037,1.78687521651485
1.35,1.425,0.65,1.83289146941071,1.79612627491304
1.35,1.425,0.675,1.83859918360241,1.8048359655751
1.35,1.425,0.7,1.84399202496728,1.8130002593891
1.35,1.425,0.725,1.84906142846993,1.82063767407989
1.35,1.425,0.75,1.85382748028917,1.82778014308532
1.35,1.425,0.775,1.85829073579781,1.83449961778916
1.35,1.425,0.8,1.86251579005999,1.84073026935829
1.35,1.425,0.825,1.86649239461998,1.84657574024739
1.35,1.425,0.85,1.87022595303587,1.85204981356762
1.35,1.425,0.875,1.87373862912499,1.8571836491951
1.35,1.425,0.9,1.87708224752318,1.8619612050612
1.35,1.425,0.925,1.88021684184808,1.86645315014948
1.35,1.425,0.95,1.88315980068282,1.87067564289474
1.35,1.425,0.975,1.88596157947356,1.87463451855581
1.35,1.425,1,1.88860787163998,1.87835441681037
1.35,1.45,0.6,1.82180323497113,1.77816828764066
1.35,1.45,0.625,1.82826937638453,1.78796962571529
1.35,1.45,0.65,1.83431963066413,1.79722723339401
1.35,1.45,0.675,1.84003030544803,1.80594356990514
1.35,1.45,0.7,1.84542302174409,1.81410954108768
1.35,1.45,0.725,1.85049379364638,1.82174654787436
1.35,1.45,0.75,1.85526058712217,1.8288923937794
1.35,1.45,0.775,1.85972628580979,1.83561075867404
1.35,1.45,0.8,1.86394921691438,1.84184379771605
1.35,1.45,0.825,1.86792688851272,1.84768824907018
1.35,1.45,0.85,1.87165996323813,1.85316432796961
1.35,1.45,0.875,1.87517291972006,1.85829438182267
1.35,1.45,0.9,1.87851425123046,1.86307126231475
1.35,1.45,0.925,1.88164791566836,1.86756429879696
1.35,1.45,0.95,1.88459107317539,1.87178758124032
1.35,1.45,0.975,1.88739116236992,1.87574439512621
1.35,1.45,1,1.89003767077249,1.87946270053788
1.35,1.475,0.6,1.82314801643536,1.77919523469201
1.35,1.475,0.625,1.8296308081789,1.7890251671313
1.35,1.475,0.65,1.8356659053858,1.79826158767878
1.35,1.475,0.675,1.84137612482471,1.80696125824591
1.35,1.475,0.7,1.84678358196307,1.81515185759768
1.35,1.475,0.725,1.85186401481336,1.82281105215515
1.35,1.475,0.75,1.85662402346557,1.82994342715578
1.35,1.475,0.775,1.86108858910463,1.83666087529535
1.35,1.475,0.8,1.86531368035404,1.84289146065589
1.35,1.475,0.825,1.86928520387096,1.84873559685334
1.35,1.475,0.85,1.87301562462344,1.85419870745825
1.35,1.475,0.875,1.87653616267636,1.85934518321056
1.35,1.475,0.9,1.87988465095456,1.86413215639758
1.35,1.475,0.925,1.88301256791082,1.8686155702565
1.35,1.475,0.95,1.88594746591498,1.87282334734929
1.35,1.475,0.975,1.88875499092879,1.87679104884336
1.35,1.475,1,1.89139639121426,1.88050832212302
1.35,1.5,0.6,1.82442300748043,1.78025059048649
1.35,1.5,0.625,1.83092080450021,1.79005841581328
1.35,1.5,0.65,1.83695273661989,1.79932539288123
1.35,1.5,0.675,1.84266254363855,1.80804560037108
1.35,1.5,0.7,1.8480780494667,1.81621270482994
1.35,1.5,0.725,1.85316216183745,1.82385344621628
1.35,1.5,0.75,1.85792058693548,1.83100120429511
1.35,1.5,0.775,1.86238129643205,1.83771879401672
1.35,1.5,0.8,1.866610700734,1.84394794283351
1.35,1.5,0.825,1.87058026793571,1.84979220173774
1.35,1.5,0.85,1.87430872039441,1.85526438229123
1.35,1.5,0.875,1.87782910630283,1.86039673851799
1.35,1.5,0.9,1.88118224708079,1.86517038554096
1.35,1.5,0.925,1.88430829150355,1.86966098001072
1.35,1.5,0.95,1.88723932461765,1.87387916169355
1.35,1.5,0.975,1.89004927868511,1.87783453719961
1.35,1.5,1,1.89268879717416,1.88155169137455
1.375,0.75,0.6,1.72517836493409,1.70776268292854
1.375,0.75,0.625,1.73096286009454,1.71685996835996
1.375,0.75,0.65,1.73645246785901,1.72553209808196
1.375,0.75,0.675,1.7417795466679,1.73380641768514
1.375,0.75,0.7,1.74679362530502,1.74168630048354
1.375,0.75,0.725,1.7516176465977,1.74906799531744
1.375,0.75,0.75,1.7562210637491,1.75601209796973
1.375,0.75,0.775,1.76050220197171,1.76266218796625
1.375,0.75,0.8,1.7646228241857,1.76893371056507
1.375,0.75,0.825,1.76857727986821,1.77477382465785
1.375,0.75,0.85,1.77227177822347,1.78025593907592
1.375,0.75,0.875,1.77573861621328,1.78539207873313
1.375,0.75,0.9,1.77909083670918,1.79027994770253
1.375,0.75,0.925,1.78222004087637,1.79485186159032
1.375,0.75,0.95,1.78523878003822,1.79916164604059
1.375,0.75,0.975,1.78804437591436,1.8032326391176
1.375,0.75,1,1.79074740640946,1.80702372604911
1.375,0.775,0.6,1.73183958028811,1.71209119041698
1.375,0.775,0.625,1.73764469320454,1.72123446501869
1.375,0.775,0.65,1.74323939318349,1.72997546837886
1.375,0.775,0.675,1.74858040698451,1.73829365634905
1.375,0.775,0.7,1.75365872274995,1.74623410474908
1.375,0.775,0.725,1.75850414300464,1.75366052608232
1.375,0.775,0.75,1.76311769981828,1.76069379392186
1.375,0.775,0.775,1.76755120980159,1.7672834181715
1.375,0.775,0.8,1.77160297931041,1.7736075330067
1.375,0.775,0.825,1.77553786505103,1.77943929569333
1.375,0.775,0.85,1.77927382888372,1.78495525949075
1.375,0.775,0.875,1.78279104688653,1.79013879364856
1.375,0.775,0.9,1.78612162688822,1.79501199040568
1.375,0.775,0.925,1.78928508019475,1.79959131193186
1.375,0.775,0.95,1.79228317988781,1.8038995845001
1.375,0.775,0.975,1.7951106654332,1.80797826622686
1.375,0.775,1,1.79780710937511,1.81178009380081
1.375,0.8,0.6,1.73783950892676,1.71615612317368
1.375,0.8,0.625,1.74377423695438,1.72539645732319
1.375,0.8,0.65,1.74939499332751,1.7341917673956
1.375,0.8,0.675,1.75482417460368,1.74256603441757
1.375,0.8,0.7,1.75992932942492,1.7505312722989
1.375,0.8,0.725,1.76482750950577,1.75798504965876
1.375,0.8,0.75,1.76944088640838,1.76504481131992
1.375,0.8,0.775,1.77384033249395,1.77167763981618
1.375,0.8,0.8,1.77808790767425,1.77790164898042
1.375,0.8,0.825,1.78199010937183,1.7838607580428
1.375,0.8,0.85,1.78571928078175,1.78936768407523
1.375,0.8,0.875,1.78921501266261,1.7945288072565
1.375,0.8,0.9,1.79259007036478,1.79942974994651
1.375,0.8,0.925,1.79574214730679,1.80401494068061
1.375,0.8,0.95,1.79877363818663,1.80833432132226
1.375,0.8,0.975,1.80159470087441,1.81241386216052
1.375,0.8,1,1.80430810365102,1.81621288567027
1.375,0.825,0.6,1.74370229142235,1.72000323936857
1.375,0.825,0.625,1.74964398545967,1.72927951189497
1.375,0.825,0.65,1.75535053682205,1.73813045950208
1.375,0.825,0.675,1.76078435744867,1.74653851668337
1.375,0.825,0.7,1.76594035203046,1.75455320292718
1.375,0.825,0.725,1.77085230059439,1.7620425043793
1.375,0.825,0.75,1.77551942888498,1.76912803596515
1.375,0.825,0.775,1.77994550790394,1.77580906661811
1.375,0.825,0.8,1.78410645158832,1.78209690695511
1.375,0.825,0.825,1.78814051750073,1.78789285409421
1.375,0.825,0.85,1.79182088956073,1.79351026190317
1.375,0.825,0.875,1.7953616488476,1.79870940470578
1.375,0.825,0.9,1.79871399780144,1.80359541050718
1.375,0.825,0.925,1.8018941399862,1.80818542252173
1.375,0.825,0.95,1.8049052474137,1.81250187865154
1.375,0.825,0.975,1.80774352919484,1.81658696092515
1.375,0.825,1,1.81044935916591,1.82039471675465
1.375,0.85,0.6,1.74904082673457,1.72352679595694
1.375,0.85,0.625,1.75508827531097,1.73292110186326
1.375,0.85,0.65,1.76081948828906,1.74181671816478
1.375,0.85,0.675,1.76631891882116,1.7502768049988
1.375,0.85,0.7,1.7715079119723,1.75831433118614
1.375,0.85,0.725,1.77644664906042,1.76581862433112
1.375,0.85,0.75,1.7811178744022,1.77292296020905
1.375,0.85,0.775,1.78554881386729,1.77957983471091
1.375,0.85,0.8,1.78975889109612,1.78593389168825
1.375,0.85,0.825,1.79377150103603,1.79183524722067
1.375,0.85,0.85,1.79755004346793,1.79731988855534
1.375,0.85,0.875,1.80102343809219,1.80252585962203
1.375,0.85,0.9,1.80441298864812,1.80745000419551
1.375,0.85,0.925,1.80758573544532,1.81204307641974
1.375,0.85,0.95,1.81062001336877,1.81637372884223
1.375,0.85,0.975,1.81345920799605,1.82045924996751
1.375,0.85,1,1.81617009714858,1.82426057379849
1.375,0.875,0.6,1.75414171081856,1.72705077700253
1.375,0.875,0.625,1.76019115741732,1.73643555061424
1.375,0.875,0.65,1.76598494932674,1.74537549924347
1.375,0.875,0.675,1.77149042786155,1.75385553764991
1.375,0.875,0.7,1.7767058846156,1.76192895822949
1.375,0.875,0.725,1.78166858694641,1.7694675155704
1.375,0.875,0.75,1.78637738879037,1.77659209832584
1.375,0.875,0.775,1.79083487408838,1.78330464720519
1.375,0.875,0.8,1.79502307376784,1.7896193899896
1.375,0.875,0.825,1.79901777441407,1.79550145665022
1.375,0.875,0.85,1.80279658921438,1.80105295796115
1.375,0.875,0.875,1.80640521570963,1.80621180651359
1.375,0.875,0.9,1.80970327651167,1.8111760206476
1.375,0.875,0.925,1.81289677176858,1.81577106572234
1.375,0.875,0.95,1.81591678149386,1.82009211639148
1.375,0.875,0.975,1.81876195968339,1.8241807967285
1.375,0.875,1,1.82147357638326,1.82799206973611
1.375,0.9,0.6,1.75884558296398,1.73018737591485
1.375,0.9,0.625,1.76498416501337,1.73967616916429
1.375,0.9,0.65,1.77079472523351,1.74865270179212
1.375,0.9,0.675,1.77635461364176,1.75717650999228
1.375,0.9,0.7,1.7815956929913,1.76526737668975
1.375,0.9,0.725,1.78657907280273,1.7728167153622
1.375,0.9,0.75,1.79128844951465,1.77995584113536
1.375,0.9,0.775,1.7957479986905,1.78664336461707
1.375,0.9,0.8,1.79997952994957,1.79301523019949
1.375,0.9,0.825,1.80400920120766,1.79893481389326
1.375,0.9,0.85,1.80777148052757,1.80446800605427
1.375,0.9,0.875,1.81130362698847,1.80964527483623
1.375,0.9,0.9,1.8147361778367,1.81454103197493
1.375,0.9,0.925,1.81787559936172,1.81918394582183
1.375,0.9,0.95,1.82091622981051,1.82351600104027
1.375,0.9,0.975,1.82376145420353,1.8276040221504
1.375,0.9,1,1.8264768001887,1.83140884841295
1.375,0.925,0.6,1.76325811796372,1.73335351072219
1.375,0.925,0.625,1.76944046659256,1.74284544204601
1.375,0.925,0.65,1.77527809009712,1.75185571993513
1.375,0.925,0.675,1.78086884817508,1.76040077451939
1.375,0.925,0.7,1.78611918357308,1.76851056765925
1.375,0.925,0.725,1.79113432124469,1.77608288612135
1.375,0.925,0.75,1.79585414892242,1.78323646123436
1.375,0.925,0.775,1.80032773842046,1.78995247337913
1.375,0.925,0.8,1.80456031491789,1.79630707926177
1.375,0.925,0.825,1.8086057594716,1.80221833481813
1.375,0.925,0.85,1.81237676514578,1.80776999979595
1.375,0.925,0.875,1.81591171545395,1.81297231543636
1.375,0.925,0.9,1.81931679249345,1.81788667336141
1.375,0.925,0.925,1.82256337090844,1.82242585905683
1.375,0.925,0.95,1.82553587214679,1.82682643403676
1.375,0.925,0.975,1.82837738911508,1.83091397581294
1.375,0.925,1,1.83110116654895,1.83472186767461
1.375,0.95,0.6,1.76750399562511,1.73614295656766
1.375,0.95,0.625,1.7737153036824,1.74570959746778
1.375,0.95,0.65,1.77958883288996,1.75475277583187
1.375,0.95,0.675,1.78519601042133,1.76332841581933
1.375,0.95,0.7,1.79047742094312,1.77146245222825
1.375,0.95,0.725,1.79549534637094,1.77904804575839
1.375,0.95,0.75,1.80023390593802,1.78621475512306
1.375,0.95,0.775,1.8047148858571,1.79292660554083
1.375,0.95,0.8,1.80896224861148,1.79931117776162
1.375,0.95,0.825,1.81300549737616,1.80524293457712
1.375,0.95,0.85,1.81677980885551,1.81078792938479
1.375,0.95,0.875,1.82032143122435,1.81597811937374
1.375,0.95,0.9,1.8237255358634,1.82091131154367
1.375,0.95,0.925,1.82691653231212,1.82551375667369
1.375,0.95,0.95,1.82998927507318,1.82981752739584
1.375,0.95,0.975,1.83279701303533,1.83394774173935
1.375,0.95,1,1.83551649570697,1.83775300167489
1.375,0.975,0.6,1.7714071450245,1.73899128608379
1.375,0.975,0.625,1.77765554041204,1.74855411799973
1.375,0.975,0.65,1.78355002185982,1.75762460732456
1.375,0.975,0.675,1.78918241040022,1.76621650626233
1.375,0.975,0.7,1.79446956942363,1.77436524871702
1.375,0.975,0.725,1.79951385703961,1.78196930773401
1.375,0.975,0.75,1.80425976336437,1.78914732582911
1.375,0.975,0.775,1.8087510060626,1.79588455258653
1.375,0.975,0.8,1.81299874611649,1.80225076405239
1.375,0.975,0.825,1.81705570781717,1.80817209030366
1.375,0.975,0.85,1.82083629280958,1.81373366429868
1.375,0.975,0.875,1.82437935346323,1.81894601897976
1.375,0.975,0.9,1.82778807768067,1.82386428152848
1.375,0.975,0.925,1.83097763778375,1.82846977454408
1.375,0.975,0.95,1.83402375498276,1.83279910343903
1.375,0.975,0.975,1.83681243238582,1.83694355951094
1.375,0.975,1,1.83958366026276,1.84070608557713
1.375,1,0.6,1.77517467447391,1.74148555552844
1.375,1,0.625,1.78144431577035,1.75111666010422
1.375,1,0.65,1.78736831528631,1.76021481305732
1.375,1,0.675,1.79301270889593,1.76883275510854
1.375,1,0.7,1.79832571128165,1.77700180128057
1.375,1,0.725,1.80337047627154,1.78461673687582
1.375,1,0.75,1.80813157279423,1.79180537533798
1.375,1,0.775,1.81262870009433,1.79853654483247
1.375,1,0.8,1.81688755740321,1.80493035035507
1.375,1,0.825,1.8209405764806,1.81087107707177
1.375,1,0.85,1.82472375968926,1.81642472539622
1.375,1,0.875,1.8282728455887,1.82162417302341
1.375,1,0.9,1.83168006264552,1.82655930632311
1.375,1,0.925,1.83487434117948,1.83116572937699
1.375,1,0.95,1.83791628607263,1.83550142083375
1.375,1,0.975,1.84076752248116,1.83959023849246
1.375,1,1,1.8435168423655,1.84336785226829
1.375,1.025,0.6,1.77863764665186,1.74405233372891
1.375,1.025,0.625,1.78493948850825,1.7536748617427
1.375,1.025,0.65,1.79087983393144,1.76279597082041
1.375,1.025,0.675,1.79654522154176,1.77142684169089
1.375,1.025,0.7,1.8018614394593,1.77960777209345
1.375,1.025,0.725,1.80692848564248,1.78723786747118
1.375,1.025,0.75,1.81169465432452,1.79443566040752
1.375,1.025,0.775,1.81619918823968,1.80119005080589
1.375,1.025,0.8,1.82045812010696,1.80756488479013
1.375,1.025,0.825,1.82452336248471,1.81349365025241
1.375,1.025,0.85,1.82831082849,1.81906274880816
1.375,1.025,0.875,1.83185975357988,1.82428279716398
1.375,1.025,0.9,1.83527146003149,1.82920225121377
1.375,1.025,0.925,1.83846469191654,1.83381010011663
1.375,1.025,0.95,1.84150936620495,1.83814107798041
1.375,1.025,0.975,1.84435430880818,1.84223106663628
1.375,1.025,1,1.84707965729326,1.846039796513
1.375,1.05,0.6,1.78202877550531,1.7463805241518
1.375,1.05,0.625,1.78831458883233,1.75601948172227
1.375,1.05,0.65,1.79429438286797,1.76516497827911
1.375,1.05,0.675,1.7999498996805,1.77380749190264
1.375,1.05,0.7,1.80528712619803,1.78201107355036
1.375,1.05,0.725,1.81035248985809,1.78965764974143
1.375,1.05,0.75,1.81514332936739,1.796865253312
1.375,1.05,0.775,1.8196593862589,1.80364195345062
1.375,1.05,0.8,1.82390408793293,1.81000506418043
1.375,1.05,0.825,1.82794616781848,1.81592929077054
1.375,1.05,0.85,1.83175041393136,1.82150999708796
1.375,1.05,0.875,1.83532297761725,1.82675037691943
1.375,1.05,0.9,1.83871358989315,1.8316605415577
1.375,1.05,0.925,1.8419199394446,1.8362689488029
1.375,1.05,0.95,1.84494891408999,1.84059631399378
1.375,1.05,0.975,1.84780077651317,1.84468772750241
1.375,1.05,1,1.85051778950434,1.84850195502134
1.375,1.075,0.6,1.78507559450843,1.74861245558698
1.375,1.075,0.625,1.79142091730061,1.75828515952466
1.375,1.075,0.65,1.79739852870559,1.76744856285397
1.375,1.075,0.675,1.80309021124905,1.77611165757321
1.375,1.075,0.7,1.80842955306371,1.78431906274831
1.375,1.075,0.725,1.81351441689141,1.79197045316889
1.375,1.075,0.75,1.81829642055162,1.79918416946931
1.375,1.075,0.775,1.82281095476022,1.80595227574113
1.375,1.075,0.8,1.82707813443415,1.81233352600769
1.375,1.075,0.825,1.8311492052649,1.81826784804116
1.375,1.075,0.85,1.83494151377667,1.82384250904617
1.375,1.075,0.875,1.83849454673336,1.82906842021288
1.375,1.075,0.9,1.84190792209569,1.83398806032444
1.375,1.075,0.925,1.84510368422924,1.83859702638417
1.375,1.075,0.95,1.84814737205468,1.84292769757668
1.375,1.075,0.975,1.8509924855262,1.8470177345836
1.375,1.075,1,1.85371571923272,1.85082767761896
1.375,1.1,0.6,1.78810665518471,1.7507117955002
1.375,1.1,0.625,1.79443409793518,1.76039910864941
1.375,1.1,0.65,1.80044611559842,1.76958321145689
1.375,1.1,0.675,1.8061269866203,1.77825574225369
1.375,1.1,0.7,1.81148426298121,1.78648270943455
1.375,1.1,0.725,1.81656612647292,1.79414843268507
1.375,1.1,0.75,1.82136973572368,1.80137020078229
1.375,1.1,0.775,1.82589432821237,1.8081575362484
1.375,1.1,0.8,1.83014719067269,1.81452798809688
1.375,1.1,0.825,1.83419584981259,1.8204583772487
1.375,1.1,0.85,1.83800318672932,1.82604269591763
1.375,1.1,0.875,1.84157776422626,1.83128632944145
1.375,1.1,0.9,1.84497077926827,1.83619766817587
1.375,1.1,0.925,1.84817815366373,1.84080675945276
1.375,1.1,0.95,1.85120715221897,1.84513392383256
1.375,1.1,0.975,1.85405841948917,1.84922476963859
1.375,1.1,1,1.85677440031081,1.85303890558864
1.375,1.125,0.6,1.79087141770742,1.75264123184602
1.375,1.125,0.625,1.79724385723628,1.7623925383578
1.375,1.125,0.65,1.80325663421868,1.77159315163874
1.375,1.125,0.675,1.80896409912631,1.78028844909722
1.375,1.125,0.7,1.81433010900075,1.78852118954386
1.375,1.125,0.725,1.81941974226326,1.79618904787241
1.375,1.125,0.75,1.82421799984102,1.80341600108644
1.375,1.125,0.775,1.8287400982109,1.81018139207073
1.375,1.125,0.8,1.83301530424066,1.81658820842213
1.375,1.125,0.825,1.83708201254014,1.82254235986092
1.375,1.125,0.85,1.84087787131591,1.82810957499041
1.375,1.125,0.875,1.84443744579874,1.83332470188633
1.375,1.125,0.9,1.84784727850802,1.83825920900043
1.375,1.125,0.925,1.85104697867316,1.84286803629669
1.375,1.125,0.95,1.85408603276008,1.84720226681155
1.375,1.125,0.975,1.85693547709182,1.85129140892274
1.375,1.125,1,1.85965251931468,1.85510074492933
1.375,1.15,0.6,1.79354588182914,1.75463124412979
1.375,1.15,0.625,1.79990783542712,1.76435976490318
1.375,1.15,0.65,1.80594629914722,1.77357658846956
1.375,1.15,0.675,1.81164777310016,1.78227433965567
1.375,1.15,0.7,1.81702115052443,1.79052075968505
1.375,1.15,0.725,1.8221161350923,1.79820232589484
1.375,1.15,0.75,1.82692971960809,1.80543562643305
1.375,1.15,0.775,1.83146070979302,1.81223145057464
1.375,1.15,0.8,1.83571973954033,1.81860755620415
1.375,1.15,0.825,1.83977324055667,1.82454265723664
1.375,1.15,0.85,1.84358248953337,1.83012948034297
1.375,1.15,0.875,1.8471581229661,1.83537538286266
1.375,1.15,0.9,1.85055257268617,1.84028717239807
1.375,1.15,0.925,1.85376025953716,1.84489633197669
1.375,1.15,0.95,1.85678877537378,1.84922279023308
1.375,1.15,0.975,1.85963914450116,1.85331256431124
1.375,1.15,1,1.86235405507503,1.85712592936706
1.375,1.175,0.6,1.79602525066688,1.75637644267859
1.375,1.175,0.625,1.80242688763646,1.76616366229733
1.375,1.175,0.65,1.80846453039425,1.77539469635258
1.375,1.175,0.675,1.81418941540766,1.78411254993429
1.375,1.175,0.7,1.81956972000719,1.79236349916933
1.375,1.175,0.725,1.82467125064054,1.80004642526434
1.375,1.175,0.75,1.82947906763367,1.80728396846387
1.375,1.175,0.775,1.83400733929639,1.81405865255561
1.375,1.175,0.8,1.83828616289062,1.82046830264007
1.375,1.175,0.825,1.84235569977158,1.82642549961754
1.375,1.175,0.85,1.84615421260857,1.83199589857126
1.375,1.175,0.875,1.84971584326745,1.83721488406912
1.375,1.175,0.9,1.85312545594816,1.8421482381466
1.375,1.175,0.925,1.8563257825931,1.84675694042315
1.375,1.175,0.95,1.85936332137609,1.85108978501805
1.375,1.175,0.975,1.86221183930325,1.85517775419291
1.375,1.175,1,1.86492771574873,1.85898663378037
1.375,1.2,0.6,1.79836759681149,1.75820732069407
1.375,1.2,0.625,1.80479059591941,1.76797529156087
1.375,1.2,0.65,1.81083525712356,1.77721839708468
1.375,1.2,0.675,1.81657207216616,1.78594110556675
1.375,1.2,0.7,1.82195122525187,1.79419736630017
1.375,1.2,0.725,1.82706591860799,1.80188740185135
1.375,1.2,0.75,1.83187457104637,1.80912919454248
1.375,1.2,0.775,1.83640448540921,1.81592144768572
1.375,1.2,0.8,1.84068343436314,1.82231206821185
1.375,1.2,0.825,1.84476182840862,1.82825465722927
1.375,1.2,0.85,1.84856063702052,1.83383754448205
1.375,1.2,0.875,1.85211909791449,1.83907308473705
1.375,1.2,0.9,1.8555325619911,1.8439905700751
1.375,1.2,0.925,1.8587310015363,1.84859952328266
1.375,1.2,0.95,1.86177028719497,1.85292722956905
1.375,1.2,0.975,1.86461425642794,1.85701486335212
1.375,1.2,1,1.8673335820966,1.86082333675911
1.375,1.225,0.6,1.80066019761062,1.75977072673112
1.375,1.225,0.625,1.80708627389012,1.76958872537863
1.375,1.225,0.65,1.81314457338208,1.7788458727992
1.375,1.225,0.675,1.81888373678278,1.78758287766677
1.375,1.225,0.7,1.82427558465927,1.79584918953489
1.375,1.225,0.725,1.82938671092999,1.80354475129294
1.375,1.225,0.75,1.83420208388142,1.8107910156281
1.375,1.225,0.775,1.83873503270262,1.81757337277094
1.375,1.225,0.8,1.84301636669937,1.8239848737185
1.375,1.225,0.825,1.84708779837247,1.82994417418626
1.375,1.225,0.85,1.85088808106384,1.83551694761602
1.375,1.225,0.875,1.8544509779573,1.84073898947913
1.375,1.225,0.9,1.85785995144207,1.84567083061714
1.375,1.225,0.925,1.86106037893693,1.85027904816517
1.375,1.225,0.95,1.86409622131265,1.85461028381279
1.375,1.225,0.975,1.86694354844109,1.85869688194086
1.375,1.225,1,1.86965810215011,1.8625050409767
1.375,1.25,0.6,1.80277003858737,1.76144536168946
1.375,1.25,0.625,1.80921564231507,1.7712421865399
1.375,1.25,0.65,1.81527943210237,1.78050930670347
1.375,1.25,0.675,1.82102897761492,1.78924966661649
1.375,1.25,0.7,1.82641908947245,1.79752008548698
1.375,1.25,0.725,1.8315417988695,1.8052212656653
1.375,1.25,0.75,1.83635737981534,1.81247090586299
1.375,1.25,0.775,1.84089102211257,1.81926974664729
1.375,1.25,0.8,1.84517263961925,1.82566239195837
1.375,1.25,0.825,1.84925240520288,1.83160673541075
1.375,1.25,0.85,1.85305231494838,1.83719144650146
1.375,1.25,0.875,1.85661159425296,1.842429241836
1.375,1.25,0.9,1.8600243797394,1.84734534006882
1.375,1.25,0.925,1.86322283658054,1.85195365715928
1.375,1.25,0.95,1.86626024852889,1.85627981615837
1.375,1.25,0.975,1.86910322893873,1.86036606627462
1.375,1.25,1,1.87182087187133,1.8641735065027
1.375,1.275,0.6,1.80484219822219,1.76286426736915
1.375,1.275,0.625,1.811288743712,1.77270870930851
1.375,1.275,0.65,1.8173643393188,1.78198818562426
1.375,1.275,0.675,1.82311521451735,1.79074140662514
1.375,1.275,0.7,1.82851647129246,1.79902062132321
1.375,1.275,0.725,1.83363530500562,1.8067267826716
1.375,1.275,0.75,1.83845668591041,1.81398018273212
1.375,1.275,0.775,1.84299316905881,1.82076879523413
1.375,1.275,0.8,1.84727614895594,1.82718142642467
1.375,1.275,0.825,1.85134868697361,1.83314217888343
1.375,1.275,0.85,1.85515008176622,1.83871662308167
1.375,1.275,0.875,1.85871371066307,1.84394099306571
1.375,1.275,0.9,1.86212168959771,1.84887114837119
1.375,1.275,0.925,1.86532185837102,1.85347860126344
1.375,1.275,0.95,1.86835586540435,1.8578081100868
1.375,1.275,0.975,1.87120186050418,1.86189318935141
1.375,1.275,1,1.87391495245428,1.86570047698638
1.375,1.3,0.6,1.80674839546179,1.76440091799033
1.375,1.3,0.625,1.81321300622718,1.7742224203915
1.375,1.3,0.65,1.81929282136151,1.78351007980528
1.375,1.3,0.675,1.8250528398328,1.79226536518141
1.375,1.3,0.7,1.83045188506114,1.80054768207015
1.375,1.3,0.725,1.8355810341033,1.80825815901163
1.375,1.3,0.75,1.840402115218,1.81551420813428
1.375,1.3,0.775,1.84493851998589,1.8223184149568
1.375,1.3,0.8,1.84922196287577,1.82871233103968
1.375,1.3,0.825,1.85330246088646,1.83465776893249
1.375,1.3,0.85,1.85710294563573,1.84024372351137
1.375,1.3,0.875,1.86066257993461,1.84548321206379
1.375,1.3,0.9,1.8640743928921,1.85039769897983
1.375,1.3,0.925,1.86727252977528,1.85500514740221
1.375,1.3,0.95,1.87030799935485,1.85932963360956
1.375,1.3,0.975,1.87314981791547,1.86341438885196
1.375,1.3,1,1.875865734959,1.86722067457712
1.375,1.325,0.6,1.80865230868258,1.76576270447722
1.375,1.325,0.625,1.81509753797906,1.77559531140811
1.375,1.325,0.65,1.821197720635,1.78489383769275
1.375,1.325,0.675,1.82694654776733,1.79365313569836
1.375,1.325,0.7,1.83235571208503,1.80194616995388
1.375,1.325,0.725,1.83747943679518,1.80966524075737
1.375,1.325,0.75,1.84231359763116,1.81692490137286
1.375,1.325,0.775,1.84685616744774,1.82373890780771
1.375,1.325,0.8,1.85112717837068,1.83012616568457
1.375,1.325,0.825,1.85518948095155,1.83607050961576
1.375,1.325,0.85,1.85899967833172,1.84166041836457
1.375,1.325,0.875,1.86257431400651,1.8469093472103
1.375,1.325,0.9,1.86596962848271,1.85181949070408
1.375,1.325,0.925,1.86917506275667,1.85642624100037
1.375,1.325,0.95,1.87219969161855,1.86074816650892
1.375,1.325,0.975,1.8750452376615,1.86483264690911
1.375,1.325,1,1.87775522637813,1.86864180267702
1.375,1.35,0.6,1.81035405442,1.76710372084342
1.375,1.35,0.625,1.81683474930386,1.7769468582817
1.375,1.35,0.65,1.82292811171269,1.78625238188538
1.375,1.35,0.675,1.82869679171553,1.79502053686032
1.375,1.35,0.7,1.83410320208715,1.80331302800874
1.375,1.35,0.725,1.83923752539168,1.81103140364702
1.375,1.35,0.75,1.84406300258364,1.81829277522646
1.375,1.35,0.775,1.84860143769213,1.82510135745723
1.375,1.35,0.8,1.85288607856712,1.83149609485674
1.375,1.35,0.825,1.85696681951357,1.83744225071839
1.375,1.35,0.85,1.86076749041471,1.8430289655761
1.375,1.35,0.875,1.86432715447212,1.8482696558211
1.375,1.35,0.9,1.86773779261877,1.85318248228359
1.375,1.35,0.925,1.87093537960012,1.85778891035722
1.375,1.35,0.95,1.87396888242301,1.86211167953832
1.375,1.35,0.975,1.87680945085391,1.86619487992497
1.375,1.35,1,1.87952362497296,1.86999995844704
1.375,1.375,0.6,1.81208631184034,1.76834953119154
1.375,1.375,0.625,1.81854761229835,1.77820335735009
1.375,1.375,0.65,1.82465958909222,1.78751836815116
1.375,1.375,0.675,1.83041717260506,1.79628990816986
1.375,1.375,0.7,1.8358327599286,1.80459192116911
1.375,1.375,0.725,1.84096142629835,1.81231810123354
1.375,1.375,0.75,1.84579894515412,1.81958249031577
1.375,1.375,0.775,1.85034309174525,1.82639957397339
1.375,1.375,0.8,1.85461567534649,1.83278838527669
1.375,1.375,0.825,1.85867888762201,1.83873390979421
1.375,1.375,0.85,1.86248861210358,1.84432380035857
1.375,1.375,0.875,1.86606244137183,1.8495727339162
1.375,1.375,0.9,1.8694571722031,1.85448186340861
1.375,1.375,0.925,1.87266154403978,1.85908750149466
1.375,1.375,0.95,1.87568478030487,1.86340792704722
1.375,1.375,0.975,1.8785287968361,1.86749074529715
1.375,1.375,1,1.88123724672993,1.87129851584061
1.375,1.4,0.6,1.81366947176719,1.76949836092565
1.375,1.4,0.625,1.8201538747696,1.77939164507897
1.375,1.4,0.65,1.82626178700625,1.78871420572473
1.375,1.4,0.675,1.83203355558901,1.79749770695608
1.375,1.4,0.7,1.83745106628975,1.80580153319831
1.375,1.4,0.725,1.84258358265518,1.81352699815789
1.375,1.4,0.75,1.84741507239613,1.82079309349563
1.375,1.4,0.775,1.85195711016279,1.82759380615982
1.375,1.4,0.8,1.85624085319794,1.8340059367297
1.375,1.4,0.825,1.86031379708383,1.83996678648558
1.375,1.4,0.85,1.86411556624433,1.84554244417885
1.375,1.4,0.875,1.86768044416586,1.85077295331602
1.375,1.4,0.9,1.87108469998719,1.85569725397157
1.375,1.4,0.925,1.87428311323918,1.86030212698836
1.375,1.4,0.95,1.87731163354552,1.86462564833375
1.375,1.4,0.975,1.88015423070605,1.86870806128498
1.375,1.4,1,1.8828636734354,1.87251237188399
1.375,1.425,0.6,1.81515244988989,1.77074796684456
1.375,1.425,0.625,1.82165832907574,1.78061832355556
1.375,1.425,0.65,1.82776724887829,1.78994721025989
1.375,1.425,0.675,1.83354751100962,1.79873004584911
1.375,1.425,0.7,1.83896194625706,1.80703641514568
1.375,1.425,0.725,1.84410355033696,1.81476246428296
1.375,1.425,0.75,1.84893314490479,1.82203079071936
1.375,1.425,0.775,1.85347157947271,1.82884318604808
1.375,1.425,0.8,1.85775961067692,1.83523975409099
1.375,1.425,0.825,1.86184232924474,1.84118407858252
1.375,1.425,0.85,1.86564185089427,1.84677153617495
1.375,1.425,0.875,1.86919856948898,1.85201324149209
1.375,1.425,0.9,1.87261018570289,1.85692322222734
1.375,1.425,0.925,1.8758059818591,1.86152843074641
1.375,1.425,0.95,1.87883738923359,1.86584779510778
1.375,1.425,0.975,1.88167544474277,1.86992954397658
1.375,1.425,1,1.88438792672523,1.87373152130698
1.375,1.45,0.6,1.81666856119978,1.7718328386331
1.375,1.45,0.625,1.82315325451592,1.7817175373067
1.375,1.45,0.65,1.82927828050541,1.79105454073999
1.375,1.45,0.675,1.8350472845847,1.79984056328108
1.375,1.45,0.7,1.84046856930594,1.80815495234775
1.375,1.45,0.725,1.84560513564706,1.81588848230348
1.375,1.45,0.75,1.85044520184471,1.82315949519239
1.375,1.45,0.775,1.85498999300433,1.82997639353364
1.375,1.45,0.8,1.85926412271265,1.83637092650482
1.375,1.45,0.825,1.86333018214432,1.84231957101452
1.375,1.45,0.85,1.86713834256492,1.8479058813876
1.375,1.45,0.875,1.87070926498822,1.85315209779116
1.375,1.45,0.9,1.8741042442652,1.85806190604712
1.375,1.45,0.925,1.8773059702959,1.86266650739044
1.375,1.45,0.95,1.88032788501931,1.86698413843194
1.375,1.45,0.975,1.88316827901736,1.87106555607954
1.375,1.45,1,1.88587570582047,1.87487016272779
1.375,1.475,0.6,1.81806469761835,1.77290333360867
1.375,1.475,0.625,1.82455186785194,1.78279492280324
1.375,1.475,0.65,1.83068275363095,1.79213672581525
1.375,1.475,0.675,1.83645349047645,1.80092823955959
1.375,1.475,0.7,1.84187928496848,1.80924416877291
1.375,1.475,0.725,1.8470147544054,1.81698221757454
1.375,1.475,0.75,1.85185725604166,1.82425366729683
1.375,1.475,0.775,1.8564027708826,1.83107407714788
1.375,1.475,0.8,1.86067772255298,1.83746564558117
1.375,1.475,0.825,1.86474153017996,1.84341427128795
1.375,1.475,0.85,1.86854942167307,1.84900247174007
1.375,1.475,0.875,1.87212121696681,1.85424989379562
1.375,1.475,0.9,1.87551438019537,1.85915789714535
1.375,1.475,0.925,1.87871665443524,1.863760986235
1.375,1.475,0.95,1.88173678367051,1.86807848483559
1.375,1.475,0.975,1.88457811802319,1.87215762768863
1.375,1.475,1,1.88728313836235,1.87596323566325
1.375,1.5,0.6,1.81937643790879,1.77387853981018
1.375,1.5,0.625,1.82588344447209,1.78380456251938
1.375,1.5,0.65,1.8320091422174,1.79315249487878
1.375,1.5,0.675,1.83779244394267,1.80195419485813
1.375,1.5,0.7,1.84321880441889,1.8102711534938
1.375,1.5,0.725,1.84835783359071,1.8180081240508
1.375,1.5,0.75,1.85319408127252,1.82528085346213
1.375,1.5,0.775,1.85773750709822,1.83208626034124
1.375,1.5,0.8,1.86202210956968,1.838498590035
1.375,1.5,0.825,1.8660947018893,1.84446086030595
1.375,1.5,0.85,1.86989621109788,1.85003755733796
1.375,1.5,0.875,1.87345887982084,1.85526690988812
1.375,1.5,0.9,1.87686091960106,1.86018859335121
1.375,1.5,0.925,1.8800575679976,1.86479090039931
1.375,1.5,0.95,1.88308310282902,1.8691121909382
1.375,1.5,0.975,1.88592244693742,1.87318986328644
1.375,1.5,1,1.88862861995762,1.87699243818859
1.4,0.75,0.6,1.71846925770409,1.70072720769818
1.4,0.75,0.625,1.72410438066094,1.7097550422156
1.4,0.75,0.65,1.72957462390775,1.71835850626219
1.4,0.75,0.675,1.73483787958576,1.72663201747669
1.4,0.75,0.7,1.73989488598747,1.73452793974092
1.4,0.75,0.725,1.74469124268281,1.74200040643809
1.4,0.75,0.75,1.74932663163327,1.74899347983202
1.4,0.75,0.775,1.75363166561107,1.75576151556712
1.4,0.75,0.8,1.75778000402262,1.76206470733516
1.4,0.75,0.825,1.76170971862771,1.76800342086904
1.4,0.75,0.85,1.76545370449659,1.773593035123
1.4,0.75,0.875,1.76900575665842,1.77885574249497
1.4,0.75,0.9,1.77236067083026,1.78384109036268
1.4,0.75,0.925,1.77555867196137,1.78848459304517
1.4,0.75,0.95,1.77859337063648,1.79288021053001
1.4,0.75,0.975,1.78148281521877,1.79702773027746
1.4,0.75,1,1.78419681585268,1.80095187550995
1.4,0.775,0.6,1.72500763358215,1.70495752342467
1.4,0.775,0.625,1.73079716549812,1.71414915607083
1.4,0.775,0.65,1.7363975694252,1.72288254918227
1.4,0.775,0.675,1.74164424170044,1.73114166461927
1.4,0.775,0.7,1.7467350007865,1.73902682006183
1.4,0.775,0.725,1.75162849589563,1.74660199524474
1.4,0.775,0.75,1.75628754644973,1.75374999493432
1.4,0.775,0.775,1.76069911451416,1.76039174009757
1.4,0.775,0.8,1.76478649270493,1.76669798842032
1.4,0.775,0.825,1.76878493730002,1.77270357357489
1.4,0.775,0.85,1.77253102744347,1.77830762781286
1.4,0.775,0.875,1.77612725247784,1.78359832169562
1.4,0.775,0.9,1.77949426987239,1.7885908387682
1.4,0.775,0.925,1.78270660758752,1.79323260273224
1.4,0.775,0.95,1.78573537400605,1.79763450360906
1.4,0.775,0.975,1.78862310504919,1.80175622055932
1.4,0.775,1,1.79137520811747,1.80572822361688
1.4,0.8,0.6,1.73126224584292,1.70915944933073
1.4,0.8,0.625,1.73706564352667,1.71834966133418
1.4,0.8,0.65,1.74268386058945,1.72709277169891
1.4,0.8,0.675,1.74806392668113,1.73548055443685
1.4,0.8,0.7,1.75321900958436,1.74347155073053
1.4,0.8,0.725,1.75810421669386,1.75102590245376
1.4,0.8,0.75,1.76275151082888,1.75815046058202
1.4,0.8,0.775,1.76719898425991,1.7648885452434
1.4,0.8,0.8,1.77144813619166,1.77118674760387
1.4,0.8,0.825,1.77535804274526,1.77723025336285
1.4,0.8,0.85,1.77914403823694,1.78284711199581
1.4,0.8,0.875,1.78272911848923,1.78813327700257
1.4,0.8,0.9,1.78611165847087,1.79313825353674
1.4,0.8,0.925,1.78933386166736,1.79779915616642
1.4,0.8,0.95,1.79238926354637,1.80220810941089
1.4,0.8,0.975,1.79529335917816,1.80636674049362
1.4,0.8,1,1.79802344622483,1.8102987158015
1.4,0.825,0.6,1.73702732426369,1.71292658782974
1.4,0.825,0.625,1.74295944704411,1.72225885293409
1.4,0.825,0.65,1.7486849076338,1.73111334750894
1.4,0.825,0.675,1.75404271775849,1.73947986927599
1.4,0.825,0.7,1.75922133744012,1.74745386214319
1.4,0.825,0.725,1.76418855809484,1.75509547867395
1.4,0.825,0.75,1.76890679667729,1.76229988285649
1.4,0.825,0.775,1.77334218109588,1.76902263401749
1.4,0.825,0.8,1.7775199185921,1.77533122502472
1.4,0.825,0.825,1.78159005802036,1.78132996519916
1.4,0.825,0.85,1.78532576830049,1.78700559838453
1.4,0.825,0.875,1.78894796866193,1.79231365943469
1.4,0.825,0.9,1.79233875252852,1.79732261572046
1.4,0.825,0.925,1.7955711832687,1.8019801088273
1.4,0.825,0.95,1.79861888878635,1.80639304113739
1.4,0.825,0.975,1.80151933261533,1.81052644364884
1.4,0.825,1,1.80428129457812,1.81450086057966
1.4,0.85,0.6,1.74243719536366,1.71668921595995
1.4,0.85,0.625,1.74841144378976,1.72603924894975
1.4,0.85,0.65,1.75420293558885,1.73492108569852
1.4,0.85,0.675,1.75960552311734,1.743365014299
1.4,0.85,0.7,1.76482571358549,1.75139934582642
1.4,0.85,0.725,1.7698250923066,1.75904027499762
1.4,0.85,0.75,1.77456245868384,1.76624381962785
1.4,0.85,0.775,1.77902455574819,1.77300413787406
1.4,0.85,0.8,1.78321966822625,1.77935617557776
1.4,0.85,0.825,1.78727169691554,1.78537865376503
1.4,0.85,0.85,1.79112467618568,1.79095668927054
1.4,0.85,0.875,1.79468639696006,1.79633997163089
1.4,0.85,0.9,1.7980772021514,1.80135306629106
1.4,0.85,0.925,1.80132791756783,1.80602027295711
1.4,0.85,0.95,1.80437887983658,1.81043791703888
1.4,0.85,0.975,1.80728701168612,1.81458589074676
1.4,0.85,1,1.81004484785842,1.81854399758449
1.4,0.875,0.6,1.74763076030524,1.72003907421821
1.4,0.875,0.625,1.75367523480778,1.72948641097825
1.4,0.875,0.65,1.75949871376496,1.73843938323179
1.4,0.875,0.675,1.76494350863693,1.74689350531445
1.4,0.875,0.7,1.7701896968026,1.75493922842928
1.4,0.875,0.725,1.77521312212098,1.76263260012381
1.4,0.875,0.75,1.77997716627226,1.76987917646546
1.4,0.875,0.775,1.78445382704568,1.77664096760507
1.4,0.875,0.8,1.78866584830721,1.78298626576664
1.4,0.875,0.825,1.79272717125455,1.78904082399456
1.4,0.875,0.85,1.79653486691059,1.79468946105764
1.4,0.875,0.875,1.80020621869737,1.79997867974156
1.4,0.875,0.9,1.80356805148133,1.8050447791421
1.4,0.875,0.925,1.80681626836705,1.80971171229908
1.4,0.875,0.95,1.80987749479598,1.81413164350531
1.4,0.875,0.975,1.81278620480754,1.81827318755771
1.4,0.875,1,1.81555397120158,1.82224766739361
1.4,0.9,0.6,1.75240573695705,1.72341319280807
1.4,0.9,0.625,1.75848344414636,1.73286855392797
1.4,0.9,0.65,1.76436190114945,1.74183872092759
1.4,0.9,0.675,1.76984061102715,1.7503613153524
1.4,0.9,0.7,1.77511876875175,1.75845961785801
1.4,0.9,0.725,1.78016842348826,1.76614667125011
1.4,0.9,0.75,1.78494730922688,1.77338761987857
1.4,0.9,0.775,1.78944421013451,1.78018226931851
1.4,0.9,0.8,1.79366872534521,1.78656543578179
1.4,0.9,0.825,1.7977424809095,1.79260737280756
1.4,0.9,0.85,1.80155461507923,1.79826540903347
1.4,0.9,0.875,1.80520319916277,1.80358714998517
1.4,0.9,0.9,1.80853158785205,1.80868755588046
1.4,0.9,0.925,1.81185878109592,1.81329755566264
1.4,0.9,0.95,1.81492260925281,1.81771967236329
1.4,0.9,0.975,1.8178366512756,1.82187389162188
1.4,0.9,1,1.82060037732933,1.82583202248032
1.4,0.925,0.6,1.75700097363174,1.72639978481341
1.4,0.925,0.625,1.76313482199422,1.73594235819826
1.4,0.925,0.65,1.76903563651138,1.74497653476408
1.4,0.925,0.675,1.77454938584116,1.75350259799279
1.4,0.925,0.7,1.77984812552099,1.76160675891797
1.4,0.925,0.725,1.78491451190684,1.76934134444584
1.4,0.925,0.75,1.78971331258927,1.77662100717908
1.4,0.925,0.775,1.79422147060409,1.78341346946737
1.4,0.925,0.8,1.79846011799642,1.78978717342581
1.4,0.925,0.825,1.8025399674732,1.79585753805379
1.4,0.925,0.85,1.80636488235666,1.80152236881534
1.4,0.925,0.875,1.81001287538849,1.80685610462034
1.4,0.925,0.9,1.81343218856955,1.81188456680261
1.4,0.925,0.925,1.81672156460771,1.816528094461
1.4,0.925,0.95,1.81974759524458,1.82099721211171
1.4,0.925,0.975,1.82266334481899,1.82514259605573
1.4,0.925,1,1.82543446667889,1.82911547923665
1.4,0.95,0.6,1.76122531096979,1.72943574968304
1.4,0.95,0.625,1.76738585334585,1.73897820826933
1.4,0.95,0.65,1.77333336526166,1.74802099307851
1.4,0.95,0.675,1.77887258658583,1.75660844683591
1.4,0.95,0.7,1.78419596332928,1.76475905148386
1.4,0.95,0.725,1.78928436572595,1.77248274640436
1.4,0.95,0.75,1.79409493985874,1.77975308984345
1.4,0.95,0.775,1.79861833805439,1.78657498248339
1.4,0.95,0.8,1.80286517677538,1.79298287142145
1.4,0.95,0.825,1.80695576027186,1.7990381110176
1.4,0.95,0.85,1.81078395633465,1.80470923443678
1.4,0.95,0.875,1.81443992876403,1.81004122227437
1.4,0.95,0.9,1.8178539493184,1.81507359483214
1.4,0.95,0.925,1.82112245512167,1.81975554972621
1.4,0.95,0.95,1.82425636109852,1.82411934391158
1.4,0.95,0.975,1.82710149161029,1.82835025752938
1.4,0.95,1,1.82986955747921,1.83230620698787
1.4,0.975,0.6,1.76534642682486,1.73220353629181
1.4,0.975,0.625,1.77151118866056,1.74176598595132
1.4,0.975,0.65,1.77744232319358,1.75082549058277
1.4,0.975,0.675,1.78306037905279,1.75946571127576
1.4,0.975,0.7,1.78841081322185,1.76766175852206
1.4,0.975,0.725,1.79347857767851,1.77538582464679
1.4,0.975,0.75,1.79827616176004,1.78265058289705
1.4,0.975,0.775,1.80283133349259,1.78949751144487
1.4,0.975,0.8,1.80711624806658,1.7959419630376
1.4,0.975,0.825,1.81118341736603,1.8019882081175
1.4,0.975,0.85,1.81503459111881,1.80766507265082
1.4,0.975,0.875,1.81867258443936,1.81299535079339
1.4,0.975,0.9,1.822099175254,1.81803431303735
1.4,0.975,0.925,1.82535973515953,1.82272509387612
1.4,0.975,0.95,1.82844856959822,1.82715246600538
1.4,0.975,0.975,1.83142361975193,1.83127367235455
1.4,0.975,1,1.83411364247939,1.83527732233676
1.4,1,0.6,1.76905029721096,1.73484504490945
1.4,1,0.625,1.77527779181711,1.74446017405524
1.4,1,0.65,1.78128053514829,1.75356329763279
1.4,1,0.675,1.78686832669419,1.76220429797822
1.4,1,0.7,1.79222727852468,1.77039774408382
1.4,1,0.725,1.79734576455586,1.7781509771017
1.4,1,0.75,1.80218071178727,1.78544479249694
1.4,1,0.775,1.80672439040897,1.79228829050289
1.4,1,0.8,1.81098823929937,1.79871589994882
1.4,1,0.825,1.81509117722251,1.80478099530551
1.4,1,0.85,1.81893150269248,1.81046178380831
1.4,1,0.875,1.82259322464592,1.81580012665772
1.4,1,0.9,1.82601380299282,1.82083832931291
1.4,1,0.925,1.82928513152541,1.82552641645773
1.4,1,0.95,1.83236038452098,1.82995666085015
1.4,1,0.975,1.83527915345518,1.83411855217018
1.4,1,1,1.83799527364983,1.83812623536285
1.4,1.025,0.6,1.77271911795802,1.73733143318415
1.4,1.025,0.625,1.77894624857659,1.74696341456625
1.4,1.025,0.65,1.78493029018601,1.75608112468584
1.4,1.025,0.675,1.79058784998774,1.76476720214417
1.4,1.025,0.7,1.79596976780179,1.77299974422487
1.4,1.025,0.725,1.80106645486524,1.78075293967679
1.4,1.025,0.75,1.80588744326537,1.78804119766682
1.4,1.025,0.775,1.81045884083778,1.79490566449918
1.4,1.025,0.8,1.81475660925729,1.80136500704422
1.4,1.025,0.825,1.81883625202054,1.80742184397633
1.4,1.025,0.85,1.82269640644545,1.81310704870012
1.4,1.025,0.875,1.82634091201899,1.81844325714323
1.4,1.025,0.9,1.82977221680018,1.8234866260218
1.4,1.025,0.925,1.83303631661503,1.82818161507333
1.4,1.025,0.95,1.83612608405197,1.83261295977439
1.4,1.025,0.975,1.83904869169491,1.83678860176386
1.4,1.025,1,1.84180692914703,1.84072549455706
1.4,1.05,0.6,1.77606336774854,1.73961909639608
1.4,1.05,0.625,1.78235153627319,1.74933524044178
1.4,1.05,0.65,1.78838493555947,1.75851673657385
1.4,1.05,0.675,1.79401791999231,1.767174078927
1.4,1.05,0.7,1.79940402532169,1.77538385761215
1.4,1.05,0.725,1.80454005263888,1.78318882759502
1.4,1.05,0.75,1.80939376657006,1.79052402878657
1.4,1.05,0.775,1.81395251864399,1.79736893708642
1.4,1.05,0.8,1.81823335619997,1.80379248589208
1.4,1.05,0.825,1.82234055199814,1.8098855267893
1.4,1.05,0.85,1.82619353405419,1.81557343742805
1.4,1.05,0.875,1.82985460267162,1.82092163468776
1.4,1.05,0.9,1.83328645674761,1.8259643890607
1.4,1.05,0.925,1.83655314953358,1.83065486930504
1.4,1.05,0.95,1.83963436564685,1.83508638940691
1.4,1.05,0.975,1.84255165128997,1.83924290618118
1.4,1.05,1,1.84532404352054,1.84320834303734
1.4,1.075,0.6,1.77929103211753,1.74195632867107
1.4,1.075,0.625,1.78556946622366,1.7516472007839
1.4,1.075,0.65,1.79159670921732,1.76081399436495
1.4,1.075,0.675,1.79728613919546,1.76953843749102
1.4,1.075,0.7,1.80269313377872,1.77780124182234
1.4,1.075,0.725,1.80781283365697,1.78557835898291
1.4,1.075,0.75,1.81265224788924,1.79288577380157
1.4,1.075,0.775,1.81723603686618,1.79976426859832
1.4,1.075,0.8,1.82154344922744,1.80623547130173
1.4,1.075,0.825,1.82563249824691,1.81230044944619
1.4,1.075,0.85,1.82949919005606,1.81799193390443
1.4,1.075,0.875,1.83314824287192,1.82333235273802
1.4,1.075,0.9,1.83658273036997,1.82837857840628
1.4,1.075,0.925,1.83984928149299,1.83307615418281
1.4,1.075,0.95,1.84294049528978,1.83750873571919
1.4,1.075,0.975,1.84586255404904,1.84168521801109
1.4,1.075,1,1.84861948669987,1.84562330629366
1.4,1.1,0.6,1.78227814170984,1.74401860584143
1.4,1.1,0.625,1.78860960287395,1.75378602937279
1.4,1.1,0.65,1.79467961438545,1.76301072874291
1.4,1.1,0.675,1.80034523145642,1.77170643995122
1.4,1.1,0.7,1.80575481648022,1.77994648191414
1.4,1.1,0.725,1.81090901517762,1.78777095251371
1.4,1.1,0.75,1.81577672529995,1.79512123121739
1.4,1.1,0.775,1.82034828718612,1.80198045576225
1.4,1.1,0.8,1.82463957343793,1.80841755114757
1.4,1.1,0.825,1.82875296545094,1.81451583608978
1.4,1.1,0.85,1.83261237510707,1.82020930633152
1.4,1.1,0.875,1.83627596414661,1.8255603608287
1.4,1.1,0.9,1.83971046774343,1.83060555900312
1.4,1.1,0.925,1.84297913704441,1.83529873374758
1.4,1.1,0.95,1.84606224127291,1.83973104401581
1.4,1.1,0.975,1.84897945989023,1.84388918578864
1.4,1.1,1,1.85175034140693,1.84785205946274
1.4,1.125,0.6,1.78516832254118,1.74613965607423
1.4,1.125,0.625,1.79148928991871,1.75588071315298
1.4,1.125,0.65,1.79755208698964,1.76508916350159
1.4,1.125,0.675,1.8032674345943,1.77384591530373
1.4,1.125,0.7,1.80869455349494,1.78213397688117
1.4,1.125,0.725,1.81383269701508,1.78993086809273
1.4,1.125,0.75,1.81868671104209,1.79725399940091
1.4,1.125,0.775,1.82327999428488,1.80414376715569
1.4,1.125,0.8,1.82759464181554,1.81062445743075
1.4,1.125,0.825,1.83169078118562,1.81669569740646
1.4,1.125,0.85,1.83556218027139,1.82239190075835
1.4,1.125,0.875,1.83921431032628,1.82773526525302
1.4,1.125,0.9,1.84265078207417,1.8327832865949
1.4,1.125,0.925,1.84591876752291,1.83748248423454
1.4,1.125,0.95,1.84901068147729,1.84191545492656
1.4,1.125,0.975,1.85193190705939,1.84609188008275
1.4,1.125,1,1.85468870334632,1.85002891613339
1.4,1.15,0.6,1.78784515175689,1.74800577576358
1.4,1.15,0.625,1.79421243401477,1.7578164140127
1.4,1.15,0.65,1.80031259257347,1.76707740625703
1.4,1.15,0.675,1.80600500009638,1.77580558215505
1.4,1.15,0.7,1.81143352526629,1.78407100240972
1.4,1.15,0.725,1.81660219224508,1.79191125050127
1.4,1.15,0.75,1.82148083515814,1.79927358566674
1.4,1.15,0.775,1.82606241083808,1.80614446381891
1.4,1.15,0.8,1.83036172871638,1.8125927006104
1.4,1.15,0.825,1.83447958187225,1.81869464397991
1.4,1.15,0.85,1.8383436935762,1.82439225462216
1.4,1.15,0.875,1.84200871521127,1.82974509739994
1.4,1.15,0.9,1.8454447795514,1.83479179966933
1.4,1.15,0.925,1.84871454759396,1.83948676844134
1.4,1.15,0.95,1.85179870399474,1.84391921057041
1.4,1.15,0.975,1.85471534921162,1.84807829543701
1.4,1.15,1,1.85748472291882,1.85203805392616
1.4,1.175,0.6,1.79037531986792,1.74995437373569
1.4,1.175,0.625,1.79675516599845,1.75974790704037
1.4,1.175,0.65,1.80288123248104,1.76899773715026
1.4,1.175,0.675,1.80857933417053,1.77776798213501
1.4,1.175,0.7,1.81401525055203,1.78606351042255
1.4,1.175,0.725,1.81919642660905,1.79388398320884
1.4,1.175,0.75,1.82408079253068,1.80123017686696
1.4,1.175,0.775,1.82866596370389,1.80812153328639
1.4,1.175,0.8,1.83296407156805,1.81459380145593
1.4,1.175,0.825,1.83708864302742,1.82067718192099
1.4,1.175,0.85,1.84095192025257,1.82637662188964
1.4,1.175,0.875,1.8446206203742,1.83172498357329
1.4,1.175,0.9,1.84805193445225,1.83677193292637
1.4,1.175,0.925,1.85132748234895,1.84146778005686
1.4,1.175,0.95,1.85440980299767,1.84590063297441
1.4,1.175,0.975,1.8573256491205,1.85006816419352
1.4,1.175,1,1.86009297511422,1.85401390848924
1.4,1.2,0.6,1.7928479328362,1.75162613057428
1.4,1.2,0.625,1.79924509010688,1.76147410115811
1.4,1.2,0.65,1.80537018337856,1.77076636083345
1.4,1.2,0.675,1.81108487064798,1.77952235355153
1.4,1.2,0.7,1.81652884819575,1.78780937222025
1.4,1.2,0.725,1.82170903043528,1.79566278538697
1.4,1.2,0.75,1.82659622303124,1.8030350554918
1.4,1.2,0.775,1.8311857016032,1.80991550589191
1.4,1.2,0.8,1.83549128603845,1.81637295212462
1.4,1.2,0.825,1.83961222947663,1.82247753214986
1.4,1.2,0.85,1.84347977632861,1.82817824199169
1.4,1.2,0.875,1.84714541607493,1.83353213834772
1.4,1.2,0.9,1.850582282375,1.83857967694567
1.4,1.2,0.925,1.85385246751406,1.84327581357864
1.4,1.2,0.95,1.85693706902164,1.84770795339158
1.4,1.2,0.975,1.85985279287184,1.85186748231094
1.4,1.2,1,1.86262047090666,1.85582405503012
1.4,1.225,0.6,1.79512476586503,1.75340591684215
1.4,1.225,0.625,1.80153312082322,1.76323500063427
1.4,1.225,0.65,1.80768183229956,1.77251377722657
1.4,1.225,0.675,1.81339992236585,1.78130954685051
1.4,1.225,0.7,1.81884934714237,1.78962474672857
1.4,1.225,0.725,1.82404115822891,1.79745748978056
1.4,1.225,0.75,1.82893361007223,1.8048129807133
1.4,1.225,0.775,1.83352537485639,1.81171291746664
1.4,1.225,0.8,1.83782874082221,1.81819317243378
1.4,1.225,0.825,1.84195613035787,1.82427893563281
1.4,1.225,0.85,1.84582248648098,1.82998105117701
1.4,1.225,0.875,1.84949137994634,1.83533030928052
1.4,1.225,0.9,1.85292356736279,1.84037792916007
1.4,1.225,0.925,1.8561988971445,1.84507437612217
1.4,1.225,0.95,1.85928154314232,1.84950676216596
1.4,1.225,0.975,1.86219607604679,1.85367436320269
1.4,1.225,1,1.86496210654667,1.85761732221348
1.4,1.25,0.6,1.79735752421189,1.75492309981786
1.4,1.25,0.625,1.80377981100209,1.76480327570815
1.4,1.25,0.65,1.80992578374847,1.77412239575415
1.4,1.25,0.675,1.81565903318372,1.78290245510947
1.4,1.25,0.7,1.82111566350903,1.79120799730729
1.4,1.25,0.725,1.8263051469116,1.7990722884224
1.4,1.25,0.75,1.83119908142079,1.80645265776377
1.4,1.25,0.775,1.83579479004003,1.81334106015097
1.4,1.25,0.8,1.84010519878595,1.81980622363214
1.4,1.25,0.825,1.84422828390296,1.82591253581998
1.4,1.25,0.85,1.84809827820382,1.83161552639652
1.4,1.25,0.875,1.85176398375962,1.83696989412891
1.4,1.25,0.9,1.85520106833601,1.84201776706697
1.4,1.25,0.925,1.85847121644276,1.84671456992359
1.4,1.25,0.95,1.86155580136351,1.85114609684626
1.4,1.25,0.975,1.86447034697688,1.85530573521879
1.4,1.25,1,1.86723622533956,1.85925910535646
1.4,1.275,0.6,1.79941300399172,1.75655447688976
1.4,1.275,0.625,1.80584538084778,1.76641411650653
1.4,1.275,0.65,1.8120129602473,1.77571774658601
1.4,1.275,0.675,1.81774779688109,1.7845351993591
1.4,1.275,0.7,1.82320829426186,1.79286698958678
1.4,1.275,0.725,1.82840862653581,1.80070996563039
1.4,1.275,0.75,1.8333074475361,1.80807311126768
1.4,1.275,0.775,1.83790438237694,1.81497998330376
1.4,1.275,0.8,1.8422118203842,1.82146673854976
1.4,1.275,0.825,1.846341094473,1.82755416504904
1.4,1.275,0.85,1.85020964992109,1.8332581961581
1.4,1.275,0.875,1.85387824841637,1.83860782333773
1.4,1.275,0.9,1.85731078177245,1.84365564391579
1.4,1.275,0.925,1.86058552452206,1.84835229016233
1.4,1.275,0.95,1.86366809077159,1.85278393499406
1.4,1.275,0.975,1.86658115101707,1.85695127338315
1.4,1.275,1,1.86934572705563,1.86089148107976
1.4,1.3,0.6,1.80146276638169,1.7580071005769
1.4,1.3,0.625,1.80788606091784,1.76787502859368
1.4,1.3,0.65,1.8140333393743,1.77718815534512
1.4,1.3,0.675,1.81980769930096,1.78602429386431
1.4,1.3,0.7,1.82527938391343,1.79437310994704
1.4,1.3,0.725,1.83045912846767,1.80221701390004
1.4,1.3,0.75,1.83534499717721,1.80957693990864
1.4,1.3,0.775,1.83995677773495,1.81649136823629
1.4,1.3,0.8,1.84428450447095,1.82299273063697
1.4,1.3,0.825,1.84839451850336,1.82907643400215
1.4,1.3,0.85,1.85227341767483,1.83478136926492
1.4,1.3,0.875,1.855929453739,1.84012873678275
1.4,1.3,0.9,1.85936717853791,1.84517807885926
1.4,1.3,0.925,1.86263544790691,1.84987859227093
1.4,1.3,0.95,1.86572584434633,1.85430969566974
1.4,1.3,0.975,1.86864173999017,1.8584830658773
1.4,1.3,1,1.87139612559315,1.86241413979847
1.4,1.325,0.6,1.803296281634,1.75943335888795
1.4,1.325,0.625,1.80974902057235,1.76931945809981
1.4,1.325,0.65,1.81593246099572,1.77864451538242
1.4,1.325,0.675,1.82168139808153,1.78748073252359
1.4,1.325,0.7,1.8271510225702,1.79582675604482
1.4,1.325,0.725,1.83235822678446,1.80367823058092
1.4,1.325,0.75,1.83726207186125,1.81104764831091
1.4,1.325,0.775,1.8418630696872,1.81796024871089
1.4,1.325,0.8,1.84617363849913,1.82445241170696
1.4,1.325,0.825,1.85030410545106,1.83054085975995
1.4,1.325,0.85,1.85417418038588,1.83624622597028
1.4,1.325,0.875,1.85784215177399,1.84159582060594
1.4,1.325,0.9,1.86127462479446,1.84664349713366
1.4,1.325,0.925,1.86454854006656,1.85134003132927
1.4,1.325,0.95,1.86763072830995,1.85577074524859
1.4,1.325,0.975,1.87054222741361,1.85993761817223
1.4,1.325,1,1.87330524809344,1.86387509658563
1.4,1.35,0.6,1.80515939390564,1.76076143459811
1.4,1.35,0.625,1.81160256151997,1.77065530952424
1.4,1.35,0.65,1.81776588014481,1.77998962269848
1.4,1.35,0.675,1.82355139410276,1.78884168584321
1.4,1.35,0.7,1.82903117682519,1.79720244680881
1.4,1.35,0.725,1.8342181909832,1.80505525032891
1.4,1.35,0.75,1.83910945483692,1.81242197601544
1.4,1.35,0.775,1.84372410684009,1.81934075065148
1.4,1.35,0.8,1.84805367602152,1.82584564192604
1.4,1.35,0.825,1.85216548361813,1.83193107968479
1.4,1.35,0.85,1.856045079469,1.83763704611696
1.4,1.35,0.875,1.85970108953505,1.84298453055142
1.4,1.35,0.9,1.86313831451449,1.84803341667913
1.4,1.35,0.925,1.86640590322263,1.85273354141673
1.4,1.35,0.95,1.86949532999924,1.85716360025461
1.4,1.35,0.975,1.87240955117613,1.86133575007183
1.4,1.35,1,1.875162800139,1.86526496622888
1.4,1.375,0.6,1.80682296677538,1.76207249979611
1.4,1.375,0.625,1.81329306645176,1.77198153930823
1.4,1.375,0.65,1.81948986584175,1.78132516359549
1.4,1.375,0.675,1.82525075855133,1.79017743852301
1.4,1.375,0.7,1.83072794069429,1.79853554356391
1.4,1.375,0.725,1.83594067515903,1.80639416205185
1.4,1.375,0.75,1.8408484747986,1.81376877134694
1.4,1.375,0.775,1.84545265372333,1.82068599003849
1.4,1.375,0.8,1.8497656307618,1.82718254765626
1.4,1.375,0.825,1.85389674892377,1.83327159764409
1.4,1.375,0.85,1.85776782680648,1.83897782124319
1.4,1.375,0.875,1.86143492368066,1.84432708378565
1.4,1.375,0.9,1.86486705855696,1.84937434014271
1.4,1.375,0.925,1.86813996654871,1.85407053705892
1.4,1.375,0.95,1.8712215692344,1.85850017836871
1.4,1.375,0.975,1.87413146542516,1.86266639437686
1.4,1.375,1,1.87689288612917,1.86660124113506
1.4,1.4,0.6,1.80852111371115,1.76328891043747
1.4,1.4,0.625,1.81498135468769,1.77320543088916
1.4,1.4,0.65,1.82115834350526,1.78255819027536
1.4,1.4,0.675,1.82695325022707,1.79142401401967
1.4,1.4,0.7,1.83243973346708,1.79979499412725
1.4,1.4,0.725,1.83763273726409,1.80765532966462
1.4,1.4,0.75,1.84252836398493,1.81502775106226
1.4,1.4,0.775,1.8471451775393,1.82195003394301
1.4,1.4,0.8,1.85147603018018,1.8284577414871
1.4,1.4,0.825,1.85558908907768,1.83454440988789
1.4,1.4,0.85,1.85946899291289,1.84025100694909
1.4,1.4,0.875,1.86312469738844,1.84559831971617
1.4,1.4,0.9,1.86656121671953,1.85064653988698
1.4,1.4,0.925,1.86982795741161,1.85534608916646
1.4,1.4,0.95,1.87291629590776,1.85977499827489
1.4,1.4,0.975,1.87582882210211,1.86394585160376
1.4,1.4,1,1.87858086944298,1.86787321202877
1.4,1.425,0.6,1.81007274953027,1.76441258840549
1.4,1.425,0.625,1.81655553738364,1.77437259089545
1.4,1.425,0.65,1.82275152185862,1.78375755704738
1.4,1.425,0.675,1.8285303318658,1.7926002094111
1.4,1.425,0.7,1.834016560477,1.80095322913576
1.4,1.425,0.725,1.83922579822827,1.80884099944779
1.4,1.425,0.75,1.84413312379621,1.81623834079025
1.4,1.425,0.775,1.84874235003569,1.82314570441731
1.4,1.425,0.8,1.85306287598259,1.82963042329293
1.4,1.425,0.825,1.85718788996024,1.83573693971268
1.4,1.425,0.85,1.86106154738124,1.841443516573
1.4,1.425,0.875,1.86472390383436,1.84679487206595
1.4,1.425,0.9,1.86815957282655,1.85184312697843
1.4,1.425,0.925,1.87142760599151,1.85653935338553
1.4,1.425,0.95,1.87451000748365,1.86096736955131
1.4,1.425,0.975,1.87741981426472,1.86512612015761
1.4,1.425,1,1.88017838948827,1.86906842160489
1.4,1.45,0.6,1.8115261840874,1.76563778850461
1.4,1.45,0.625,1.81802183016838,1.77557835467766
1.4,1.45,0.65,1.82423844185562,1.78494175378093
1.4,1.45,0.675,1.83000983240657,1.79381403175704
1.4,1.45,0.7,1.83549488592591,1.80218849987531
1.4,1.45,0.725,1.84071865928837,1.8100553733715
1.4,1.45,0.75,1.84563231879385,1.81743516425737
1.4,1.45,0.775,1.8502388331826,1.82435839957962
1.4,1.45,0.8,1.85455117742513,1.83086017577719
1.4,1.45,0.825,1.85868634514117,1.83694903938153
1.4,1.45,0.85,1.86255739534721,1.84265655080759
1.4,1.45,0.875,1.86622394501964,1.84800390175907
1.4,1.45,0.9,1.86965456411133,1.85305134139686
1.4,1.45,0.925,1.87292687463261,1.85774519433338
1.4,1.45,0.95,1.87600662180406,1.86217362232325
1.4,1.45,0.975,1.87891273757904,1.86633782064823
1.4,1.45,1,1.88167343201715,1.87026988686778
1.4,1.475,0.6,1.81301664607087,1.7666999851493
1.4,1.475,0.625,1.81949889667657,1.7766507102021
1.4,1.475,0.65,1.82569688532772,1.78602953464518
1.4,1.475,0.675,1.83150072309053,1.79490951097616
1.4,1.475,0.7,1.83699388838289,1.80328905179535
1.4,1.475,0.725,1.8421966466373,1.81116172363032
1.4,1.475,0.75,1.84709787713043,1.81854479356726
1.4,1.475,0.775,1.85171607751062,1.82546758280313
1.4,1.475,0.8,1.85604619959068,1.83197594369963
1.4,1.475,0.825,1.86016231779525,1.83806633955396
1.4,1.475,0.85,1.86404105055295,1.8437742722142
1.4,1.475,0.875,1.86769690552461,1.84912023063069
1.4,1.475,0.9,1.87113052304554,1.85416846412799
1.4,1.475,0.925,1.87439736323914,1.85886568032519
1.4,1.475,0.95,1.87748298051151,1.86329356257891
1.4,1.475,0.975,1.88039261916807,1.86745990338819
1.4,1.475,1,1.88314266432088,1.8713876502941
1.4,1.5,0.6,1.81438896628675,1.76775095862888
1.4,1.5,0.625,1.82087728965561,1.77770648873083
1.4,1.5,0.65,1.82707599327873,1.7870918824346
1.4,1.5,0.675,1.83288561308723,1.7959781887271
1.4,1.5,0.7,1.83838193960551,1.80436435707377
1.4,1.5,0.725,1.84358405189971,1.81223836314067
1.4,1.5,0.75,1.84848636052263,1.81962082733355
1.4,1.5,0.775,1.85310564978626,1.82654713766687
1.4,1.5,0.8,1.85743785297604,1.83305783533031
1.4,1.5,0.825,1.86155226221813,1.83914716910135
1.4,1.5,0.85,1.86543220246643,1.84485407596311
1.4,1.5,0.875,1.86908652097428,1.85020061423156
1.4,1.5,0.9,1.87252157621451,1.85524680217521
1.4,1.5,0.925,1.87578598500775,1.85994536110365
1.4,1.5,0.95,1.87887216833603,1.8643717128099
1.4,1.5,0.975,1.88178112008942,1.86853951751352
1.4,1.5,1,1.88453102204767,1.87246343750591
1.425,0.75,0.6,1.7117200876933,1.69380101999189
1.425,0.75,0.625,1.71725422454885,1.70261787261265
1.425,0.75,0.65,1.72271527163482,1.71129519265223
1.425,0.75,0.675,1.72791615915788,1.71954632931264
1.425,0.75,0.7,1.73297146626931,1.72744868509631
1.425,0.75,0.725,1.73776488394197,1.73499269441729
1.425,0.75,0.75,1.74238405479208,1.7420342346166
1.425,0.75,0.775,1.74669924102959,1.74881806177332
1.425,0.75,0.8,1.75087377729206,1.75515038670426
1.425,0.75,0.825,1.7548621910744,1.76125558692983
1.425,0.75,0.85,1.75867591715135,1.76693995036397
1.425,0.75,0.875,1.76220514694505,1.77223983514095
1.425,0.75,0.9,1.76561369194571,1.77725242374202
1.425,0.75,0.925,1.76886671248387,1.78208509020561
1.425,0.75,0.95,1.77197764483846,1.78657642082529
1.425,0.75,0.975,1.77488967446866,1.79078422357027
1.425,0.75,1,1.77762957737901,1.7947267699524
1.425,0.775,0.6,1.71830720346711,1.69821964467242
1.425,0.775,0.625,1.72394201643629,1.70717508008741
1.425,0.775,0.65,1.72948573337474,1.71589247973772
1.425,0.775,0.675,1.73475097603273,1.72421150603828
1.425,0.775,0.7,1.73987165081061,1.73216350694978
1.425,0.775,0.725,1.74469766936704,1.73975248422402
1.425,0.775,0.75,1.74935133057176,1.74687493532541
1.425,0.775,0.775,1.75380064229147,1.75359129495651
1.425,0.775,0.8,1.75794664360432,1.76003932479578
1.425,0.775,0.825,1.76194617876297,1.76613595928982
1.425,0.775,0.85,1.76579310050864,1.77182570119812
1.425,0.775,0.875,1.76934693277224,1.77716351145629
1.425,0.775,0.9,1.77277899586571,1.78220441406187
1.425,0.775,0.925,1.77603270395168,1.78702308943212
1.425,0.775,0.95,1.77916360926872,1.7915128648166
1.425,0.775,0.975,1.78209267036834,1.79573861887995
1.425,0.775,1,1.78484437778274,1.79970714743715
1.425,0.8,0.6,1.72464720771442,1.70227894064874
1.425,0.8,0.625,1.73041818742485,1.71138406533762
1.425,0.8,0.65,1.73597779984081,1.7201413023099
1.425,0.8,0.675,1.74134404893032,1.72852500710887
1.425,0.8,0.7,1.74647568602628,1.73651741600269
1.425,0.8,0.725,1.75136370675098,1.7441645696255
1.425,0.8,0.75,1.75603710868417,1.75133007236808
1.425,0.8,0.775,1.76049668455581,1.7581330993906
1.425,0.8,0.8,1.76479195925831,1.7645223607465
1.425,0.8,0.825,1.76872313160873,1.77067036021955
1.425,0.8,0.85,1.77255015308281,1.77635133878041
1.425,0.8,0.875,1.7761767201558,1.78173310172487
1.425,0.8,0.9,1.77962813172727,1.78681134196176
1.425,0.8,0.925,1.78287237205609,1.79160857744413
1.425,0.8,0.95,1.78597794887107,1.79608784987841
1.425,0.8,0.975,1.78893414061679,1.80033724155312
1.425,0.8,1,1.7917242982391,1.80434107439716
1.425,0.825,0.6,1.73046471454289,1.70621832650301
1.425,0.825,0.625,1.73626115705205,1.71534272030981
1.425,0.825,0.65,1.74194513887582,1.72419291490204
1.425,0.825,0.675,1.74733386605846,1.73262725324165
1.425,0.825,0.7,1.75255090562063,1.74067344637262
1.425,0.825,0.725,1.75746367712925,1.74834364734431
1.425,0.825,0.75,1.76218834909977,1.75553524878127
1.425,0.825,0.775,1.76664663142655,1.76236404100055
1.425,0.825,0.8,1.77090844333928,1.76879458644767
1.425,0.825,0.825,1.77503165129795,1.77484551572427
1.425,0.825,0.85,1.77882787670364,1.78065195973907
1.425,0.825,0.875,1.78241996928966,1.7860162239831
1.425,0.825,0.9,1.78587729734991,1.79108034302638
1.425,0.825,0.925,1.78915484667635,1.79591169132526
1.425,0.825,0.95,1.79230497383543,1.80041323471345
1.425,0.825,0.975,1.79525034521978,1.80465187458992
1.425,0.825,1,1.79801736053882,1.80863359534088
1.425,0.85,0.6,1.7360740505993,1.70984627241561
1.425,0.85,0.625,1.74198599680181,1.71909836064577
1.425,0.85,0.65,1.74767388295721,1.72797966458936
1.425,0.85,0.675,1.75314566124675,1.73646664464305
1.425,0.85,0.7,1.75836544872754,1.74454405523587
1.425,0.85,0.725,1.76332776221299,1.7522620555568
1.425,0.85,0.75,1.76806529692434,1.75948810666897
1.425,0.85,0.775,1.77257677531991,1.76634197738063
1.425,0.85,0.8,1.77686490126628,1.77282047145381
1.425,0.85,0.825,1.78090379188746,1.77893277359504
1.425,0.85,0.85,1.78482837431364,1.78457932342916
1.425,0.85,0.875,1.78840046063866,1.79006276893065
1.425,0.85,0.9,1.79187567011929,1.7951556309588
1.425,0.85,0.925,1.7951415697883,1.79996568443729
1.425,0.85,0.95,1.79826629787665,1.80445679029137
1.425,0.85,0.975,1.80123448271872,1.80871468965345
1.425,0.85,1,1.80403458228874,1.81272674278912
1.425,0.875,0.6,1.74121851247914,1.7133779520987
1.425,0.875,0.625,1.74714397344305,1.72264191240826
1.425,0.875,0.65,1.75293828178102,1.7315995161365
1.425,0.875,0.675,1.75842381249444,1.74012695956255
1.425,0.875,0.7,1.76371504297106,1.74824824530901
1.425,0.875,0.725,1.7686946079951,1.75598260590734
1.425,0.875,0.75,1.77347415043887,1.76322774452531
1.425,0.875,0.775,1.77798222844243,1.77009981848002
1.425,0.875,0.8,1.78227968883799,1.77656934738719
1.425,0.875,0.825,1.78635762326201,1.78272263071143
1.425,0.875,0.85,1.7902717313321,1.78845910776129
1.425,0.875,0.875,1.79395116788562,1.79378435259095
1.425,0.875,0.9,1.79735152422568,1.79894038414005
1.425,0.875,0.925,1.80064650642776,1.80377875009846
1.425,0.875,0.95,1.80380979969737,1.80828766034886
1.425,0.875,0.975,1.80676634095351,1.81253508432772
1.425,0.875,1,1.80954371391626,1.81652645250197
1.425,0.9,0.6,1.74618561758068,1.71662213484469
1.425,0.9,0.625,1.75221011273454,1.72599593970982
1.425,0.9,0.65,1.75799989473553,1.73497900007866
1.425,0.9,0.675,1.76355459793126,1.74355007912149
1.425,0.9,0.7,1.76884301209608,1.75169601691202
1.425,0.9,0.725,1.77386270692262,1.75947045947695
1.425,0.9,0.75,1.77864966129037,1.76674428522412
1.425,0.9,0.775,1.78320201053442,1.77363640126192
1.425,0.9,0.8,1.78752119106026,1.7801460245005
1.425,0.9,0.825,1.79158727130031,1.78628528441625
1.425,0.9,0.85,1.79547404771057,1.79201682736867
1.425,0.9,0.875,1.79914515556093,1.79743558305397
1.425,0.9,0.9,1.80268562172494,1.80249044493365
1.425,0.9,0.925,1.80589867815951,1.8073775760249
1.425,0.9,0.95,1.8090390575875,1.81187474069353
1.425,0.9,0.975,1.81201557302843,1.81613751861568
1.425,0.9,1,1.8148220337596,1.82015490814604
1.425,0.925,0.6,1.75074090767019,1.71978957578384
1.425,0.925,0.625,1.75677030468997,1.72917086539369
1.425,0.925,0.65,1.76265220177268,1.73821765651822
1.425,0.925,0.675,1.76821447557735,1.74682195158287
1.425,0.925,0.7,1.77356335981456,1.75500452395602
1.425,0.925,0.725,1.77859489535784,1.76279090009222
1.425,0.925,0.75,1.78341656124883,1.77007910812031
1.425,0.925,0.775,1.78796304995738,1.77698539152444
1.425,0.925,0.8,1.79228776134802,1.78348509495629
1.425,0.925,0.825,1.79638937771396,1.78965732502525
1.425,0.925,0.85,1.80032075378309,1.79541194114063
1.425,0.925,0.875,1.80395501042282,1.80081880955327
1.425,0.925,0.9,1.8074415084531,1.80591402954044
1.425,0.925,0.925,1.81067465769596,1.81083068508477
1.425,0.925,0.95,1.81390974581916,1.81528139418918
1.425,0.925,0.975,1.81687569904619,1.81953286213444
1.425,0.925,1,1.81966046298304,1.82353086025965
1.425,0.95,0.6,1.75514868790042,1.7227012560949
1.425,0.95,0.625,1.76126385307492,1.73217673242012
1.425,0.95,0.65,1.76713533420984,1.74124405268704
1.425,0.95,0.675,1.77275583650595,1.74988433043579
1.425,0.95,0.7,1.77809820888659,1.75808614045034
1.425,0.95,0.725,1.78316260683191,1.76590614765469
1.425,0.95,0.75,1.7879878245973,1.7732183452234
1.425,0.95,0.775,1.79257155385391,1.78014068705668
1.425,0.95,0.8,1.79691419526285,1.78667445637298
1.425,0.95,0.825,1.80100242830019,1.79283267727836
1.425,0.95,0.85,1.80490794512155,1.79858108132773
1.425,0.95,0.875,1.80858964655088,1.80401436918288
1.425,0.95,0.9,1.81208539885653,1.80913330310767
1.425,0.95,0.925,1.81537925522569,1.81395664195313
1.425,0.95,0.95,1.81858794645779,1.81840066918711
1.425,0.95,0.975,1.82149452184141,1.8227415980837
1.425,0.95,1,1.82430688711749,1.82676035302128
1.425,0.975,0.6,1.7592441511134,1.72548786920229
1.425,0.975,0.625,1.76536224342047,1.7349326757839
1.425,0.975,0.65,1.77130776948737,1.74409091297432
1.425,0.975,0.675,1.7769381053356,1.75275993116581
1.425,0.975,0.7,1.78232548549998,1.76099850714329
1.425,0.975,0.725,1.78740940559935,1.76883153754585
1.425,0.975,0.75,1.79225054967854,1.77615107979064
1.425,0.975,0.775,1.79683223761717,1.78308483091377
1.425,0.975,0.8,1.80117486743447,1.789593495925
1.425,0.975,0.825,1.80530064025146,1.79580324953925
1.425,0.975,0.85,1.80923673470813,1.80158522078376
1.425,0.975,0.875,1.81288801345438,1.8069876756423
1.425,0.975,0.9,1.81637938165322,1.81208289480712
1.425,0.975,0.925,1.81969816849847,1.8169478154426
1.425,0.975,0.95,1.82286998388034,1.82147475470944
1.425,0.975,0.975,1.8258672604992,1.82569299550606
1.425,0.975,1,1.82861793331993,1.82972296115679
1.425,1,0.6,1.76311333762418,1.7281685795446
1.425,1,0.625,1.76930218945564,1.73772964890757
1.425,1,0.65,1.77523976511584,1.74686734314208
1.425,1,0.675,1.78091296432654,1.75556507958142
1.425,1,0.7,1.78629816642551,1.76381288086674
1.425,1,0.725,1.79139770849236,1.77167004546197
1.425,1,0.75,1.79625280462692,1.77901339644178
1.425,1,0.775,1.80086075862869,1.78595994595724
1.425,1,0.8,1.80522108194652,1.79251279411954
1.425,1,0.825,1.80932624996069,1.79868553881318
1.425,1,0.85,1.81324619942618,1.80444655739219
1.425,1,0.875,1.8169367960552,1.80988938328236
1.425,1,0.9,1.82043875361724,1.81501579341985
1.425,1,0.925,1.82373748767741,1.81984608562586
1.425,1,0.95,1.82689151431177,1.82435527430807
1.425,1,0.975,1.82987568871293,1.82862334448711
1.425,1,1,1.83274156245087,1.83259278710653
1.425,1.025,0.6,1.76675975590438,1.73067808993092
1.425,1.025,0.625,1.77294797053757,1.74020640872903
1.425,1.025,0.65,1.77894932387382,1.74942565171854
1.425,1.025,0.675,1.78462846302162,1.75814727872429
1.425,1.025,0.7,1.79005205937289,1.76642668217667
1.425,1.025,0.725,1.79516708168558,1.77429387482382
1.425,1.025,0.75,1.80003490661346,1.78164237371184
1.425,1.025,0.775,1.80463924536772,1.78859799241054
1.425,1.025,0.8,1.80899830357469,1.79512614808142
1.425,1.025,0.825,1.81313601625368,1.80134553878823
1.425,1.025,0.85,1.81708238907598,1.80713694448633
1.425,1.025,0.875,1.82074488066353,1.81255009388819
1.425,1.025,0.9,1.8242424156546,1.8176534565725
1.425,1.025,0.925,1.82756450671368,1.82251985843904
1.425,1.025,0.95,1.8307377027462,1.82705090966556
1.425,1.025,0.975,1.83370720346371,1.83130331524392
1.425,1.025,1,1.83650208402926,1.83529658274221
1.425,1.05,0.6,1.77021085572177,1.73309880399984
1.425,1.05,0.625,1.77646014076672,1.74273243848586
1.425,1.05,0.65,1.78245167768946,1.75192935963405
1.425,1.05,0.675,1.78816747735062,1.76067518821269
1.425,1.05,0.7,1.79358699911917,1.76896115991624
1.425,1.05,0.725,1.79871442339062,1.77684888183956
1.425,1.05,0.75,1.80359305533129,1.78421774220264
1.425,1.05,0.775,1.80821984738946,1.79118385094178
1.425,1.05,0.8,1.81259355466983,1.79775190125177
1.425,1.05,0.825,1.81671166309646,1.80393591999494
1.425,1.05,0.85,1.82064252847728,1.80970667094367
1.425,1.05,0.875,1.82433953266676,1.81515659444822
1.425,1.05,0.9,1.82784583712417,1.82028820960974
1.425,1.05,0.925,1.83114942172068,1.82512173144364
1.425,1.05,0.95,1.83430709864775,1.82963437979924
1.425,1.05,0.975,1.83729072667894,1.83390530726879
1.425,1.05,1,1.84010315649928,1.8379302374585
1.425,1.075,0.6,1.77346675107595,1.73536215363651
1.425,1.075,0.625,1.77971284672633,1.74496257346872
1.425,1.075,0.65,1.78575987566048,1.75423349602218
1.425,1.075,0.675,1.79147871283168,1.76299972442954
1.425,1.075,0.7,1.79693139300889,1.7713133655345
1.425,1.075,0.725,1.80207112696643,1.7792090529801
1.425,1.075,0.75,1.80696015350034,1.78658157500816
1.425,1.075,0.775,1.81158225745736,1.79355509017981
1.425,1.075,0.8,1.81595390148002,1.8000992323858
1.425,1.075,0.825,1.82010044574945,1.80632578636998
1.425,1.075,0.85,1.82405440400445,1.81212429665317
1.425,1.075,0.875,1.82772536592964,1.81754597538134
1.425,1.075,0.9,1.83122716002334,1.82265561419747
1.425,1.075,0.925,1.83455140779143,1.82752201419464
1.425,1.075,0.95,1.83772628261567,1.83205439830229
1.425,1.075,0.975,1.84069755210154,1.83630908221802
1.425,1.075,1,1.84349328552132,1.84030669737291
1.425,1.1,0.6,1.77655499530988,1.73755691387547
1.425,1.1,0.625,1.78285424337934,1.74725245805433
1.425,1.1,0.65,1.78889019022698,1.75649956797125
1.425,1.1,0.675,1.7946407097944,1.76528593524611
1.425,1.1,0.7,1.80008795748446,1.77360381667074
1.425,1.1,0.725,1.80523767485849,1.78151685155468
1.425,1.1,0.75,1.81013498375041,1.78890675139078
1.425,1.1,0.775,1.81477651421609,1.79588877365797
1.425,1.1,0.8,1.81916038143336,1.80246900733787
1.425,1.1,0.825,1.82328840097358,1.80866182390041
1.425,1.1,0.85,1.82722750318112,1.81444013857483
1.425,1.1,0.875,1.83092900784662,1.8198953932654
1.425,1.1,0.9,1.83443811197303,1.8250307230808
1.425,1.1,0.925,1.83774514666012,1.82986612949085
1.425,1.1,0.95,1.8409055291381,1.83438070511311
1.425,1.1,0.975,1.84388923774362,1.83865215348689
1.425,1.1,1,1.84670102515977,1.84267825392505
1.425,1.125,0.6,1.77947126906802,1.73960436082073
1.425,1.125,0.625,1.78576565405079,1.74926640518875
1.425,1.125,0.65,1.79185016722769,1.75858107484501
1.425,1.125,0.675,1.79760157624108,1.76738492082242
1.425,1.125,0.7,1.80307770535186,1.77572715284193
1.425,1.125,0.725,1.80823726818276,1.78364650142889
1.425,1.125,0.75,1.81314316256197,1.79103893148054
1.425,1.125,0.775,1.81777930703658,1.79802702930669
1.425,1.125,0.8,1.82216063530635,1.80458417701116
1.425,1.125,0.825,1.82631364657015,1.81081602309375
1.425,1.125,0.85,1.83027304072753,1.81661993453381
1.425,1.125,0.875,1.83395044920525,1.82204830943703
1.425,1.125,0.9,1.83745508016448,1.82716272652181
1.425,1.125,0.925,1.84078040921833,1.83202834627899
1.425,1.125,0.95,1.84395605030192,1.83656117442325
1.425,1.125,0.975,1.84692839893922,1.84081705818497
1.425,1.125,1,1.84972507808244,1.84481719289835
1.425,1.15,0.6,1.78220613745907,1.74164305049652
1.425,1.15,0.625,1.7885151941384,1.75136548995287
1.425,1.15,0.65,1.79462394213217,1.76066294917306
1.425,1.15,0.675,1.80038499175601,1.76948169353422
1.425,1.15,0.7,1.80587597255411,1.77783082298418
1.425,1.15,0.725,1.81103545162153,1.78575730452075
1.425,1.15,0.75,1.81595789738257,1.79315964716122
1.425,1.15,0.775,1.82059627615893,1.80015357879714
1.425,1.15,0.8,1.82498144958187,1.80673050769338
1.425,1.15,0.825,1.82913433934898,1.81294304260955
1.425,1.15,0.85,1.83310392665497,1.81873333260192
1.425,1.15,0.875,1.8367804319023,1.824181258453
1.425,1.15,0.9,1.84028597667955,1.82930828398541
1.425,1.15,0.925,1.84360940364207,1.83415695763117
1.425,1.15,0.95,1.84679158626202,1.83867759540873
1.425,1.15,0.975,1.84976426166659,1.84294249614688
1.425,1.15,1,1.85255828805044,1.84695646096534
1.425,1.175,0.6,1.78486354648298,1.74345680021008
1.425,1.175,0.625,1.79119832678777,1.75317208085495
1.425,1.175,0.65,1.79731394147348,1.76252383607573
1.425,1.175,0.675,1.80309220607941,1.77135963413591
1.425,1.175,0.7,1.80858742679689,1.77972588694595
1.425,1.175,0.725,1.81376293770521,1.78766501364087
1.425,1.175,0.75,1.81868239811355,1.79507402450444
1.425,1.175,0.775,1.823329660858,1.80207407030822
1.425,1.175,0.8,1.82771842595337,1.80864191887966
1.425,1.175,0.825,1.83187616591534,1.81487753546405
1.425,1.175,0.85,1.83583948705869,1.82068541952831
1.425,1.175,0.875,1.83952173248816,1.82611914570568
1.425,1.175,0.9,1.84302812344925,1.83123723766253
1.425,1.175,0.925,1.84635377030545,1.83610150056677
1.425,1.175,0.95,1.84952953278676,1.84063412160665
1.425,1.175,0.975,1.85250229083272,1.84489061528056
1.425,1.175,1,1.85529933495351,1.84889255801163
1.425,1.2,0.6,1.78732430086268,1.74531622452869
1.425,1.2,0.625,1.79367002368081,1.75508743697638
1.425,1.2,0.65,1.79980751927581,1.76441972200968
1.425,1.2,0.675,1.80559338134957,1.77326797511888
1.425,1.2,0.7,1.81110139789774,1.78163935320578
1.425,1.2,0.725,1.81627593967245,1.78958413738104
1.425,1.2,0.75,1.82120982510861,1.79700120298923
1.425,1.2,0.775,1.82585839466929,1.80400596350713
1.425,1.2,0.8,1.83024965785128,1.81059224673818
1.425,1.2,0.825,1.83440738039878,1.81680863260889
1.425,1.2,0.85,1.83838013490976,1.82260232495692
1.425,1.2,0.875,1.84206058513265,1.82805464291103
1.425,1.2,0.9,1.84556711735175,1.83318458733068
1.425,1.2,0.925,1.84889121056216,1.83803227978976
1.425,1.2,0.95,1.85207314532149,1.84255247652315
1.425,1.2,0.975,1.85504564586259,1.84681759470167
1.425,1.2,1,1.8578396303,1.85083267231482
1.425,1.225,0.6,1.78972108741525,1.74696525767174
1.425,1.225,0.625,1.79609002486494,1.75672635075101
1.425,1.225,0.65,1.80223150743665,1.76610973361862
1.425,1.225,0.675,1.80803211007749,1.77497268306123
1.425,1.225,0.7,1.81354292427042,1.78335915263438
1.425,1.225,0.725,1.8187313905422,1.79131481426583
1.425,1.225,0.75,1.8236617624892,1.79873766669099
1.425,1.225,0.775,1.8283178964568,1.80574749137022
1.425,1.225,0.8,1.83271239760845,1.81232407967452
1.425,1.225,0.825,1.83687351864068,1.81856235807027
1.425,1.225,0.85,1.84083953847831,1.82437319175963
1.425,1.225,0.875,1.84452544857969,1.82981109701792
1.425,1.225,0.9,1.84803283089724,1.83493193371539
1.425,1.225,0.925,1.8513582161497,1.83979450811207
1.425,1.225,0.95,1.85453355739299,1.84432653883655
1.425,1.225,0.975,1.85750625523494,1.84858315555084
1.425,1.225,1,1.86030324838347,1.85258634454739
1.425,1.25,0.6,1.79194146150257,1.74866356861874
1.425,1.25,0.625,1.79831827942894,1.7584774742859
1.425,1.25,0.65,1.80447986631366,1.76783980062594
1.425,1.25,0.675,1.8102864570468,1.77671350757737
1.425,1.25,0.7,1.81580847215989,1.78510388855305
1.425,1.25,0.725,1.82099531076125,1.79306421450284
1.425,1.25,0.75,1.82593843099291,1.80049369842576
1.425,1.25,0.775,1.83059516230904,1.80750745303344
1.425,1.25,0.8,1.83499109452147,1.81410150017838
1.425,1.25,0.825,1.83915236933708,1.82032069166685
1.425,1.25,0.85,1.84312728460742,1.82611685957024
1.425,1.25,0.875,1.84681067519866,1.83157266658527
1.425,1.25,0.9,1.85031759138975,1.83670480455524
1.425,1.25,0.925,1.85364177129416,1.84155116262612
1.425,1.25,0.95,1.85682304412824,1.84607055981095
1.425,1.25,0.975,1.85979501749183,1.85033554754312
1.425,1.25,1,1.86258861883502,1.85435134160346
1.425,1.275,0.6,1.79411768171911,1.75019232328263
1.425,1.275,0.625,1.80053542748865,1.76004423310789
1.425,1.275,0.65,1.80667702404532,1.7694170034694
1.425,1.275,0.675,1.81250763041285,1.77830373368144
1.425,1.275,0.7,1.81801795083915,1.78669891975702
1.425,1.275,0.725,1.82321698759207,1.79467230152502
1.425,1.275,0.75,1.82815517340835,1.80211188299975
1.425,1.275,0.775,1.83282752747658,1.80913042926501
1.425,1.275,0.8,1.83723081849815,1.81573728989117
1.425,1.275,0.825,1.84137888383473,1.82194833917403
1.425,1.275,0.85,1.84533407697707,1.82774237401899
1.425,1.275,0.875,1.84904180244518,1.83320742342427
1.425,1.275,0.9,1.85255318199885,1.83834844264963
1.425,1.275,0.925,1.85586527891664,1.84318489123483
1.425,1.275,0.95,1.85902913585467,1.84770116419509
1.425,1.275,0.975,1.86200942461203,1.85197026116296
1.425,1.275,1,1.86481687025955,1.85599562603977
1.425,1.3,0.6,1.79611928911521,1.75172362393813
1.425,1.3,0.625,1.80252263933553,1.76157437254281
1.425,1.3,0.65,1.80870445976367,1.77096257411748
1.425,1.3,0.675,1.814528448737,1.77985805799607
1.425,1.3,0.7,1.8200619861129,1.78826453461039
1.425,1.3,0.725,1.82525892165419,1.79623795566654
1.425,1.3,0.75,1.83020947986917,1.80367785030489
1.425,1.3,0.775,1.83487276028178,1.8106990062293
1.425,1.3,0.8,1.83927224166724,1.81729936417311
1.425,1.3,0.825,1.84343608639388,1.82352058415584
1.425,1.3,0.85,1.84741236616642,1.8293185678763
1.425,1.3,0.875,1.85109792218842,1.83477701334398
1.425,1.3,0.9,1.85460477319617,1.83991068607708
1.425,1.3,0.925,1.85792862597591,1.84475552309754
1.425,1.3,0.95,1.86110892638371,1.84927393697005
1.425,1.3,0.975,1.86408011883223,1.85353846710733
1.425,1.3,1,1.86687309906787,1.85755460681211
1.425,1.325,0.6,1.79809436577017,1.75312145644197
1.425,1.325,0.625,1.80453535363393,1.76300560257441
1.425,1.325,0.65,1.81069705968465,1.77240380797697
1.425,1.325,0.675,1.81654276048218,1.7813106489703
1.425,1.325,0.7,1.82206464995106,1.78972112662778
1.425,1.325,0.725,1.82727249841538,1.79770610575833
1.425,1.325,0.75,1.83221776327017,1.80515511170919
1.425,1.325,0.775,1.83689525262527,1.81218029338177
1.425,1.325,0.8,1.84130146388704,1.81879181768223
1.425,1.325,0.825,1.84545246739312,1.82500570629069
1.425,1.325,0.85,1.84940979290944,1.83080208823885
1.425,1.325,0.875,1.85311797291986,1.83626838412219
1.425,1.325,0.9,1.85662899033112,1.84140982570348
1.425,1.325,0.925,1.85994120723938,1.84624568714168
1.425,1.325,0.95,1.86310487046236,1.85076154111654
1.425,1.325,0.975,1.8660838008415,1.85502948490611
1.425,1.325,1,1.86888977252037,1.8590540640196
1.425,1.35,0.6,1.79991031496095,1.75452696046344
1.425,1.35,0.625,1.8063364088446,1.76441002690342
1.425,1.35,0.65,1.81253535890102,1.7738206083992
1.425,1.35,0.675,1.81837402851746,1.78273493881627
1.425,1.35,0.7,1.82391712083751,1.79115520619879
1.425,1.35,0.725,1.8291223617193,1.79913977691137
1.425,1.35,0.75,1.8340789583123,1.80658847050108
1.425,1.35,0.775,1.83874750040913,1.81361577128001
1.425,1.35,0.8,1.84314966342871,1.82022136065519
1.425,1.35,0.825,1.84731531479074,1.82644394106836
1.425,1.35,0.85,1.85129238043353,1.8322431415191
1.425,1.35,0.875,1.85497949558958,1.83770364164688
1.425,1.35,0.9,1.85848595991084,1.84283839185577
1.425,1.35,0.925,1.86180918210258,1.84768153408401
1.425,1.35,0.95,1.86498831510248,1.85219877138802
1.425,1.35,0.975,1.8679585600662,1.85646265714321
1.425,1.35,1,1.87075074678821,1.86047891139758
1.425,1.375,0.6,1.8017078646229,1.75580799741198
1.425,1.375,0.625,1.8081687828619,1.76572031920917
1.425,1.375,0.65,1.81434764028888,1.77514066000452
1.425,1.375,0.675,1.8202060879647,1.78406492454733
1.425,1.375,0.7,1.82573764963033,1.79248854288586
1.425,1.375,0.725,1.83095276275648,1.80048338502878
1.425,1.375,0.75,1.83590379603538,1.80794036196934
1.425,1.375,0.775,1.84058536389173,1.81497104954799
1.425,1.375,0.8,1.84499373305816,1.82158633727536
1.425,1.375,0.825,1.8491469436288,1.82780239060195
1.425,1.375,0.85,1.8531057773437,1.83360053634233
1.425,1.375,0.875,1.85681403056211,1.83906763318005
1.425,1.375,0.9,1.8603244148468,1.84420915514094
1.425,1.375,0.925,1.86363644916993,1.84904421492684
1.425,1.375,0.95,1.86679966091958,1.85355944836438
1.425,1.375,0.975,1.86977714161649,1.85782612259023
1.425,1.375,1,1.87258158253091,1.86184978842835
1.425,1.4,0.6,1.80335981546348,1.75710177061198
1.425,1.4,0.625,1.80980554255587,1.76701292249097
1.425,1.4,0.65,1.81601903362445,1.77644295000913
1.425,1.4,0.675,1.82187016105603,1.78537352981606
1.425,1.4,0.7,1.82742119473691,1.79380557180386
1.425,1.4,0.725,1.8326333173369,1.80179959689657
1.425,1.4,0.75,1.83759480138853,1.8092557198636
1.425,1.4,0.775,1.84226758141412,1.81628808655116
1.425,1.4,0.8,1.84667174453536,1.82289791858334
1.425,1.4,0.825,1.85083861873617,1.82912138920853
1.425,1.4,0.85,1.85481600793079,1.83492141198591
1.425,1.4,0.875,1.85850421974278,1.84038340163741
1.425,1.4,0.9,1.86201006467598,1.84551880545046
1.425,1.4,0.925,1.86533244874787,1.85036019426126
1.425,1.4,0.95,1.8685102706718,1.85487619060733
1.425,1.4,0.975,1.87147945422782,1.85913924564995
1.425,1.4,1,1.87427074252153,1.86315537873371
1.425,1.425,0.6,1.80500010360692,1.75827766786508
1.425,1.425,0.625,1.81147821705259,1.76821468476674
1.425,1.425,0.65,1.81767178955827,1.77765435355291
1.425,1.425,0.675,1.82354106399398,1.78659376681896
1.425,1.425,0.7,1.82908075614083,1.79502871708909
1.425,1.425,0.725,1.83430188560394,1.80303197356633
1.425,1.425,0.75,1.83925763496502,1.81049571112063
1.425,1.425,0.775,1.84394244104924,1.81753097263794
1.425,1.425,0.8,1.84835237444757,1.82414928778703
1.425,1.425,0.825,1.85250721952044,1.83036696356898
1.425,1.425,0.85,1.85646707747601,1.83616640475767
1.425,1.425,0.875,1.86017512177504,1.84163395066285
1.425,1.425,0.9,1.86368468271495,1.84677528890347
1.425,1.425,0.925,1.8669963131633,1.85160939292189
1.425,1.425,0.95,1.87015888870747,1.85612385872618
1.425,1.425,0.975,1.87313487389508,1.86038918880985
1.425,1.425,1,1.87593776454886,1.86441185367966
1.425,1.45,0.6,1.80652488098078,1.75940355742245
1.425,1.45,0.625,1.81300421192024,1.76933375642807
1.425,1.45,0.65,1.81921052412998,1.77880165937481
1.425,1.45,0.675,1.82508316320005,1.78774912231729
1.425,1.45,0.7,1.83062845585534,1.79619302271804
1.425,1.45,0.725,1.83585275016124,1.80419743209667
1.425,1.45,0.75,1.84081036130177,1.81166819562052
1.425,1.45,0.775,1.8454957004545,1.81870610343669
1.425,1.45,0.8,1.84990299118158,1.82531882052188
1.425,1.45,0.825,1.8540642490572,1.8315446688921
1.425,1.45,0.85,1.85802789674815,1.83735609999541
1.425,1.45,0.875,1.86173166852616,1.84281635098954
1.425,1.45,0.9,1.86523785059932,1.84795268327366
1.425,1.45,0.925,1.86855441470241,1.8527912013291
1.425,1.45,0.95,1.87171961617588,1.85731412626078
1.425,1.45,0.975,1.87469159477811,1.86157427522359
1.425,1.45,1,1.87749085974338,1.86559210314656
1.425,1.475,0.6,1.80797450082484,1.76058814579289
1.425,1.475,0.625,1.81443998893191,1.77053530694068
1.425,1.475,0.65,1.8206774097553,1.77998945394708
1.425,1.475,0.675,1.82654137959427,1.78893902754302
1.425,1.475,0.7,1.83210480632764,1.79738713753472
1.425,1.475,0.725,1.83732436520883,1.80539452222633
1.425,1.475,0.75,1.84229310447026,1.81285758490737
1.425,1.475,0.775,1.84696864220474,1.81989486020252
1.425,1.475,0.8,1.85137387395499,1.82651054714174
1.425,1.475,0.825,1.85554444466695,1.83273593903227
1.425,1.475,0.85,1.85952436551103,1.83853397186824
1.425,1.475,0.875,1.8632105023647,1.8439973978233
1.425,1.475,0.9,1.86671436479267,1.8491337648317
1.425,1.475,0.925,1.87003738783036,1.8539735453733
1.425,1.475,0.95,1.87321532090299,1.85848551248208
1.425,1.475,0.975,1.87618194866726,1.86274729813649
1.425,1.475,1,1.87896944566259,1.86676302181237
1.425,1.5,0.6,1.80941498100847,1.76162207285735
1.425,1.5,0.625,1.8159119034132,1.77158676336978
1.425,1.5,0.65,1.82212767826942,1.78105403871819
1.425,1.5,0.675,1.82800867314121,1.79001396760957
1.425,1.5,0.7,1.83355926915008,1.79846213141722
1.425,1.5,0.725,1.838785479716,1.80647720587062
1.425,1.5,0.75,1.84374917158947,1.81394774890799
1.425,1.5,0.775,1.8484362514419,1.82098961708383
1.425,1.5,0.8,1.85284677804504,1.82760803763701
1.425,1.5,0.825,1.85700337854028,1.83383120196111
1.425,1.5,0.85,1.86096660159609,1.83963342309952
1.425,1.5,0.875,1.86467224654909,1.84509922653233
1.425,1.5,0.9,1.86817976626679,1.85023710081018
1.425,1.5,0.925,1.87149044736541,1.8550729951305
1.425,1.5,0.95,1.87465384009322,1.85958730853593
1.425,1.5,0.975,1.87762720604079,1.86384820959394
1.425,1.5,1,1.8804264240415,1.86786753526157
1.45,0.75,0.6,1.70506620337898,1.68706350650812
1.45,0.75,0.625,1.71057759123009,1.69580402454218
1.45,0.75,0.65,1.71595671397469,1.70445591973837
1.45,0.75,0.675,1.72118077533892,1.71269328937526
1.45,0.75,0.7,1.72608402532126,1.72049890169899
1.45,0.75,0.725,1.73087533419539,1.72798046756051
1.45,0.75,0.75,1.73553218507298,1.73517647814848
1.45,0.75,0.775,1.73990725495244,1.74206751765917
1.45,0.75,0.8,1.74407948664358,1.74846518348935
1.45,0.75,0.825,1.74802213702855,1.75448902227834
1.45,0.75,0.85,1.75185656389037,1.76030011676376
1.45,0.75,0.875,1.75550212820371,1.76577791193126
1.45,0.75,0.9,1.7589313154821,1.77087917470504
1.45,0.75,0.925,1.76216323504778,1.77566461470979
1.45,0.75,0.95,1.76530734653364,1.78028259521606
1.45,0.75,0.975,1.76825230182989,1.78459743429308
1.45,0.75,1,1.77110052067538,1.78868810833344
1.45,0.775,0.6,1.7118085205497,1.69144156237298
1.45,0.775,0.625,1.71744861527538,1.70036908043842
1.45,0.775,0.65,1.72284902633194,1.70902406919531
1.45,0.775,0.675,1.72809889324059,1.71727707863916
1.45,0.775,0.7,1.73315704378958,1.725227281351
1.45,0.775,0.725,1.7380258087674,1.73282908394144
1.45,0.775,0.75,1.74265052731388,1.74003713070017
1.45,0.775,0.775,1.74712959593258,1.74679584641335
1.45,0.775,0.8,1.75129603468685,1.75335541062059
1.45,0.775,0.825,1.75532045465472,1.75947645545368
1.45,0.775,0.85,1.75913912139598,1.76525694256758
1.45,0.775,0.875,1.76276896913826,1.7707020766154
1.45,0.775,0.9,1.76625155117509,1.77585506283289
1.45,0.775,0.925,1.76954154964026,1.78071372501694
1.45,0.775,0.95,1.77266373711762,1.78529952666278
1.45,0.775,0.975,1.77564201678212,1.78962432458819
1.45,0.775,1,1.77847520851605,1.79370821354032
1.45,0.8,0.6,1.71809068533548,1.69553719248888
1.45,0.8,0.625,1.72379946976066,1.70447767089022
1.45,0.8,0.65,1.72934765753179,1.713290832218
1.45,0.8,0.675,1.73472230647329,1.72166898215244
1.45,0.8,0.7,1.73975998694523,1.72960094745561
1.45,0.8,0.725,1.74465943805781,1.73718941259234
1.45,0.8,0.75,1.74937880118705,1.74449826618519
1.45,0.8,0.775,1.75388087170357,1.75140947309658
1.45,0.8,0.8,1.75815124462969,1.75784300149533
1.45,0.8,0.825,1.76211390897342,1.76396607278732
1.45,0.8,0.85,1.76600079046219,1.76981304624286
1.45,0.8,0.875,1.76968985053322,1.77532133992247
1.45,0.8,0.9,1.77315883838944,1.78045343118026
1.45,0.8,0.925,1.7764259881154,1.78526888963896
1.45,0.8,0.95,1.77959732473801,1.78990325305403
1.45,0.8,0.975,1.7825696803918,1.79423480873955
1.45,0.8,1,1.78543560517757,1.79833778015354
1.45,0.825,0.6,1.72407586157767,1.69947037567603
1.45,0.825,0.625,1.72988955960326,1.70857290588845
1.45,0.825,0.65,1.73544671156879,1.71737840221763
1.45,0.825,0.675,1.74083542224828,1.72576183348344
1.45,0.825,0.7,1.74600333985586,1.73381929296528
1.45,0.825,0.725,1.75096483591312,1.74151094811736
1.45,0.825,0.75,1.75567433426069,1.74879724475836
1.45,0.825,0.775,1.7601633657683,1.75568383030213
1.45,0.825,0.8,1.76446950998872,1.76221226550075
1.45,0.825,0.825,1.76859181357054,1.76832860899048
1.45,0.825,0.85,1.7723907972796,1.77421227265426
1.45,0.825,0.875,1.77606416724529,1.77968487108143
1.45,0.825,0.9,1.77957754125732,1.78486070788833
1.45,0.825,0.925,1.78289315121624,1.78974047569141
1.45,0.825,0.95,1.78604167826998,1.79434265894549
1.45,0.825,0.975,1.78904089294513,1.79868119131146
1.45,0.825,1,1.79189103226065,1.80277598825746
1.45,0.85,0.6,1.72964754669997,1.70314094542603
1.45,0.85,0.625,1.7355137980623,1.7122458736971
1.45,0.85,0.65,1.74119489868661,1.7211894163085
1.45,0.85,0.675,1.74668705591445,1.7296807926033
1.45,0.85,0.7,1.75183005610809,1.73771411044115
1.45,0.85,0.725,1.75681307627843,1.74538701650831
1.45,0.85,0.75,1.76160304207914,1.75275939614915
1.45,0.85,0.775,1.76616205626276,1.75972509912175
1.45,0.85,0.8,1.77045527877204,1.76623764300393
1.45,0.85,0.825,1.77450693578247,1.77236249224224
1.45,0.85,0.85,1.77846435963653,1.77820301206025
1.45,0.85,0.875,1.78213772165321,1.78377998863886
1.45,0.85,0.9,1.7856382442127,1.78893196360721
1.45,0.85,0.925,1.78893129888384,1.79376949964798
1.45,0.85,0.95,1.79212106985487,1.79841460668613
1.45,0.85,0.975,1.79511271679146,1.80275760500941
1.45,0.85,1,1.79798975359815,1.80686849586704
1.45,0.875,0.6,1.73495646707038,1.70667181672534
1.45,0.875,0.625,1.74090885577792,1.71591920966983
1.45,0.875,0.65,1.74659065049825,1.72484805054146
1.45,0.875,0.675,1.75208891270881,1.7333376532534
1.45,0.875,0.7,1.75734227588448,1.74148153404114
1.45,0.875,0.725,1.76237527160747,1.74924471318041
1.45,0.875,0.75,1.76715151601912,1.75659120231746
1.45,0.875,0.775,1.77169614011017,1.763528647516
1.45,0.875,0.8,1.7760430084499,1.77009867822899
1.45,0.875,0.825,1.78014874247815,1.77630178309042
1.45,0.875,0.85,1.78405238760083,1.78214311566827
1.45,0.875,0.875,1.78781989773327,1.78757408031897
1.45,0.875,0.9,1.79127253566783,1.79284906484748
1.45,0.875,0.925,1.79460858757097,1.79774167837958
1.45,0.875,0.95,1.79777625679105,1.80235481490515
1.45,0.875,0.975,1.8007900475862,1.80670264531717
1.45,0.875,1,1.8036515605112,1.81080455499638
1.45,0.9,0.6,1.73989829841714,1.70995981014108
1.45,0.9,0.625,1.74589114456039,1.71920311782202
1.45,0.9,0.65,1.75167768647069,1.72825422900495
1.45,0.9,0.675,1.75726266659262,1.73683844097177
1.45,0.9,0.7,1.76248874194946,1.74495517056312
1.45,0.9,0.725,1.76753660674692,1.75269688310066
1.45,0.9,0.75,1.77238095469101,1.76011921475022
1.45,0.9,0.775,1.77698459715326,1.76712601669349
1.45,0.9,0.8,1.78131838174549,1.77367690097673
1.45,0.9,0.825,1.78540395887003,1.77983810332051
1.45,0.9,0.85,1.78935317157948,1.78573398394113
1.45,0.9,0.875,1.79309763241625,1.79127820673081
1.45,0.9,0.9,1.79664768759849,1.79641871885179
1.45,0.9,0.925,1.79991478983422,1.80131802537661
1.45,0.9,0.95,1.80311866914822,1.8059684745385
1.45,0.9,0.975,1.80612434653672,1.81031895595538
1.45,0.9,1,1.80900843190636,1.81443462822826
1.45,0.925,0.6,1.74461313260411,1.71313874619166
1.45,0.925,0.625,1.75067717096526,1.7225070098892
1.45,0.925,0.65,1.75645889293548,1.73153788828113
1.45,0.925,0.675,1.76204433083629,1.74011483538009
1.45,0.925,0.7,1.76736478794037,1.74832919595753
1.45,0.925,0.725,1.77245329964896,1.75615016310854
1.45,0.925,0.75,1.77728150155573,1.76354467353313
1.45,0.925,0.775,1.78186940891523,1.77052202703701
1.45,0.925,0.8,1.78624824907226,1.77712322663167
1.45,0.925,0.825,1.79038010510468,1.78335370279089
1.45,0.925,0.85,1.79430750392803,1.78921831768993
1.45,0.925,0.875,1.79803113364011,1.79473239844746
1.45,0.925,0.9,1.80158058288763,1.7999382449259
1.45,0.925,0.925,1.80498196978859,1.8047893762187
1.45,0.925,0.95,1.80809337558817,1.80948002949664
1.45,0.925,0.975,1.81111944686821,1.81383197228496
1.45,0.925,1,1.81398903914049,1.81793788338649
1.45,0.95,0.6,1.74900332288868,1.71609074432597
1.45,0.95,0.625,1.75509872015347,1.72544979341268
1.45,0.95,0.65,1.76096961060694,1.73458965729302
1.45,0.95,0.675,1.76662824611721,1.74325033161101
1.45,0.95,0.7,1.77192059863515,1.75143554064282
1.45,0.95,0.725,1.77701923395336,1.75923333289607
1.45,0.95,0.75,1.78190547324161,1.7666954908344
1.45,0.95,0.775,1.78654329051822,1.77373459519636
1.45,0.95,0.8,1.79090830028301,1.78031570266558
1.45,0.95,0.825,1.79502049102302,1.78650514036681
1.45,0.95,0.85,1.79898847707674,1.79241707114668
1.45,0.95,0.875,1.80274622919698,1.79797584879699
1.45,0.95,0.9,1.80627818068965,1.80316271757303
1.45,0.95,0.925,1.80960271825861,1.80803151792844
1.45,0.95,0.95,1.81284799641656,1.81265323839547
1.45,0.95,0.975,1.81581930792674,1.81705308778606
1.45,0.95,1,1.81870928375251,1.82116974027117
1.45,0.975,0.6,1.7531192357086,1.71899810612726
1.45,0.975,0.625,1.75926184822295,1.72843856734338
1.45,0.975,0.65,1.76515698521686,1.73757592974462
1.45,0.975,0.675,1.7708606799005,1.74624360563016
1.45,0.975,0.7,1.77617786759998,1.75448870283938
1.45,0.975,0.725,1.78130076644868,1.76233197249961
1.45,0.975,0.75,1.78620840055902,1.76978295224701
1.45,0.975,0.775,1.79085759150421,1.77681263570641
1.45,0.975,0.8,1.79523805289431,1.7834230053178
1.45,0.975,0.825,1.79935872566081,1.78964665196405
1.45,0.975,0.85,1.80333739093751,1.795543731514
1.45,0.975,0.875,1.80709884447805,1.80108983777797
1.45,0.975,0.9,1.81063879434073,1.80629438223625
1.45,0.975,0.925,1.81396556918475,1.81118768508863
1.45,0.975,0.95,1.8171833752521,1.81582741320077
1.45,0.975,0.975,1.82026106922678,1.8201238521819
1.45,0.975,1,1.8230828743293,1.82430887333002
1.45,1,0.6,1.75710677775861,1.72161310783757
1.45,1,0.625,1.76328598477095,1.73107034616987
1.45,1,0.65,1.76922504527399,1.7402842128006
1.45,1,0.675,1.77494297227969,1.74900838899979
1.45,1,0.7,1.78028857751885,1.75725078308001
1.45,1,0.725,1.78542735837964,1.76509501290696
1.45,1,0.75,1.79034636108551,1.77258914752439
1.45,1,0.775,1.79501055249477,1.77965394797516
1.45,1,0.8,1.79939973771656,1.78625940528506
1.45,1,0.825,1.80353234129621,1.79247174997412
1.45,1,0.85,1.80751451399068,1.79839535895845
1.45,1,0.875,1.81128325942302,1.80396337330825
1.45,1,0.9,1.81482586382713,1.80916077010993
1.45,1,0.925,1.8181588346092,1.81404155180831
1.45,1,0.95,1.8213753772853,1.81869994516968
1.45,1,0.975,1.82439797046688,1.8230588528788
1.45,1,1,1.82731938807753,1.82714759206955
1.45,1.025,0.6,1.76077613318933,1.72424536949396
1.45,1.025,0.625,1.76699340465979,1.73377507483414
1.45,1.025,0.65,1.77295233488828,1.74298093168518
1.45,1.025,0.675,1.77870910388654,1.75170601872283
1.45,1.025,0.7,1.7840734050785,1.76000263342788
1.45,1.025,0.725,1.78923104097903,1.76788747257835
1.45,1.025,0.75,1.79416838125498,1.77536738024602
1.45,1.025,0.775,1.79884187094157,1.78242031794898
1.45,1.025,0.8,1.80324275557141,1.78905227710956
1.45,1.025,0.825,1.80738072162122,1.79529579976264
1.45,1.025,0.85,1.81137217372555,1.80120314911661
1.45,1.025,0.875,1.81514396244825,1.80675734946095
1.45,1.025,0.9,1.81869245478092,1.81197073337867
1.45,1.025,0.925,1.82202659601675,1.8168733048488
1.45,1.025,0.95,1.82524747567269,1.82151674334564
1.45,1.025,0.975,1.82826845654068,1.82587868081355
1.45,1.025,1,1.83116361996966,1.82999260461402
1.45,1.05,0.6,1.76433858035305,1.72660226312638
1.45,1.05,0.625,1.77058676984756,1.73614250762095
1.45,1.05,0.65,1.77658128860116,1.74541826555225
1.45,1.05,0.675,1.78234709512574,1.75419545048035
1.45,1.05,0.7,1.78773594982361,1.76248546052476
1.45,1.05,0.725,1.79290675139977,1.77036807802428
1.45,1.05,0.75,1.79785140783501,1.77788810510312
1.45,1.05,0.775,1.80253602738548,1.7849735127301
1.45,1.05,0.8,1.80694406465037,1.79159852956774
1.45,1.05,0.825,1.81109249704399,1.79782943201923
1.45,1.05,0.85,1.81508510875553,1.80376177068743
1.45,1.05,0.875,1.81886186729327,1.80933640846862
1.45,1.05,0.9,1.822412484148,1.81454159585928
1.45,1.05,0.925,1.82575232890524,1.81943100106835
1.45,1.05,0.95,1.82897166413778,1.82409116717648
1.45,1.05,0.975,1.83199730205301,1.82845399347488
1.45,1.05,1,1.83488826274451,1.83257436282056
1.45,1.075,0.6,1.76761785342497,1.72898613506691
1.45,1.075,0.625,1.77389694576638,1.73859295926125
1.45,1.075,0.65,1.77990816199939,1.74785717768124
1.45,1.075,0.675,1.78570814685,1.75663090192511
1.45,1.075,0.7,1.79111085581586,1.76497130990659
1.45,1.075,0.725,1.79629633724483,1.77289120561946
1.45,1.075,0.75,1.80125718376852,1.78039485319245
1.45,1.075,0.775,1.80594967133388,1.78746671101927
1.45,1.075,0.8,1.81036651497453,1.79411638941437
1.45,1.075,0.825,1.8145178800929,1.80037629678951
1.45,1.075,0.85,1.81851885317271,1.80629138292188
1.45,1.075,0.875,1.82229821506738,1.81185150082514
1.45,1.075,0.9,1.82585295347964,1.81707168554631
1.45,1.075,0.925,1.82919256019999,1.8219814390162
1.45,1.075,0.95,1.832416199524,1.82662597541271
1.45,1.075,0.975,1.83544075388489,1.83099023294868
1.45,1.075,1,1.83833446653332,1.83510597193392
1.45,1.1,0.6,1.77080972178105,1.73111578933247
1.45,1.1,0.625,1.77711522316516,1.74072805706657
1.45,1.1,0.65,1.78315535659551,1.75005666945314
1.45,1.1,0.675,1.78896040727652,1.7588789086684
1.45,1.1,0.7,1.79438460582701,1.76720961757376
1.45,1.1,0.725,1.79958117904378,1.77512477549734
1.45,1.1,0.75,1.80454625558459,1.78266607903805
1.45,1.1,0.775,1.80924687759572,1.78976826197197
1.45,1.1,0.8,1.81366971691661,1.79640942269827
1.45,1.1,0.825,1.81783041873044,1.80265574246097
1.45,1.1,0.85,1.82183080713759,1.80859460103127
1.45,1.1,0.875,1.82561334808056,1.81417401022215
1.45,1.1,0.9,1.82916983759843,1.8193852467274
1.45,1.1,0.925,1.83251467908425,1.82428151292315
1.45,1.1,0.95,1.83573584388828,1.8289420680809
1.45,1.1,0.975,1.83876434410926,1.83330655536706
1.45,1.1,1,1.8416546834607,1.83742715794154
1.45,1.125,0.6,1.77374971015038,1.73328518348557
1.45,1.125,0.625,1.7800802778481,1.74295769195399
1.45,1.125,0.65,1.78613466092125,1.75227137762021
1.45,1.125,0.675,1.79196996881429,1.76108624372648
1.45,1.125,0.7,1.79740421496185,1.76946340258877
1.45,1.125,0.725,1.80261212523774,1.77741252482125
1.45,1.125,0.75,1.80759162791074,1.7849357234441
1.45,1.125,0.775,1.81229904266609,1.79202302286156
1.45,1.125,0.8,1.81672837794349,1.79868702320038
1.45,1.125,0.825,1.82089017454139,1.80496025814785
1.45,1.125,0.85,1.82489817337933,1.81088122455991
1.45,1.125,0.875,1.82868301665087,1.81644570204277
1.45,1.125,0.9,1.83224222857388,1.82167097818304
1.45,1.125,0.925,1.83558574771109,1.82658628766975
1.45,1.125,0.95,1.8388110094723,1.83123102855829
1.45,1.125,0.975,1.84183813570026,1.83559646017975
1.45,1.125,1,1.84473100687111,1.83971206204067
1.45,1.15,0.6,1.77661820982919,1.73521398244352
1.45,1.15,0.625,1.78297164972609,1.74488794282893
1.45,1.15,0.65,1.78904951161157,1.75426141689551
1.45,1.15,0.675,1.7948867634818,1.76312185683167
1.45,1.15,0.7,1.80034014413274,1.77148694404662
1.45,1.15,0.725,1.80555760579018,1.77942941161769
1.45,1.15,0.75,1.81053888874776,1.78698822174152
1.45,1.15,0.775,1.81525204720519,1.79410406293115
1.45,1.15,0.8,1.81968657559188,1.80075837206049
1.45,1.15,0.825,1.8238568975395,1.80701735097823
1.45,1.15,0.85,1.82786293484824,1.81296108089755
1.45,1.15,0.875,1.83164952901766,1.81854389731509
1.45,1.15,0.9,1.83521029349312,1.82375970502615
1.45,1.15,0.925,1.83855874258948,1.82866137165415
1.45,1.15,0.95,1.84178074771607,1.83332159636643
1.45,1.15,0.975,1.84481115026596,1.83768689267647
1.45,1.15,1,1.84770059950614,1.84180687488431
1.45,1.175,0.6,1.77926155076038,1.73719245420805
1.45,1.175,0.625,1.78563530146096,1.7469217857585
1.45,1.175,0.65,1.79172556446875,1.75627773210344
1.45,1.175,0.675,1.79759002521509,1.76512758816888
1.45,1.175,0.7,1.8030503479804,1.77353614086754
1.45,1.175,0.725,1.80827647157838,1.78151002403956
1.45,1.175,0.75,1.8132709015139,1.78904932041444
1.45,1.175,0.775,1.81799009764143,1.79614921609476
1.45,1.175,0.8,1.82242928390017,1.80282501414594
1.45,1.175,0.825,1.82659921997744,1.80910929900031
1.45,1.175,0.85,1.83061238389256,1.81503460080144
1.45,1.175,0.875,1.83440112590309,1.8206021666641
1.45,1.175,0.9,1.83796350232835,1.8258313326295
1.45,1.175,0.925,1.84130975743483,1.83075103920205
1.45,1.175,0.95,1.84453576697534,1.83539531069258
1.45,1.175,0.975,1.84756455056967,1.83976123945881
1.45,1.175,1,1.85045622927116,1.8438761450973
1.45,1.2,0.6,1.78184675441215,1.73894334550295
1.45,1.2,0.625,1.78824058840728,1.74867089338007
1.45,1.2,0.65,1.79434997061967,1.75808273869803
1.45,1.2,0.675,1.80021401632938,1.76697575468063
1.45,1.2,0.7,1.80569158299615,1.77537037073835
1.45,1.2,0.725,1.81092608001993,1.78333610864201
1.45,1.2,0.75,1.81592043186379,1.79090933429723
1.45,1.2,0.775,1.82064351259638,1.79803630116218
1.45,1.2,0.8,1.82508730010966,1.80470151626533
1.45,1.2,0.825,1.82926511775868,1.81097108301882
1.45,1.2,0.85,1.8332753094999,1.81691832749389
1.45,1.2,0.875,1.83706471071333,1.82250345379181
1.45,1.2,0.9,1.84062852246766,1.8277227817483
1.45,1.2,0.925,1.84397946780686,1.83262879163135
1.45,1.2,0.95,1.84720166285922,1.83728812507446
1.45,1.2,0.975,1.85023318788398,1.84165366813054
1.45,1.2,1,1.8531214253527,1.84577261700921
1.45,1.225,0.6,1.78423075798141,1.74075376581708
1.45,1.225,0.625,1.79064098660179,1.7505319899701
1.45,1.225,0.65,1.79676129969674,1.75992419922866
1.45,1.225,0.675,1.80264992494309,1.76880401683001
1.45,1.225,0.7,1.80813197991679,1.77723919667601
1.45,1.225,0.725,1.81337298234047,1.78523393586331
1.45,1.225,0.75,1.8183793907858,1.79278664714043
1.45,1.225,0.775,1.82310792600571,1.7998969386991
1.45,1.225,0.8,1.82755489541299,1.80658233111778
1.45,1.225,0.825,1.83173121630166,1.81287566335491
1.45,1.225,0.85,1.8357481166616,1.81880421499909
1.45,1.225,0.875,1.83953957166594,1.82437398228754
1.45,1.225,0.9,1.84310411794737,1.82960599030364
1.45,1.225,0.925,1.84645223476659,1.83452907653392
1.45,1.225,0.95,1.84967833944923,1.83917250614338
1.45,1.225,0.975,1.85270808616518,1.84353844976246
1.45,1.225,1,1.85559829740332,1.84765231556986
1.45,1.25,0.6,1.78659072128077,1.74238490219696
1.45,1.25,0.625,1.7930262208448,1.75219929891516
1.45,1.25,0.65,1.79913766690985,1.76159964646469
1.45,1.25,0.675,1.80500489439547,1.77048867514652
1.45,1.25,0.7,1.81053295544365,1.77894820998798
1.45,1.25,0.725,1.81578731699688,1.78696471989442
1.45,1.25,0.75,1.82077203874653,1.79451740916335
1.45,1.25,0.775,1.8254867009599,1.80162336985749
1.45,1.25,0.8,1.82995145125949,1.80831933821388
1.45,1.25,0.825,1.83415130776723,1.81463151360487
1.45,1.25,0.85,1.83814754767346,1.82055502519774
1.45,1.25,0.875,1.8419254388515,1.82611722421541
1.45,1.25,0.9,1.84550221558152,1.83135609861531
1.45,1.25,0.925,1.84886859288473,1.83629294221612
1.45,1.25,0.95,1.85207620115695,1.84092977582971
1.45,1.25,0.975,1.85511545841725,1.84529545975162
1.45,1.25,1,1.85799286524398,1.84940620912045
1.45,1.275,0.6,1.78872329397641,1.74400448497445
1.45,1.275,0.625,1.79516462032891,1.75382592444729
1.45,1.275,0.65,1.80131029394965,1.76324981680414
1.45,1.275,0.675,1.80721917999039,1.77215567870897
1.45,1.275,0.7,1.81271947448126,1.78061409063116
1.45,1.275,0.725,1.81797274924624,1.7886268851797
1.45,1.275,0.75,1.82298886714947,1.79619088682397
1.45,1.275,0.775,1.82772484431078,1.80330983864518
1.45,1.275,0.8,1.8321780153188,1.81000328984454
1.45,1.275,0.825,1.83635934834842,1.81630425791387
1.45,1.275,0.85,1.84037892827479,1.82223517037983
1.45,1.275,0.875,1.84417220527863,1.82780642155724
1.45,1.275,0.9,1.84773819456214,1.83304058072906
1.45,1.275,0.925,1.85108751118335,1.83796635635002
1.45,1.275,0.95,1.85431325725568,1.84260862441323
1.45,1.275,0.975,1.85734344787362,1.84697425267048
1.45,1.275,1,1.86023202291018,1.85108686462718
1.45,1.3,0.6,1.79086417557586,1.74549657156068
1.45,1.3,0.625,1.79732804761066,1.75534913353384
1.45,1.3,0.65,1.80346410734771,1.7647803117302
1.45,1.3,0.675,1.8093517044457,1.77369492408256
1.45,1.3,0.7,1.81489420888197,1.78217405809503
1.45,1.3,0.725,1.82015946978443,1.79020565568197
1.45,1.3,0.75,1.82515427639708,1.7977699740301
1.45,1.3,0.775,1.82987672330417,1.80488509673315
1.45,1.3,0.8,1.83434607945756,1.81158731132178
1.45,1.3,0.825,1.83854923480474,1.81790473776874
1.45,1.3,0.85,1.84254881587389,1.82383137455466
1.45,1.3,0.875,1.84632907718604,1.82939587026076
1.45,1.3,0.9,1.84990629563636,1.83463572056187
1.45,1.3,0.925,1.85327262286605,1.83957355517365
1.45,1.3,0.95,1.85648060829261,1.8442100770489
1.45,1.3,0.975,1.85951947248109,1.84857526949408
1.45,1.3,1,1.86239599974814,1.85268498042891
1.45,1.325,0.6,1.79279687345104,1.74698226712305
1.45,1.325,0.625,1.79926479788091,1.7568410689009
1.45,1.325,0.65,1.80543196496432,1.76629233006193
1.45,1.325,0.675,1.81135783635429,1.7752206752977
1.45,1.325,0.7,1.81687351657241,1.78369891644963
1.45,1.325,0.725,1.8221369282256,1.79172702019565
1.45,1.325,0.75,1.82716089165601,1.79930050876304
1.45,1.325,0.775,1.83190278905005,1.80642665538154
1.45,1.325,0.8,1.83636088024689,1.81312667329379
1.45,1.325,0.825,1.84054614957341,1.81943390791371
1.45,1.325,0.85,1.8445675669726,1.82536652508383
1.45,1.325,0.875,1.84836198064812,1.8309387348319
1.45,1.325,0.9,1.85192884382594,1.83617437635388
1.45,1.325,0.925,1.85527886452707,1.84110217157085
1.45,1.325,0.95,1.85850391052739,1.84574311906
1.45,1.325,0.975,1.86153415845709,1.85010816836667
1.45,1.325,1,1.86442098991237,1.85421938004967
1.45,1.35,0.6,1.79474438761274,1.74834918190348
1.45,1.35,0.625,1.80123256741136,1.75823510497162
1.45,1.35,0.65,1.80738963676657,1.76769314373027
1.45,1.35,0.675,1.81329449618939,1.77662997961828
1.45,1.35,0.7,1.8188491029828,1.78512601815234
1.45,1.35,0.725,1.82412336225102,1.79317051313955
1.45,1.35,0.75,1.82912647805572,1.80074467815527
1.45,1.35,0.775,1.83385524835392,1.80786749723135
1.45,1.35,0.8,1.83832816986196,1.81457481965795
1.45,1.35,0.825,1.84253377964559,1.82089651333249
1.45,1.35,0.85,1.846535867846,1.82682553900775
1.45,1.35,0.875,1.85031781508252,1.83239172526391
1.45,1.35,0.9,1.85389505489043,1.83763210059753
1.45,1.35,0.925,1.85726100105016,1.84257051266979
1.45,1.35,0.95,1.8604689921241,1.8472064585147
1.45,1.35,0.975,1.86350720925624,1.85157094305831
1.45,1.35,1,1.86638268676534,1.85567947011785
1.45,1.375,0.6,1.79650056626282,1.74971534086164
1.45,1.375,0.625,1.80299136553158,1.75960697622424
1.45,1.375,0.65,1.80917685113351,1.76908203398556
1.45,1.375,0.675,1.815117087368,1.77802985447435
1.45,1.375,0.7,1.82064580252965,1.78652536059179
1.45,1.375,0.725,1.82591763119018,1.79456667686087
1.45,1.375,0.75,1.83094797635806,1.80214809485805
1.45,1.375,0.775,1.83569459152845,1.80928017981448
1.45,1.375,0.8,1.84015659675881,1.81598567341003
1.45,1.375,0.825,1.8443449380171,1.82229817515539
1.45,1.375,0.85,1.84836756333034,1.8282318969459
1.45,1.375,0.875,1.85216259503556,1.83380459190587
1.45,1.375,0.9,1.85572990980915,1.83904126523871
1.45,1.375,0.925,1.85908025025394,1.84397062179392
1.45,1.375,0.95,1.86230436670121,1.84861007398346
1.45,1.375,0.975,1.86533438199297,1.85297435748229
1.45,1.375,1,1.86821942684019,1.85708407004756
1.45,1.4,0.6,1.79827689443084,1.75097029559411
1.45,1.4,0.625,1.80478603115557,1.76088546092817
1.45,1.4,0.65,1.81096114496301,1.77036697951796
1.45,1.4,0.675,1.81688072186768,1.77932318984856
1.45,1.4,0.7,1.82244553045393,1.7878338614376
1.45,1.4,0.725,1.82772725764059,1.79588941884721
1.45,1.4,0.75,1.83273725219465,1.8034719473995
1.45,1.4,0.775,1.83747117643903,1.81060124863986
1.45,1.4,0.8,1.84194684665325,1.8173127456935
1.45,1.4,0.825,1.846154254856,1.82363790126465
1.45,1.4,0.85,1.85015819915566,1.82956872444041
1.45,1.4,0.875,1.85394130363065,1.83513611792456
1.45,1.4,0.9,1.85751825678173,1.84037666678795
1.45,1.4,0.925,1.86088358529346,1.84531533214207
1.45,1.4,0.95,1.86409130823242,1.84995050785469
1.45,1.4,0.975,1.86712870089188,1.85431412812063
1.45,1.4,1,1.87000301916878,1.85842137547525
1.45,1.425,0.6,1.79987686293903,1.75223018033011
1.45,1.425,0.625,1.80638744418568,1.76215038018076
1.45,1.425,0.65,1.81258862530612,1.77164616868791
1.45,1.425,0.675,1.81854102371013,1.78061095039827
1.45,1.425,0.7,1.82408085704726,1.78912129510883
1.45,1.425,0.725,1.82935970392332,1.79717388259911
1.45,1.425,0.75,1.83439522658496,1.80476201536524
1.45,1.425,0.775,1.83914559373473,1.81189906132982
1.45,1.425,0.8,1.84361070305269,1.81860900815739
1.45,1.425,0.825,1.84780144674558,1.82492582873451
1.45,1.425,0.85,1.85182477910777,1.83086026363746
1.45,1.425,0.875,1.85562003369373,1.83643313675555
1.45,1.425,0.9,1.85918747402062,1.84167041011268
1.45,1.425,0.925,1.86253785669666,1.84660087845692
1.45,1.425,0.95,1.86576087605703,1.85123879086795
1.45,1.425,0.975,1.8687904521598,1.8556021652001
1.45,1.425,1,1.87167369470823,1.85971033219784
1.45,1.45,0.6,1.80150118351255,1.75338400023235
1.45,1.45,0.625,1.80802847440609,1.76332485036695
1.45,1.45,0.65,1.81421915893169,1.77282695169995
1.45,1.45,0.675,1.820151340637,1.78180010746354
1.45,1.45,0.7,1.82572478594825,1.7903234870658
1.45,1.45,0.725,1.83101273151333,1.79838856165981
1.45,1.45,0.75,1.83602843753573,1.80597821379092
1.45,1.45,0.775,1.84076656813295,1.81311298658667
1.45,1.45,0.8,1.84524433811846,1.81982789023577
1.45,1.45,0.825,1.84945302925637,1.82615584605876
1.45,1.45,0.85,1.8534583163757,1.83208799063668
1.45,1.45,0.875,1.85724216609993,1.83765620529032
1.45,1.45,0.9,1.86081860666859,1.84289665423214
1.45,1.45,0.925,1.86418314953022,1.84783531905646
1.45,1.45,0.95,1.86739040292176,1.85246958432037
1.45,1.45,0.975,1.87042684959403,1.85683222965793
1.45,1.45,1,1.87329994284732,1.86093813840565
1.45,1.475,0.6,1.80299369192305,1.75448086860936
1.45,1.475,0.625,1.80952516596393,1.76442024829198
1.45,1.475,0.65,1.81572915359404,1.77394681973474
1.45,1.475,0.675,1.82167064379891,1.78294651793487
1.45,1.475,0.7,1.82724263185895,1.79146190412303
1.45,1.475,0.725,1.832529811928,1.79952169840772
1.45,1.475,0.75,1.83755384578151,1.8071292669782
1.45,1.475,0.775,1.84229767166212,1.81427722696704
1.45,1.475,0.8,1.84677232821308,1.82098491899124
1.45,1.475,0.825,1.85097773453718,1.82730604436805
1.45,1.475,0.85,1.85498878017823,1.83324968112273
1.45,1.475,0.875,1.85877659029443,1.83882586627531
1.45,1.475,0.9,1.86234914450508,1.84406005826289
1.45,1.475,0.925,1.86571002421879,1.84899277590916
1.45,1.475,0.95,1.86892157088482,1.85363466847397
1.45,1.475,0.975,1.87195726165476,1.85799677840124
1.45,1.475,1,1.87483020520546,1.86210307660513
1.45,1.5,0.6,1.8044209929991,1.75557601701482
1.45,1.5,0.625,1.81096002706999,1.76550954765711
1.45,1.5,0.65,1.81718018354048,1.77506593948529
1.45,1.5,0.675,1.82313675907026,1.7840852753792
1.45,1.5,0.7,1.82869584371973,1.7925855400993
1.45,1.5,0.725,1.83398555078091,1.80063549291694
1.45,1.5,0.75,1.83902156370696,1.80826127767796
1.45,1.5,0.775,1.84377326573783,1.81542494219969
1.45,1.5,0.8,1.84824301456754,1.82212408198998
1.45,1.5,0.825,1.85244111369284,1.82842799616893
1.45,1.5,0.85,1.85646064661179,1.83438492369674
1.45,1.5,0.875,1.86025362319792,1.8399728286906
1.45,1.5,0.9,1.86382143343141,1.84519881528199
1.45,1.5,0.925,1.86717532826824,1.85011607934324
1.45,1.5,0.95,1.87039331377863,1.85476829794733
1.45,1.5,0.975,1.87342290821938,1.85912826091768
1.45,1.5,1,1.8763013270677,1.86323873923059
1.475,0.75,0.6,1.69852438050826,1.68059215982309
1.475,0.75,0.625,1.70397663533476,1.68926817778984
1.475,0.75,0.65,1.70921455691217,1.69775151801736
1.475,0.75,0.675,1.71434217896468,1.70587702402251
1.475,0.75,0.7,1.71925155716276,1.71373537090813
1.475,0.75,0.725,1.72406344253695,1.72127570102702
1.475,0.75,0.75,1.7286668901001,1.72843611939183
1.475,0.75,0.775,1.73299755710804,1.73530578410442
1.475,0.75,0.8,1.73716305291657,1.74179428096009
1.475,0.75,0.825,1.74121375199235,1.74795852574588
1.475,0.75,0.85,1.74500483518156,1.75381347608037
1.475,0.75,0.875,1.74866771683219,1.75928950551429
1.475,0.75,0.9,1.75211328630575,1.76449780150491
1.475,0.75,0.925,1.75546149835343,1.76943082715621
1.475,0.75,0.95,1.75858143938037,1.77410769388212
1.475,0.75,0.975,1.76159932451939,1.77847473119067
1.475,0.75,1,1.7644309692259,1.78263149459577
1.475,0.775,0.6,1.7053499567207,1.68486833769265
1.475,0.775,0.625,1.71090765466561,1.69365698293335
1.475,0.775,0.65,1.71626901389344,1.70224428714086
1.475,0.775,0.675,1.72145838924033,1.71044311401274
1.475,0.775,0.7,1.72645651392721,1.71837242974381
1.475,0.775,0.725,1.73132410331112,1.72597951570229
1.475,0.775,0.75,1.73594541779846,1.7332553982318
1.475,0.775,0.775,1.74040714178064,1.74005707800544
1.475,0.775,0.8,1.7445807789268,1.74662701166611
1.475,0.775,0.825,1.74866227155814,1.75282636015694
1.475,0.775,0.85,1.75250276191047,1.75870994021867
1.475,0.775,0.875,1.75617599735793,1.76420091184
1.475,0.775,0.9,1.75965468461455,1.76942676982857
1.475,0.775,0.925,1.76301637301438,1.77438165277633
1.475,0.775,0.95,1.76616860740113,1.7790734980187
1.475,0.775,0.975,1.76918761829774,1.78344611592659
1.475,0.775,1,1.77204036535762,1.7876112505119
1.475,0.8,0.6,1.71163876033192,1.68906917016603
1.475,0.8,0.625,1.71730313020749,1.69795360145852
1.475,0.8,0.65,1.72273162927956,1.70662130615976
1.475,0.8,0.675,1.72802427769889,1.7149052711103
1.475,0.8,0.7,1.73308214312311,1.72289796534951
1.475,0.8,0.725,1.73801148750674,1.73055121964623
1.475,0.8,0.75,1.74266257416062,1.73786953279881
1.475,0.8,0.775,1.74715712357995,1.74474969647509
1.475,0.8,0.8,1.75146186237422,1.75125213361385
1.475,0.8,0.825,1.75551108489808,1.75753787249844
1.475,0.8,0.85,1.75936530138528,1.76343978201627
1.475,0.8,0.875,1.76307934967211,1.76895708947844
1.475,0.8,0.9,1.76657398351875,1.77419926857995
1.475,0.8,0.925,1.76995655458112,1.77915928875877
1.475,0.8,0.95,1.77311173405368,1.78386039773505
1.475,0.8,0.975,1.77615744184224,1.78824876891232
1.475,0.8,1,1.77901803406363,1.79242229761323
1.475,0.825,0.6,1.71771867632342,1.69290596912589
1.475,0.825,0.625,1.72346601457993,1.70188451466667
1.475,0.825,0.65,1.72899518791477,1.7106387607622
1.475,0.825,0.675,1.73433336813817,1.71898188661967
1.475,0.825,0.7,1.73946187089704,1.72703203137889
1.475,0.825,0.725,1.74443321998645,1.73473883898886
1.475,0.825,0.75,1.74914557579262,1.74210269367221
1.475,0.825,0.775,1.75365716581218,1.74901096679199
1.475,0.825,0.8,1.75794868123032,1.75559621709416
1.475,0.825,0.825,1.76211647002233,1.76181282863027
1.475,0.825,0.85,1.76596312032747,1.76778341623495
1.475,0.825,0.875,1.76968390827705,1.77330929874286
1.475,0.825,0.9,1.77320416129112,1.77856398524206
1.475,0.825,0.925,1.77659481921482,1.78354126098288
1.475,0.825,0.95,1.7797752973891,1.78825334158634
1.475,0.825,0.975,1.78281901218848,1.7926450108835
1.475,0.825,1,1.78569537008071,1.79682415865778
1.475,0.85,0.6,1.72331235277391,1.69669215639334
1.475,0.85,0.625,1.72914646797263,1.70574930712794
1.475,0.85,0.65,1.73472677890463,1.71456850624087
1.475,0.85,0.675,1.74014932881213,1.72298158992307
1.475,0.85,0.7,1.74532372120351,1.73108249608497
1.475,0.85,0.725,1.75034416576341,1.73882468985789
1.475,0.85,0.75,1.75507798511258,1.74622040411352
1.475,0.85,0.775,1.75964057128254,1.75316695958695
1.475,0.85,0.8,1.76395330746814,1.75977874830773
1.475,0.85,0.825,1.76811713010502,1.76603949936605
1.475,0.85,0.85,1.77209065040355,1.77190456048945
1.475,0.85,0.875,1.77575573897801,1.77753915361503
1.475,0.85,0.9,1.77928805465068,1.78280468055774
1.475,0.85,0.925,1.78269458190197,1.78778383409389
1.475,0.85,0.95,1.78587502055065,1.79250216087982
1.475,0.85,0.975,1.78893979454594,1.79690587004261
1.475,0.85,1,1.79182084646213,1.80109093785056
1.475,0.875,0.6,1.7287210970126,1.70013473885703
1.475,0.875,0.625,1.73462064695502,1.70927095623146
1.475,0.875,0.65,1.74028363828787,1.71816269900604
1.475,0.875,0.675,1.74573961435942,1.72662399912355
1.475,0.875,0.7,1.75097066730978,1.73477196252967
1.475,0.875,0.725,1.75602231791346,1.74255829551793
1.475,0.875,0.75,1.76080583238088,1.74999090865764
1.475,0.875,0.775,1.76537963940226,1.75695864259007
1.475,0.875,0.8,1.76972476758703,1.76359282435608
1.475,0.875,0.825,1.77390040143716,1.76987936714006
1.475,0.875,0.85,1.77783103619178,1.77583588836263
1.475,0.875,0.875,1.78161675849213,1.78135853434805
1.475,0.875,0.9,1.78512084461049,1.78668139485629
1.475,0.875,0.925,1.78853354042504,1.79167280875949
1.475,0.875,0.95,1.79173451859296,1.7963988770742
1.475,0.875,0.975,1.79479558211622,1.80080433450302
1.475,0.875,1,1.79768868059269,1.80499306754272
1.475,0.9,0.6,1.73369419539712,1.70355145871373
1.475,0.9,0.625,1.73966511025784,1.71275207834074
1.475,0.9,0.65,1.74536698398587,1.7216962834073
1.475,0.9,0.675,1.75089277957112,1.73021522274265
1.475,0.9,0.7,1.75615919262221,1.7384040244932
1.475,0.9,0.725,1.76125035699734,1.7462175763503
1.475,0.9,0.75,1.76604844152231,1.75367483580794
1.475,0.9,0.775,1.77066416126942,1.7606731259502
1.475,0.9,0.8,1.7750255233398,1.76732707601163
1.475,0.9,0.825,1.7792225307577,1.77362231956754
1.475,0.9,0.85,1.78315442878948,1.77959128789248
1.475,0.9,0.875,1.78693297660287,1.78516356248245
1.475,0.9,0.9,1.7905533907584,1.79038628875412
1.475,0.9,0.925,1.7939030926478,1.79545270944966
1.475,0.9,0.95,1.79710306853742,1.80018192759697
1.475,0.9,0.975,1.80018141975942,1.80459631538093
1.475,0.9,1,1.8030770583917,1.8087892233094
1.475,0.925,0.6,1.73850787405404,1.70664331797962
1.475,0.925,0.625,1.74453066627942,1.71591084206734
1.475,0.925,0.65,1.75030099955473,1.7249164202092
1.475,0.925,0.675,1.75585124652329,1.73347504851416
1.475,0.925,0.7,1.76116354246074,1.74170285132472
1.475,0.925,0.725,1.76627794065987,1.74955326996989
1.475,0.925,0.75,1.77111666603758,1.75704097832443
1.475,0.925,0.775,1.77573891056147,1.76405602238011
1.475,0.925,0.8,1.78012621134081,1.77072774272885
1.475,0.925,0.825,1.78433174330537,1.77704347254908
1.475,0.925,0.85,1.78828831386785,1.78302695460117
1.475,0.925,0.875,1.79206398261133,1.78860639230857
1.475,0.925,0.9,1.79563735351998,1.79389869097049
1.475,0.925,0.925,1.79909615265128,1.79886960552132
1.475,0.925,0.95,1.80226581706289,1.80365153823609
1.475,0.925,0.975,1.80534114900299,1.80806506235051
1.475,0.925,1,1.80824653407466,1.81225989651443
1.475,0.95,0.6,1.74293360166327,1.70972232649634
1.475,0.95,0.625,1.74901552332409,1.71904471565312
1.475,0.95,0.65,1.75481574204095,1.72809425144122
1.475,0.95,0.675,1.76042417515788,1.73670177758612
1.475,0.95,0.7,1.76576403545135,1.74496351568915
1.475,0.95,0.725,1.77091057327318,1.75283563961849
1.475,0.95,0.75,1.77575906530539,1.76034310310932
1.475,0.95,0.775,1.78041593997066,1.76738329405991
1.475,0.95,0.8,1.78481516123734,1.77407081415823
1.475,0.95,0.825,1.78903803421693,1.78039207670194
1.475,0.95,0.85,1.79299485781909,1.78638399412354
1.475,0.95,0.875,1.79679161219908,1.79197684265869
1.475,0.95,0.9,1.80036813403993,1.79727757505226
1.475,0.95,0.925,1.80380359004661,1.80227985738
1.475,0.95,0.95,1.80693957135602,1.80709512826232
1.475,0.95,0.975,1.81009256189885,1.81145202693019
1.475,0.95,1,1.81300021253853,1.81564871531111
1.475,0.975,0.6,1.74722489079646,1.71250413519515
1.475,0.975,0.625,1.75334811329293,1.72188357443668
1.475,0.975,0.65,1.75920554254787,1.73098541004411
1.475,0.975,0.675,1.76483169229853,1.73962599951584
1.475,0.975,0.7,1.77020910954538,1.74792034823637
1.475,0.975,0.725,1.77537287632556,1.75582367269838
1.475,0.975,0.75,1.78025501852295,1.76335648514601
1.475,0.975,0.775,1.78491502064519,1.7704102319898
1.475,0.975,0.8,1.78933519696845,1.77711207667798
1.475,0.975,0.825,1.79356341021904,1.7834506440824
1.475,0.975,0.85,1.79754081277686,1.78945397778389
1.475,0.975,0.875,1.80133421525822,1.79505151975886
1.475,0.975,0.9,1.80492251010831,1.80035811672265
1.475,0.975,0.925,1.80835661095728,1.80537188112301
1.475,0.975,0.95,1.81158288436944,1.81011482010139
1.475,0.975,0.975,1.8146978974395,1.81450472408006
1.475,0.975,1,1.81756726856672,1.81874842343253
1.475,1,0.6,1.75117146751347,1.71529275721192
1.475,1,0.625,1.75734423248704,1.72471754142755
1.475,1,0.65,1.76322445933772,1.7338552700865
1.475,1,0.675,1.76889973032677,1.74253659564012
1.475,1,0.7,1.77429861291579,1.75085866535727
1.475,1,0.725,1.77948894355042,1.75877872011695
1.475,1,0.75,1.78437716882736,1.76632709605113
1.475,1,0.775,1.78906623328253,1.77340125690134
1.475,1,0.8,1.79349497641092,1.78011565543938
1.475,1,0.825,1.79773742259415,1.7864572830805
1.475,1,0.85,1.80171340834744,1.79246687407909
1.475,1,0.875,1.80552469462462,1.79807474283573
1.475,1,0.9,1.80911544963509,1.80338694595497
1.475,1,0.925,1.81255692579791,1.80839843251804
1.475,1,0.95,1.81577742953187,1.81314501910555
1.475,1,0.975,1.81887171318988,1.81757266523523
1.475,1,1,1.82184820682317,1.82171146303113
1.475,1.025,0.6,1.75503659070842,1.71783713016188
1.475,1.025,0.625,1.76121846956267,1.72730023381865
1.475,1.025,0.65,1.76714394390139,1.73649363502474
1.475,1.025,0.675,1.77283195465233,1.74521366064295
1.475,1.025,0.7,1.77827967194851,1.75356490588027
1.475,1.025,0.725,1.78346061485562,1.761499158727
1.475,1.025,0.75,1.78837605884222,1.76907564962317
1.475,1.025,0.775,1.79306586569838,1.77617003530069
1.475,1.025,0.8,1.79752648407648,1.78289747798104
1.475,1.025,0.825,1.80175249438852,1.78924162629414
1.475,1.025,0.85,1.80574615177689,1.79526468324882
1.475,1.025,0.875,1.80955263144821,1.8008842094859
1.475,1.025,0.9,1.81316575898815,1.8062016418209
1.475,1.025,0.925,1.81658894981167,1.81121089484822
1.475,1.025,0.95,1.81982177103492,1.8159637369164
1.475,1.025,0.975,1.82290795055512,1.82040009204609
1.475,1.025,1,1.82584004415281,1.82460165906054
1.475,1.05,0.6,1.75853337587413,1.72033101259067
1.475,1.05,0.625,1.76478099164088,1.72984267284206
1.475,1.05,0.65,1.77072692168073,1.73905490276289
1.475,1.05,0.675,1.77645660308311,1.74779830264214
1.475,1.05,0.7,1.78190336202861,1.75617073425885
1.475,1.05,0.725,1.78712857901729,1.76413040636104
1.475,1.05,0.75,1.79204847313988,1.77171244454636
1.475,1.05,0.775,1.79676285536124,1.77881443448984
1.475,1.05,0.8,1.80121482170546,1.78555056914389
1.475,1.05,0.825,1.80547208643821,1.79190832454805
1.475,1.05,0.85,1.80946277005906,1.7979318283651
1.475,1.05,0.875,1.81328495320429,1.80355142431381
1.475,1.05,0.9,1.8168866534354,1.80887215502081
1.475,1.05,0.925,1.82033308539427,1.81388926717836
1.475,1.05,0.95,1.82355956191415,1.81864123547634
1.475,1.05,0.975,1.82665626401311,1.82307478094241
1.475,1.05,1,1.82957455338913,1.8272792579208
1.475,1.075,0.6,1.7619964970335,1.72263166742068
1.475,1.075,0.625,1.7682489331349,1.73217601004415
1.475,1.075,0.65,1.77423339261264,1.74143710780297
1.475,1.075,0.675,1.77997184620055,1.75021441481062
1.475,1.075,0.7,1.78546083119397,1.758611835638
1.475,1.075,0.725,1.79067532145847,1.76658304847637
1.475,1.075,0.75,1.79561825659177,1.77418943078015
1.475,1.075,0.775,1.80033152379873,1.78130902327245
1.475,1.075,0.8,1.80481109059285,1.78805601627666
1.475,1.075,0.825,1.80905209333908,1.79441526474569
1.475,1.075,0.85,1.81305773661889,1.80045020054258
1.475,1.075,0.875,1.8168744244317,1.8060799666046
1.475,1.075,0.9,1.82049557614267,1.81140480288
1.475,1.075,0.925,1.82392465175001,1.81641936499692
1.475,1.075,0.95,1.82716177597535,1.82117627075209
1.475,1.075,0.975,1.83025125060557,1.82561666286437
1.475,1.075,1,1.8331840851571,1.82982226040311
1.475,1.1,0.6,1.76512933006314,1.72489580307167
1.475,1.1,0.625,1.77143920769192,1.73448232769612
1.475,1.1,0.65,1.7774395025966,1.74375844483705
1.475,1.1,0.675,1.78321396089192,1.75255480806761
1.475,1.1,0.7,1.78869988297928,1.76096992626478
1.475,1.1,0.725,1.79395319676668,1.76896284352809
1.475,1.1,0.75,1.79889849467217,1.77657299435186
1.475,1.1,0.775,1.8036330245573,1.78369809565119
1.475,1.1,0.8,1.80810338561118,1.79045206470795
1.475,1.1,0.825,1.81237195052323,1.79682276443733
1.475,1.1,0.85,1.81637390202547,1.80285737232955
1.475,1.1,0.875,1.82020427120488,1.80848626772776
1.475,1.1,0.9,1.82381425620354,1.81381352275664
1.475,1.1,0.925,1.82726398103541,1.81883458596931
1.475,1.1,0.95,1.83049489760938,1.82359013798935
1.475,1.1,0.975,1.83359392883888,1.82802699857832
1.475,1.1,1,1.83651526360648,1.83223336522946
1.475,1.125,0.6,1.76824123129959,1.72698270254431
1.475,1.125,0.625,1.77455265510381,1.73659691800918
1.475,1.125,0.65,1.78058608933792,1.74591590552315
1.475,1.125,0.675,1.78636620530845,1.75474201265274
1.475,1.125,0.7,1.79188898282891,1.76317851720814
1.475,1.125,0.725,1.79713072319985,1.77118077207445
1.475,1.125,0.75,1.80209577231598,1.77881204426662
1.475,1.125,0.775,1.80682778888475,1.78595254622423
1.475,1.125,0.8,1.81132230167714,1.79271555469788
1.475,1.125,0.825,1.81557495695108,1.79908697931258
1.475,1.125,0.85,1.81958975202878,1.80513132664542
1.475,1.125,0.875,1.82341415543234,1.81076917779818
1.475,1.125,0.9,1.82704122976639,1.81609964444125
1.475,1.125,0.925,1.83047449633405,1.82111802063993
1.475,1.125,0.95,1.83371461002524,1.82587760173633
1.475,1.125,0.975,1.83680647942484,1.83032052247079
1.475,1.125,1,1.83974077585504,1.83452743319924
1.475,1.15,0.6,1.77105538624848,1.72904137837564
1.475,1.15,0.625,1.77741740889231,1.73869286584662
1.475,1.15,0.65,1.78346310892787,1.74802415621389
1.475,1.15,0.675,1.78927463224897,1.75686604800526
1.475,1.15,0.7,1.79479287329117,1.7653176178325
1.475,1.15,0.725,1.80006895752596,1.77333867763367
1.475,1.15,0.75,1.80503485171135,1.7809724891345
1.475,1.15,0.775,1.80978547410323,1.78811694755424
1.475,1.15,0.8,1.81427052630079,1.794885658572
1.475,1.15,0.825,1.8185477051065,1.80126683430547
1.475,1.15,0.85,1.822558364918,1.80731036105557
1.475,1.15,0.875,1.82639482855091,1.81294669314462
1.475,1.15,0.9,1.83001107994958,1.81827896335994
1.475,1.15,0.925,1.83346282774136,1.82330278525986
1.475,1.15,0.95,1.83669685781968,1.82806081025063
1.475,1.15,0.975,1.83979726813956,1.8324999490206
1.475,1.15,1,1.84272081723768,1.83670718496981
1.475,1.175,0.6,1.77385996983698,1.73094117568612
1.475,1.175,0.625,1.78022107905972,1.74061578107069
1.475,1.175,0.65,1.78629548911214,1.74998453669264
1.475,1.175,0.675,1.7921102830069,1.75885245265356
1.475,1.175,0.7,1.79766094601672,1.76732223233739
1.475,1.175,0.725,1.80292499190476,1.77535071418324
1.475,1.175,0.75,1.80790795909655,1.78300283389802
1.475,1.175,0.775,1.81265506334636,1.79016078175704
1.475,1.175,0.8,1.81716143185453,1.79693698073698
1.475,1.175,0.825,1.82142318081923,1.80331826582949
1.475,1.175,0.85,1.82544496905717,1.80937008985396
1.475,1.175,0.875,1.82927519369733,1.81501434166392
1.475,1.175,0.9,1.83290659443019,1.82034908355601
1.475,1.175,0.925,1.83634276160166,1.82537016755134
1.475,1.175,0.95,1.83958480338467,1.83013147603341
1.475,1.175,0.975,1.84267815949092,1.83457604434981
1.475,1.175,1,1.84561325810184,1.83878347105494
1.475,1.2,0.6,1.77639511386841,1.73281981492411
1.475,1.2,0.625,1.78280111902175,1.74252706762908
1.475,1.2,0.65,1.78888489109197,1.75190562329122
1.475,1.2,0.675,1.7947273562186,1.76078638932372
1.475,1.2,0.7,1.80027238835783,1.76926889241834
1.475,1.2,0.725,1.80556706518709,1.77731358043421
1.475,1.2,0.75,1.8105496816067,1.78496719248299
1.475,1.2,0.775,1.8153132643125,1.79212776818907
1.475,1.2,0.8,1.81981006923408,1.7989085931687
1.475,1.2,0.825,1.82409382459055,1.80529814646805
1.475,1.2,0.85,1.82811116183057,1.81134877400536
1.475,1.2,0.875,1.8319521614347,1.81699098605991
1.475,1.2,0.9,1.8355731061723,1.82232704510867
1.475,1.2,0.925,1.83902594597404,1.8273526773313
1.475,1.2,0.95,1.84226203302291,1.83211231902712
1.475,1.2,0.975,1.84536309999516,1.83655296266086
1.475,1.2,1,1.84828805391397,1.84076046376425
1.475,1.225,0.6,1.7789298767375,1.73455133784457
1.475,1.225,0.625,1.78533310420545,1.74427839037283
1.475,1.225,0.65,1.79144202211111,1.75369015718517
1.475,1.225,0.675,1.79728587179248,1.76259408898475
1.475,1.225,0.7,1.80285969622255,1.7710923597204
1.475,1.225,0.725,1.80814211799474,1.77914312761225
1.475,1.225,0.75,1.81313968981719,1.78681280669215
1.475,1.225,0.775,1.81789900216902,1.79398538966588
1.475,1.225,0.8,1.82241481363399,1.80077250522309
1.475,1.225,0.825,1.82668367489242,1.8071618032505
1.475,1.225,0.85,1.83071079719152,1.81321957358468
1.475,1.225,0.875,1.83454539283446,1.81886889544368
1.475,1.225,0.9,1.83817990616238,1.82420686036984
1.475,1.225,0.925,1.84161800244791,1.82922981012573
1.475,1.225,0.95,1.84486117041216,1.83399214558986
1.475,1.225,0.975,1.84795531393515,1.83843772488296
1.475,1.225,1,1.85089065098751,1.84264516590405
1.475,1.25,0.6,1.7812201446478,1.73627106070589
1.475,1.25,0.625,1.78766344319708,1.74602656598507
1.475,1.25,0.65,1.79377938421433,1.75544589830612
1.475,1.25,0.675,1.79964778962763,1.76436010234091
1.475,1.25,0.7,1.80521518881838,1.77286903205436
1.475,1.25,0.725,1.81052511000887,1.78093372473515
1.475,1.25,0.75,1.81552142538153,1.78860400914346
1.475,1.25,0.775,1.82029545826681,1.79577810096729
1.475,1.25,0.8,1.82480172373656,1.80256892796792
1.475,1.25,0.825,1.82909046728204,1.8089652220449
1.475,1.25,0.85,1.83311295349676,1.81502150704906
1.475,1.25,0.875,1.83695726633973,1.82066838579221
1.475,1.25,0.9,1.84058171130131,1.8260072772405
1.475,1.25,0.925,1.84403495064042,1.83103401733742
1.475,1.25,0.95,1.84727232884636,1.83579463014302
1.475,1.25,0.975,1.85037349345427,1.84023621555837
1.475,1.25,1,1.85329923456512,1.84444356239989
1.475,1.275,0.6,1.78351738529292,1.73785185870617
1.475,1.275,0.625,1.78995654287674,1.74762463252028
1.475,1.275,0.65,1.79609470853163,1.75707372922482
1.475,1.275,0.675,1.80196306024947,1.76600882779025
1.475,1.275,0.7,1.80755624400658,1.77453160786913
1.475,1.275,0.725,1.81285389786817,1.78260140213751
1.475,1.275,0.75,1.81786344027556,1.79028593798817
1.475,1.275,0.775,1.82263268079779,1.79747085198588
1.475,1.275,0.8,1.82715603923979,1.80426703486172
1.475,1.275,0.825,1.83143046901898,1.81066285679917
1.475,1.275,0.85,1.83546164357712,1.81672535073115
1.475,1.275,0.875,1.83929949489748,1.82237868078312
1.475,1.275,0.9,1.84293619600249,1.82771904236253
1.475,1.275,0.925,1.84637549161008,1.83274320861861
1.475,1.275,0.95,1.84961918843804,1.83750604181829
1.475,1.275,0.975,1.85271359893292,1.84195215231854
1.475,1.275,1,1.85564875131159,1.84615925281899
1.475,1.3,0.6,1.78559163977018,1.73942730159738
1.475,1.3,0.625,1.79206685701106,1.74922554809887
1.475,1.3,0.65,1.79821018980849,1.75868084531904
1.475,1.3,0.675,1.80410056600727,1.76762441083463
1.475,1.3,0.7,1.80968679455347,1.77615641709764
1.475,1.3,0.725,1.81500934818745,1.78423842174962
1.475,1.3,0.75,1.82001694898865,1.79192305083796
1.475,1.3,0.775,1.82479950335113,1.79910869639115
1.475,1.3,0.8,1.82931342908288,1.80590795773818
1.475,1.3,0.825,1.83360597420293,1.81230977465057
1.475,1.3,0.85,1.8376324077809,1.81837065451048
1.475,1.3,0.875,1.84147913866475,1.82402128320262
1.475,1.3,0.9,1.84510616698239,1.82936231101929
1.475,1.3,0.925,1.84855932632619,1.83438965083563
1.475,1.3,0.95,1.85179740537584,1.8391507776602
1.475,1.3,0.975,1.85489829149539,1.84359288521558
1.475,1.3,1,1.85782435585477,1.84779979327265
1.475,1.325,0.6,1.78767975480918,1.74087637701385
1.475,1.325,0.625,1.7941497495482,1.75068915172988
1.475,1.325,0.65,1.80031285682696,1.76017077880807
1.475,1.325,0.675,1.80620199716864,1.76913296448734
1.475,1.325,0.7,1.81181145879193,1.7776769232893
1.475,1.325,0.725,1.81712181159399,1.78576303382439
1.475,1.325,0.75,1.82214121588665,1.7934601932618
1.475,1.325,0.775,1.82691856680341,1.8006555390552
1.475,1.325,0.8,1.83144797242931,1.80745927709873
1.475,1.325,0.825,1.83572676035417,1.81386041653757
1.475,1.325,0.85,1.83976099159124,1.81992665215265
1.475,1.325,0.875,1.84360123674427,1.82558313845257
1.475,1.325,0.9,1.84723941899321,1.8309252443887
1.475,1.325,0.925,1.85067936570803,1.83595012447564
1.475,1.325,0.95,1.85392314903993,1.84071305326024
1.475,1.325,0.975,1.85701744349697,1.84515932947768
1.475,1.325,1,1.85995210348122,1.84936583268212
1.475,1.35,0.6,1.7895635209615,1.74232416871998
1.475,1.35,0.625,1.79606612166218,1.75215953721795
1.475,1.35,0.65,1.80223286811227,1.76164603875607
1.475,1.35,0.675,1.80814187503218,1.77061502529199
1.475,1.35,0.7,1.81374399903977,1.77916688326727
1.475,1.35,0.725,1.8190770178372,1.78726364027337
1.475,1.35,0.75,1.8240939524094,1.79496043101967
1.475,1.35,0.775,1.82888342742529,1.8021558322399
1.475,1.35,0.8,1.83340355693502,1.80896209057416
1.475,1.35,0.825,1.83769894114806,1.81536834508342
1.475,1.35,0.85,1.84172838957159,1.82143286822163
1.475,1.35,0.875,1.84557680929296,1.82708645478398
1.475,1.35,0.9,1.84920570415735,1.83242901190139
1.475,1.35,0.925,1.85265841366157,1.83745653573589
1.475,1.35,0.95,1.85589676344412,1.84221779056024
1.475,1.35,0.975,1.85899707480826,1.84666008725753
1.475,1.35,1,1.86192311592805,1.85086632883413
1.475,1.375,0.6,1.7914665086361,1.74365425377067
1.475,1.375,0.625,1.79796310293167,1.75350213244054
1.475,1.375,0.65,1.80414758762692,1.76301221019133
1.475,1.375,0.675,1.81005445524498,1.77199803054385
1.475,1.375,0.7,1.81567767019525,1.78056036526031
1.475,1.375,0.725,1.82099865877257,1.78866052541758
1.475,1.375,0.75,1.82602621881436,1.79636845216885
1.475,1.375,0.775,1.83081021578826,1.80357265505996
1.475,1.375,0.8,1.83534447056156,1.81038270473018
1.475,1.375,0.825,1.8396266587989,1.81678817909906
1.475,1.375,0.85,1.84366316697294,1.82285736403073
1.475,1.375,0.875,1.84750513493734,1.82851631974007
1.475,1.375,0.9,1.85114425538604,1.83385965321684
1.475,1.375,0.925,1.85458444024002,1.83888485733304
1.475,1.375,0.95,1.85782798309923,1.84364757606496
1.475,1.375,0.975,1.86092188115088,1.84809373890756
1.475,1.375,1,1.86385582853411,1.85229945918488
1.475,1.4,0.6,1.79318147802187,1.74498801055859
1.475,1.4,0.625,1.79970776047431,1.75485593450572
1.475,1.4,0.65,1.80589463799808,1.76436976514086
1.475,1.4,0.675,1.81181959017417,1.77336094919713
1.475,1.4,0.7,1.81743521883974,1.7819300534807
1.475,1.4,0.725,1.82277698493534,1.79003949773773
1.475,1.4,0.75,1.8278016614142,1.7977466963643
1.475,1.4,0.775,1.83259681080903,1.80495039010901
1.475,1.4,0.8,1.83712197779542,1.81176250239919
1.475,1.4,0.825,1.84141947512679,1.81817232717741
1.475,1.4,0.85,1.84545118842672,1.82423974802206
1.475,1.4,0.875,1.84930076011553,1.82989565209153
1.475,1.4,0.9,1.85293096142552,1.83523927232643
1.475,1.4,0.925,1.85638297320747,1.84026665796762
1.475,1.4,0.95,1.85962125558199,1.84502775618707
1.475,1.4,0.975,1.86272080040588,1.84946997738485
1.475,1.4,1,1.8656465581442,1.85367539392705
1.475,1.425,0.6,1.79492028883816,1.74621121362189
1.475,1.425,0.625,1.80143996585959,1.7560899725569
1.475,1.425,0.65,1.80764288458193,1.76562500733893
1.475,1.425,0.675,1.81356496003393,1.77463151905552
1.475,1.425,0.7,1.81919986331656,1.78320985362243
1.475,1.425,0.725,1.82452980967133,1.79132215351029
1.475,1.425,0.75,1.82956414717808,1.79903929306666
1.475,1.425,0.775,1.83435361204708,1.80625103778697
1.475,1.425,0.8,1.83889176053962,1.81306636894317
1.475,1.425,0.825,1.84317659278985,1.81947537235573
1.475,1.425,0.85,1.84721476927734,1.82554686303554
1.475,1.425,0.875,1.85105793949971,1.83120773095576
1.475,1.425,0.9,1.8546975833859,1.83655188042059
1.475,1.425,0.925,1.85813769832759,1.84157710555303
1.475,1.425,0.95,1.86138076277383,1.8463393820633
1.475,1.425,0.975,1.86447406296468,1.85078521827882
1.475,1.425,1,1.86740714482982,1.8549900227165
1.475,1.45,0.6,1.7964855829563,1.7474433903404
1.475,1.45,0.625,1.80303239994134,1.75733978501614
1.475,1.45,0.65,1.80923666259216,1.76687749707009
1.475,1.45,0.675,1.81517527943102,1.7758880525711
1.475,1.45,0.7,1.82080242231386,1.78447210547632
1.475,1.45,0.725,1.82615150115846,1.79259244679055
1.475,1.45,0.75,1.83118263195862,1.80030852550797
1.475,1.45,0.775,1.83598241374364,1.80751926559839
1.475,1.45,0.8,1.84051167438237,1.81433624623949
1.475,1.45,0.825,1.8448106940707,1.82074892266659
1.475,1.45,0.85,1.84884409589604,1.82681860772938
1.475,1.45,0.875,1.85269438115481,1.83247630847092
1.475,1.45,0.9,1.85632545466907,1.8378206035409
1.475,1.45,0.925,1.8597765802916,1.84284760962907
1.475,1.45,0.95,1.86301455886642,1.84760832062262
1.475,1.45,0.975,1.86611318956601,1.85205026994759
1.475,1.45,1,1.8690384767624,1.85625474067093
1.475,1.475,0.6,1.7980782083757,1.74856980851144
1.475,1.475,0.625,1.80461800725648,1.75847577622846
1.475,1.475,0.65,1.81083689404742,1.768032757008
1.475,1.475,0.675,1.81677207442096,1.77705743720872
1.475,1.475,0.7,1.82241695321132,1.78564974645704
1.475,1.475,0.725,1.82775447353287,1.79377256843468
1.475,1.475,0.75,1.83279445974931,1.80149761279626
1.475,1.475,0.775,1.83758843209839,1.80871579593898
1.475,1.475,0.8,1.84212970276887,1.81553555163274
1.475,1.475,0.825,1.84641657466291,1.82194742069453
1.475,1.475,0.85,1.85045593923823,1.8280206929444
1.475,1.475,0.875,1.85429990400436,1.83368301990336
1.475,1.475,0.9,1.85793975222372,1.8390276574015
1.475,1.475,0.925,1.86137956674469,1.8440526687251
1.475,1.475,0.95,1.86462198027903,1.84881432803803
1.475,1.475,0.975,1.86771453911177,1.85325967571938
1.475,1.475,1,1.87064665180154,1.85746347155592
1.475,1.5,0.6,1.79954161322775,1.74964277790974
1.475,1.5,0.625,1.80609277881082,1.7595653067646
1.475,1.5,0.65,1.81231872320376,1.76913008926917
1.475,1.5,0.675,1.81825958690148,1.77816666059215
1.475,1.5,0.7,1.82390754946759,1.78676647734848
1.475,1.5,0.725,1.82924935468226,1.7948953892909
1.475,1.5,0.75,1.83429340498231,1.80262392552613
1.475,1.5,0.775,1.83908916330021,1.80984887591698
1.475,1.5,0.8,1.84363094984098,1.81667119555354
1.475,1.5,0.825,1.84791946480934,1.82308576262408
1.475,1.5,0.85,1.85196092794687,1.82915899005712
1.475,1.5,0.875,1.85580496336106,1.83482559117428
1.475,1.5,0.9,1.85944438000099,1.84017058819126
1.475,1.5,0.925,1.86288459946323,1.84519674105662
1.475,1.5,0.95,1.86612823597038,1.84995690489793
1.475,1.5,0.975,1.86922012161041,1.8544053076814
1.475,1.5,1,1.87215151567698,1.85860855348839
1.5,0.75,0.6,1.69230628029039,1.67416101881853
1.5,0.75,0.625,1.69763242308325,1.6826957096624
1.5,0.75,0.65,1.7028100243132,1.69105674178339
1.5,0.75,0.675,1.70782258219725,1.69916229801808
1.5,0.75,0.7,1.71269067277264,1.70697312427261
1.5,0.75,0.725,1.71742770631278,1.71449584664635
1.5,0.75,0.75,1.72204888893793,1.72167522880777
1.5,0.75,0.775,1.72634302586797,1.72860596397485
1.5,0.75,0.8,1.73051950205609,1.73512876631653
1.5,0.75,0.825,1.73454247367428,1.74133927558167
1.5,0.75,0.85,1.73840147610265,1.74724241272988
1.5,0.75,0.875,1.74205087817515,1.75282593209454
1.5,0.75,0.9,1.74553210783311,1.75810007956649
1.5,0.75,0.925,1.74889064999595,1.76310753418072
1.5,0.75,0.95,1.75207256471357,1.76783985993439
1.5,0.75,0.975,1.75507404494111,1.77232855460219
1.5,0.75,1,1.75797110149562,1.77654773263121
1.5,0.775,0.6,1.69913869154951,1.67857260712567
1.5,0.775,0.625,1.70451792199666,1.6871526940769
1.5,0.775,0.65,1.70974152460539,1.69550866417775
1.5,0.775,0.675,1.71492011031825,1.70378017309239
1.5,0.775,0.7,1.71993523625689,1.71174162031378
1.5,0.775,0.725,1.72465262214787,1.71925171162141
1.5,0.775,0.75,1.72927215908856,1.72646320059514
1.5,0.775,0.775,1.73377085015748,1.73341508672154
1.5,0.775,0.8,1.73800243412642,1.74008699121441
1.5,0.775,0.825,1.74199488563876,1.74626211989792
1.5,0.775,0.85,1.74587161527691,1.75214220485584
1.5,0.775,0.875,1.74960139924924,1.7578029246315
1.5,0.775,0.9,1.75315409938344,1.76314978921668
1.5,0.775,0.925,1.75650121056265,1.76813799423376
1.5,0.775,0.95,1.75966107067186,1.77282615594202
1.5,0.775,0.975,1.76271424656266,1.77737587455014
1.5,0.775,1,1.76567067286395,1.78164370681093
1.5,0.8,0.6,1.70547345899696,1.6826275984754
1.5,0.8,0.625,1.71102953187148,1.69138542641338
1.5,0.8,0.65,1.71640865311722,1.69994459086501
1.5,0.8,0.675,1.72160873476624,1.708223474932
1.5,0.8,0.7,1.72663827514856,1.71618388650831
1.5,0.8,0.725,1.73150626965007,1.72383439696806
1.5,0.8,0.75,1.73619998221765,1.73116268645791
1.5,0.8,0.775,1.74066451401835,1.73812385525582
1.5,0.8,0.8,1.74499708907761,1.74466277901101
1.5,0.8,0.825,1.74901323278293,1.75102007063833
1.5,0.8,0.85,1.75294034044516,1.75697421726191
1.5,0.8,0.875,1.75665349137719,1.76260383761256
1.5,0.8,0.9,1.76018975308028,1.76791769623848
1.5,0.8,0.925,1.7635900648779,1.77295730122369
1.5,0.8,0.95,1.76680797120797,1.7777187067675
1.5,0.8,0.975,1.76984642220621,1.78223099469737
1.5,0.8,1,1.7727759773342,1.78647054297831
1.5,0.825,0.6,1.71149511622266,1.68663288103643
1.5,0.825,0.625,1.71709395207294,1.69545421966386
1.5,0.825,0.65,1.72250525396075,1.7040354233132
1.5,0.825,0.675,1.72784578864239,1.71241961443894
1.5,0.825,0.7,1.73298916836161,1.72047930188846
1.5,0.825,0.725,1.73783139008016,1.72813930987033
1.5,0.825,0.75,1.74256211959365,1.73547356991923
1.5,0.825,0.775,1.74711995435298,1.74250530246968
1.5,0.825,0.8,1.75146754782209,1.74917049999233
1.5,0.825,0.825,1.75558552818646,1.75537890539067
1.5,0.825,0.85,1.7594577342144,1.76139652082718
1.5,0.825,0.875,1.76323890186241,1.7670713392992
1.5,0.825,0.9,1.76682801886533,1.77242965909988
1.5,0.825,0.925,1.77021991010552,1.77746085173178
1.5,0.825,0.95,1.77341491278973,1.78219809697302
1.5,0.825,0.975,1.77648878704806,1.78674477024003
1.5,0.825,1,1.779470736697,1.79101447026253
1.5,0.85,0.6,1.71723279569208,1.69026455791447
1.5,0.85,0.625,1.72297465421338,1.69920824628846
1.5,0.85,0.65,1.72851504199546,1.70793099636367
1.5,0.85,0.675,1.73386442992928,1.71635128559448
1.5,0.85,0.7,1.7390216872144,1.72443237595779
1.5,0.85,0.725,1.74399303454742,1.73218378235849
1.5,0.85,0.75,1.74877455644974,1.73959713432698
1.5,0.85,0.775,1.75332006749084,1.74663317695002
1.5,0.85,0.8,1.75766077728068,1.75329654279762
1.5,0.85,0.825,1.76181561727891,1.75962132245219
1.5,0.85,0.85,1.76583617518772,1.76557121447641
1.5,0.85,0.875,1.76952967173707,1.77130243768303
1.5,0.85,0.9,1.77310892083714,1.77664340611221
1.5,0.85,0.925,1.77653973487517,1.78170571352036
1.5,0.85,0.95,1.77978314595635,1.78648825328981
1.5,0.85,0.975,1.78284808286141,1.79101725157985
1.5,0.85,1,1.78580052036805,1.79527105919333
1.5,0.875,0.6,1.72267790238918,1.69385077369623
1.5,0.875,0.625,1.72844453114609,1.70281393601668
1.5,0.875,0.65,1.73400425913153,1.71151371281542
1.5,0.875,0.675,1.73947073404406,1.72005970936478
1.5,0.875,0.7,1.74473052874646,1.72825439282754
1.5,0.875,0.725,1.74967451505416,1.73597902328354
1.5,0.875,0.75,1.75447569105436,1.74337201454882
1.5,0.875,0.775,1.75910020424838,1.75049302347488
1.5,0.875,0.8,1.76350996313153,1.75723479829188
1.5,0.875,0.825,1.76762600897904,1.76352642298291
1.5,0.875,0.85,1.7716016731435,1.76949974158761
1.5,0.875,0.875,1.77545187508261,1.77518931393525
1.5,0.875,0.9,1.77903148762346,1.78063448302481
1.5,0.875,0.925,1.78244929739593,1.78567289695473
1.5,0.875,0.95,1.78566997949896,1.79041302372832
1.5,0.875,0.975,1.78877036514823,1.79498927382142
1.5,0.875,1,1.79176451935126,1.79928079474675
1.5,0.9,0.6,1.72771854493946,1.69714950237902
1.5,0.9,0.625,1.73361114835941,1.70624902705918
1.5,0.9,0.65,1.73928127171267,1.7151079338039
1.5,0.9,0.675,1.74475020545892,1.72364474175634
1.5,0.9,0.7,1.75000890282857,1.7318245639572
1.5,0.9,0.725,1.75506133286325,1.73965776670457
1.5,0.9,0.75,1.75991114894809,1.74713927236208
1.5,0.9,0.775,1.76452108719639,1.75423321822405
1.5,0.9,0.8,1.76891573959431,1.76094592409619
1.5,0.9,0.825,1.77311006740704,1.76731278485483
1.5,0.9,0.85,1.77711481261678,1.77334610252461
1.5,0.9,0.875,1.78091171489007,1.77903579255549
1.5,0.9,0.9,1.78458367294903,1.78433653531779
1.5,0.9,0.925,1.78795486307081,1.78949713225407
1.5,0.9,0.95,1.79121899995833,1.79429269926678
1.5,0.9,0.975,1.79430353478777,1.79883316707674
1.5,0.9,1,1.79727237775036,1.80309681590882
1.5,0.925,0.6,1.73257339256219,1.7003795829038
1.5,0.925,0.625,1.73848193601064,1.7094908224999
1.5,0.925,0.65,1.7441631517007,1.7183225113661
1.5,0.925,0.675,1.74973154118355,1.72697066555151
1.5,0.925,0.7,1.75507663127132,1.7352511257918
1.5,0.925,0.725,1.76010005180362,1.74305509741204
1.5,0.925,0.75,1.76496348127447,1.75051399818005
1.5,0.925,0.775,1.7696405979526,1.75768312052058
1.5,0.925,0.8,1.77409380297137,1.7644648385094
1.5,0.925,0.825,1.77825244556969,1.77079641068586
1.5,0.925,0.85,1.78225881172338,1.77680322450766
1.5,0.925,0.875,1.78610130384155,1.78254760649074
1.5,0.925,0.9,1.78975178032882,1.78796057383574
1.5,0.925,0.925,1.79321869222831,1.7929883784208
1.5,0.925,0.95,1.7964141214653,1.79779014456819
1.5,0.925,0.975,1.79952968401632,1.80237179846918
1.5,0.925,1,1.80253440218295,1.80666905005485
1.5,0.95,0.6,1.7370711649746,1.70336147672043
1.5,0.95,0.625,1.7430868666747,1.71259252604829
1.5,0.95,0.65,1.74886211862142,1.72156563421338
1.5,0.95,0.675,1.75442750343199,1.7301993123743
1.5,0.95,0.7,1.75976741205283,1.73846074024908
1.5,0.95,0.725,1.76488396742913,1.74636103167241
1.5,0.95,0.75,1.76978722880493,1.75389794440831
1.5,0.95,0.775,1.77444774116318,1.76103837980427
1.5,0.95,0.8,1.77888478937827,1.76779005255117
1.5,0.95,0.825,1.78311081137206,1.77418859221539
1.5,0.95,0.85,1.7871412618861,1.78024801403495
1.5,0.95,0.875,1.79096196184584,1.78596111016592
1.5,0.95,0.9,1.79459154886311,1.79134391392986
1.5,0.95,0.925,1.79805883019239,1.7964367097036
1.5,0.95,0.95,1.80138704710657,1.80119278242703
1.5,0.95,0.975,1.80441711382031,1.80581016764507
1.5,0.95,1,1.80739997705698,1.81007836338656
1.5,0.975,0.6,1.74137320315957,1.70630817143175
1.5,0.975,0.625,1.7474094563185,1.71557140000235
1.5,0.975,0.65,1.75320373512755,1.724543732594
1.5,0.975,0.675,1.75884637439903,1.73325058222664
1.5,0.975,0.7,1.76424169934758,1.74157090451824
1.5,0.975,0.725,1.76933943479339,1.74946477987386
1.5,0.975,0.75,1.77426337511973,1.7569962885841
1.5,0.975,0.775,1.77897342563421,1.76418436935827
1.5,0.975,0.8,1.7834447294602,1.77097367650829
1.5,0.975,0.825,1.78764608340237,1.77735631306015
1.5,0.975,0.85,1.79168623659015,1.78340294468019
1.5,0.975,0.875,1.79553695499953,1.78914641397359
1.5,0.975,0.9,1.79919126161507,1.79455784627806
1.5,0.975,0.925,1.80264925516856,1.79964293015574
1.5,0.975,0.95,1.80591008048666,1.80442979512125
1.5,0.975,0.975,1.80908994661163,1.80893415331375
1.5,0.975,1,1.81201796566271,1.81330154805959
1.5,1,0.6,1.74542457477748,1.70897500450036
1.5,1,0.625,1.75154153222517,1.71831779541151
1.5,1,0.65,1.75740265134171,1.72738740201419
1.5,1,0.675,1.76304649327574,1.73610228541351
1.5,1,0.7,1.76845197606709,1.74443177664176
1.5,1,0.725,1.77361970659624,1.75238762565211
1.5,1,0.75,1.77856516710072,1.75997004679184
1.5,1,0.775,1.78326566593778,1.7671482845301
1.5,1,0.8,1.7877360184335,1.77393139898965
1.5,1,0.825,1.79198651278561,1.780355197768
1.5,1,0.85,1.79603665637045,1.7864349929599
1.5,1,0.875,1.79987708265519,1.79216468826278
1.5,1,0.9,1.80352250958398,1.79756190628495
1.5,1,0.925,1.80699858056063,1.80266668224016
1.5,1,0.95,1.81028096714428,1.80748654327018
1.5,1,0.975,1.81339187669923,1.81203931442494
1.5,1,1,1.81644117536361,1.81625414451035
1.5,1.025,0.6,1.74924703121788,1.71164246055665
1.5,1.025,0.625,1.75537009065304,1.72101721684126
1.5,1.025,0.65,1.76122809861315,1.73008923265871
1.5,1.025,0.675,1.76695164182541,1.73885552704368
1.5,1.025,0.7,1.77241794345746,1.7472353990748
1.5,1.025,0.725,1.77755186588345,1.75518949433253
1.5,1.025,0.75,1.78250650409886,1.76276763072452
1.5,1.025,0.775,1.78726168341546,1.76997845411947
1.5,1.025,0.8,1.79177304887259,1.77679403143238
1.5,1.025,0.825,1.79598783941479,1.78320671107215
1.5,1.025,0.85,1.80003921253726,1.78927526183712
1.5,1.025,0.875,1.8039191242701,1.79502686246617
1.5,1.025,0.9,1.80759329718966,1.80044675890796
1.5,1.025,0.925,1.81105602187387,1.80554375655691
1.5,1.025,0.95,1.81431524247277,1.81034527336293
1.5,1.025,0.975,1.81744410644942,1.81491796659781
1.5,1.025,1,1.82046554235552,1.81920649017125
1.5,1.05,0.6,1.75290081098511,1.71405789554282
1.5,1.05,0.625,1.7591016609087,1.72349621003124
1.5,1.05,0.65,1.76503345864848,1.73264791552386
1.5,1.05,0.675,1.77074162484827,1.74143138783477
1.5,1.05,0.7,1.77620048953805,1.74981810587066
1.5,1.05,0.725,1.78140941233775,1.75782034951957
1.5,1.05,0.75,1.78638847612471,1.76544047244937
1.5,1.05,0.775,1.79112084408514,1.77264973853382
1.5,1.05,0.8,1.79561753081681,1.77945850028721
1.5,1.05,0.825,1.79988698474222,1.78590269914586
1.5,1.05,0.85,1.80395211979474,1.79199871809016
1.5,1.05,0.875,1.80780782203785,1.79774128031983
1.5,1.05,0.9,1.81146571702569,1.80314922420418
1.5,1.05,0.925,1.81494931882589,1.80826171032224
1.5,1.05,0.95,1.81823730016469,1.81308907238115
1.5,1.05,0.975,1.82135279433719,1.81764893484191
1.5,1.05,1,1.82434731525217,1.82192762385958
1.5,1.075,0.6,1.75632722814077,1.71647835050954
1.5,1.075,0.625,1.76252998926851,1.72594440773782
1.5,1.075,0.65,1.76845487927232,1.73509668675056
1.5,1.075,0.675,1.77423377368101,1.74392347653096
1.5,1.075,0.7,1.77974579784346,1.75235326397419
1.5,1.075,0.725,1.78492128977977,1.76035308375435
1.5,1.075,0.75,1.78990629475415,1.76796836169357
1.5,1.075,0.775,1.79468748016185,1.77520496585078
1.5,1.075,0.8,1.79922019963494,1.78204141544188
1.5,1.075,0.825,1.80345548951762,1.78847511822468
1.5,1.075,0.85,1.80752015693544,1.79456035304574
1.5,1.075,0.875,1.81141139062524,1.80032129268769
1.5,1.075,0.9,1.81509478162828,1.80574858135323
1.5,1.075,0.925,1.81856532142871,1.81085365600408
1.5,1.075,0.95,1.82183146294597,1.81566372431289
1.5,1.075,0.975,1.82496483030616,1.82023902087641
1.5,1.075,1,1.82798668545247,1.8245308270013
1.5,1.1,0.6,1.75960790714181,1.71867063049509
1.5,1.1,0.625,1.76587881009575,1.72819107119548
1.5,1.1,0.65,1.77186926363091,1.7374130590258
1.5,1.1,0.675,1.77763060078317,1.74625485711765
1.5,1.1,0.7,1.78313328766479,1.75469003480098
1.5,1.1,0.725,1.78837565779857,1.7627313050578
1.5,1.1,0.75,1.7933817090709,1.77038289422759
1.5,1.1,0.775,1.79813968454902,1.77761782641954
1.5,1.1,0.8,1.80265734971994,1.78444767960298
1.5,1.1,0.825,1.80694158047021,1.79090848556594
1.5,1.1,0.85,1.81101816015339,1.79701752649816
1.5,1.1,0.875,1.81488567523052,1.80277019337844
1.5,1.1,0.9,1.81855313209931,1.80818642537463
1.5,1.1,0.925,1.82204217174806,1.81330460474106
1.5,1.1,0.95,1.8253342550045,1.81813735322478
1.5,1.1,0.975,1.82845462554572,1.82270064739478
1.5,1.1,1,1.83145231694562,1.82698232430284
1.5,1.125,0.6,1.76273011653157,1.72084195443165
1.5,1.125,0.625,1.76900037855933,1.73035580053567
1.5,1.125,0.65,1.77498687536648,1.73954388076591
1.5,1.125,0.675,1.78080384308681,1.74845904653683
1.5,1.125,0.7,1.78635312566403,1.7569606260902
1.5,1.125,0.725,1.79156853871829,1.76497049455007
1.5,1.125,0.75,1.79657690719837,1.77259756249198
1.5,1.125,0.775,1.80137284235044,1.77988285119311
1.5,1.125,0.8,1.80592231189824,1.78675868715442
1.5,1.125,0.825,1.81017844399447,1.79318762629885
1.5,1.125,0.85,1.81425220711621,1.79927228695651
1.5,1.125,0.875,1.81814722969176,1.80506092424727
1.5,1.125,0.9,1.82183735460836,1.81051069186312
1.5,1.125,0.925,1.82531296538871,1.8156101473714
1.5,1.125,0.95,1.82858748162126,1.8204108199833
1.5,1.125,0.975,1.83172471670825,1.82500309013865
1.5,1.125,1,1.83474319944808,1.82930851577013
1.5,1.15,0.6,1.76564076377327,1.72286651994991
1.5,1.15,0.625,1.77197056768263,1.73245793003813
1.5,1.15,0.65,1.77801004965035,1.74174042269457
1.5,1.15,0.675,1.78381565395413,1.75063212419745
1.5,1.15,0.7,1.78935457855668,1.75910860091643
1.5,1.15,0.725,1.79462431167732,1.76718291405656
1.5,1.15,0.75,1.7996521938612,1.77486093687715
1.5,1.15,0.775,1.80443088901407,1.78211724256069
1.5,1.15,0.8,1.80896537277966,1.78896455816353
1.5,1.15,0.825,1.81326117586795,1.79543896670559
1.5,1.15,0.85,1.81734650789031,1.80155851357478
1.5,1.15,0.875,1.82122317324431,1.80731915550403
1.5,1.15,0.9,1.82489793302567,1.81274184261334
1.5,1.15,0.925,1.82839078626533,1.81786425103391
1.5,1.15,0.95,1.83168563494708,1.82270101674694
1.5,1.15,0.975,1.83480962314833,1.82726648540827
1.5,1.15,1,1.83780974514532,1.83154972935783
1.5,1.175,0.6,1.76845391178613,1.72484326234674
1.5,1.175,0.625,1.77478153145114,1.73442583111581
1.5,1.175,0.65,1.78081568493887,1.74367437097323
1.5,1.175,0.675,1.78667021434934,1.75263331319798
1.5,1.175,0.7,1.7922496698876,1.76117064729552
1.5,1.175,0.725,1.79749377147696,1.76921402807145
1.5,1.175,0.75,1.80252284980055,1.7768679485556
1.5,1.175,0.775,1.80733506605655,1.78417062316804
1.5,1.175,0.8,1.81189728248991,1.79106020305741
1.5,1.175,0.825,1.81616689162376,1.79750397779947
1.5,1.175,0.85,1.82024912188309,1.80360010622461
1.5,1.175,0.875,1.824150222426,1.80939401049647
1.5,1.175,0.9,1.82784483236994,1.81484760275974
1.5,1.175,0.925,1.83132514229397,1.81995202534496
1.5,1.175,0.95,1.83460367679727,1.82475848514061
1.5,1.175,0.975,1.83774259219509,1.82935065478449
1.5,1.175,1,1.84076127359809,1.83365591712963
1.5,1.2,0.6,1.77108176347564,1.72669232877656
1.5,1.2,0.625,1.77746143119662,1.73634534627245
1.5,1.2,0.65,1.7835421843025,1.74568018559833
1.5,1.2,0.675,1.78938490091273,1.75461481578472
1.5,1.2,0.7,1.79495400317243,1.76312668868676
1.5,1.2,0.725,1.80024628291191,1.77122913850812
1.5,1.2,0.75,1.80529194502882,1.77892949329359
1.5,1.2,0.775,1.81008751456636,1.78620370022277
1.5,1.2,0.8,1.81463556161306,1.79306555549574
1.5,1.2,0.825,1.81894046427299,1.79955115953221
1.5,1.2,0.85,1.82303249224047,1.80567921152292
1.5,1.2,0.875,1.8269162552186,1.81144615892069
1.5,1.2,0.9,1.83059657831992,1.81687387964196
1.5,1.2,0.925,1.83409202534438,1.82199939812731
1.5,1.2,0.95,1.83738862421775,1.82683915138777
1.5,1.2,0.975,1.84051517250328,1.83140595998303
1.5,1.2,1,1.84351687426541,1.83569001579496
1.5,1.225,0.6,1.77362355957426,1.72849857418055
1.5,1.225,0.625,1.7799998927661,1.7381406101082
1.5,1.225,0.65,1.7860742720075,1.74744146827869
1.5,1.225,0.675,1.79196029227936,1.75643762487415
1.5,1.225,0.7,1.79756481860451,1.76500522879931
1.5,1.225,0.725,1.80283275514552,1.77307727397608
1.5,1.225,0.75,1.80787877235608,1.78075396811866
1.5,1.225,0.775,1.81270417312844,1.78807088254694
1.5,1.225,0.8,1.8172765399912,1.79497161633138
1.5,1.225,0.825,1.82155699079795,1.80142781324567
1.5,1.225,0.85,1.82564575958774,1.80753339502831
1.5,1.225,0.875,1.82955141115802,1.81333113673559
1.5,1.225,0.9,1.8332492230195,1.81878738836387
1.5,1.225,0.925,1.8367329657577,1.82389566864629
1.5,1.225,0.95,1.84001436788659,1.82870680826826
1.5,1.225,0.975,1.84315420498609,1.83329828934175
1.5,1.225,1,1.84617257798041,1.83760282921884
1.5,1.25,0.6,1.77600228730148,1.73018885620558
1.5,1.25,0.625,1.78242443509705,1.73989559003916
1.5,1.25,0.65,1.78854015544347,1.74927593585759
1.5,1.25,0.675,1.79441418603494,1.75824768730526
1.5,1.25,0.7,1.80000858162451,1.76679006115814
1.5,1.25,0.725,1.80531956037595,1.77491659955191
1.5,1.25,0.75,1.81037979078729,1.78263592141917
1.5,1.25,0.775,1.81518918260865,1.78992520075427
1.5,1.25,0.8,1.81974822344176,1.79679922392716
1.5,1.25,0.825,1.82406030134768,1.80329408029668
1.5,1.25,0.85,1.82815744248543,1.8094290341936
1.5,1.25,0.875,1.83204671029711,1.81520096596064
1.5,1.25,0.9,1.83573125310617,1.8206326035052
1.5,1.25,0.925,1.8392283798895,1.82576036439486
1.5,1.25,0.95,1.84252597182736,1.83060230769873
1.5,1.25,0.975,1.84565426014688,1.83516984640125
1.5,1.25,1,1.84865686806239,1.83945419023183
1.5,1.275,0.6,1.77827295391959,1.73187083009292
1.5,1.275,0.625,1.78468867486309,1.74159499460129
1.5,1.275,0.65,1.79079031266679,1.7509732067281
1.5,1.275,0.675,1.79671158971633,1.75996612049971
1.5,1.275,0.7,1.80233931505169,1.76853154245888
1.5,1.275,0.725,1.80762069125234,1.77665573800613
1.5,1.275,0.75,1.81268006035545,1.78437036660253
1.5,1.275,0.775,1.81752300317232,1.79167272514105
1.5,1.275,0.8,1.82210520008536,1.79856144257707
1.5,1.275,0.825,1.82638929390158,1.80504908496184
1.5,1.275,0.85,1.83048275773831,1.81117588712552
1.5,1.275,0.875,1.83439714331339,1.8169566365051
1.5,1.275,0.9,1.83809855407593,1.82239868897331
1.5,1.275,0.925,1.84158428689957,1.82752134429095
1.5,1.275,0.95,1.84486385878135,1.83235118641158
1.5,1.275,0.975,1.84800482473329,1.83692705016734
1.5,1.275,1,1.85102712437024,1.84121765809491
1.5,1.3,0.6,1.78046404347884,1.73339188798358
1.5,1.3,0.625,1.78692260174296,1.74314561469771
1.5,1.3,0.65,1.79306813255081,1.75256567329533
1.5,1.3,0.675,1.7989687459632,1.76156966202258
1.5,1.3,0.7,1.80458447055865,1.77013843616519
1.5,1.3,0.725,1.80991105190129,1.77828568963684
1.5,1.3,0.75,1.8149832854601,1.78602119043599
1.5,1.3,0.775,1.81980405921535,1.79332321492409
1.5,1.3,0.8,1.82437205104515,1.80020746222504
1.5,1.3,0.825,1.82868979625714,1.80670998714992
1.5,1.3,0.85,1.83279082476713,1.81285054627399
1.5,1.3,0.875,1.83668435414868,1.81862640716296
1.5,1.3,0.9,1.84037207443867,1.82406107482497
1.5,1.3,0.925,1.84387019558433,1.8291903989103
1.5,1.3,0.95,1.84716821859927,1.83403390642172
1.5,1.3,0.975,1.85029762006723,1.83860171760726
1.5,1.3,1,1.85330062363337,1.84288596591386
1.5,1.325,0.6,1.78252602199455,1.73493454955105
1.5,1.325,0.625,1.78897731162878,1.74470465735669
1.5,1.325,0.65,1.79510810099151,1.75412291294165
1.5,1.325,0.675,1.8010521423607,1.7631445639556
1.5,1.325,0.7,1.80669800422324,1.77173319399605
1.5,1.325,0.725,1.81199611070123,1.77987862963008
1.5,1.325,0.75,1.81706667882234,1.78760989883994
1.5,1.325,0.775,1.82191852004188,1.79492268658904
1.5,1.325,0.8,1.82650758919608,1.80181949778435
1.5,1.325,0.825,1.83079873573835,1.80831570085346
1.5,1.325,0.85,1.8348957858547,1.8144488397093
1.5,1.325,0.875,1.83881272228444,1.82023192329495
1.5,1.325,0.9,1.84251589987898,1.82567550802863
1.5,1.325,0.925,1.84600311344321,1.83080030742761
1.5,1.325,0.95,1.84928395033736,1.83563286156976
1.5,1.325,0.975,1.8524251318618,1.84020782335233
1.5,1.325,1,1.85544648044745,1.84449723961428
1.5,1.35,0.6,1.78452044786623,1.73633262872847
1.5,1.35,0.625,1.79101038650306,1.74612760014924
1.5,1.35,0.65,1.79718147447676,1.75558244563526
1.5,1.35,0.675,1.80310477918875,1.76461454700071
1.5,1.35,0.7,1.8087385884184,1.7732062721437
1.5,1.35,0.725,1.81407825887409,1.78137141750961
1.5,1.35,0.75,1.81916042910229,1.78912077716693
1.5,1.35,0.775,1.82399061758818,1.79643362324623
1.5,1.35,0.8,1.82856592332674,1.80332649408856
1.5,1.35,0.825,1.83288814498645,1.80983539082158
1.5,1.35,0.85,1.83699210496215,1.81598050198354
1.5,1.35,0.875,1.84088891906186,1.82175944547689
1.5,1.35,0.9,1.84457900397311,1.82719643594916
1.5,1.35,0.925,1.84807760461102,1.83232679008594
1.5,1.35,0.95,1.85137564236069,1.83717136840031
1.5,1.35,0.975,1.85450567907899,1.84173910659684
1.5,1.35,1,1.85750869605269,1.84602297541317
1.5,1.375,0.6,1.78642430921007,1.73772360234541
1.5,1.375,0.625,1.79290961989817,1.74750475332254
1.5,1.375,0.65,1.79907312802597,1.75692759870981
1.5,1.375,0.675,1.8050274537829,1.7660089889963
1.5,1.375,0.7,1.81068555382509,1.77464536331249
1.5,1.375,0.725,1.81600478814128,1.78278260294991
1.5,1.375,0.75,1.82108612395504,1.79051043736059
1.5,1.375,0.775,1.82593805531401,1.79785794765725
1.5,1.375,0.8,1.83053021864513,1.80478217764796
1.5,1.375,0.825,1.83483261409818,1.81126526522588
1.5,1.375,0.85,1.83893343551161,1.81739075930594
1.5,1.375,0.875,1.84284651185899,1.82319494925177
1.5,1.375,0.9,1.84654889121899,1.82865508283746
1.5,1.375,0.925,1.85003810030283,1.83377033521713
1.5,1.375,0.95,1.85332384538255,1.83859074260918
1.5,1.375,0.975,1.85646354156028,1.84317848912531
1.5,1.375,1,1.85947898140303,1.84747936490138
1.5,1.4,0.6,1.78821764993132,1.73903846866979
1.5,1.4,0.625,1.79473479247904,1.74886972748978
1.5,1.4,0.65,1.80092792129405,1.75835513743527
1.5,1.4,0.675,1.80687070733539,1.76741183974405
1.5,1.4,0.7,1.81251993830517,1.7760235909683
1.5,1.4,0.725,1.8178706516265,1.78420424666197
1.5,1.4,0.75,1.82296108911475,1.79196551927869
1.5,1.4,0.775,1.82779910127243,1.79928758445322
1.5,1.4,0.8,1.83238040482793,1.80618775057647
1.5,1.4,0.825,1.83670616033349,1.81270194950329
1.5,1.4,0.85,1.84081230548357,1.81885075134573
1.5,1.4,0.875,1.84471163512367,1.82463209389967
1.5,1.4,0.9,1.84840344994371,1.83007083938789
1.5,1.4,0.925,1.85190214509163,1.83520180334841
1.5,1.4,0.95,1.85519989172749,1.84004706156881
1.5,1.4,0.975,1.85833020099083,1.84461446546399
1.5,1.4,1,1.86133294823544,1.84889774434915
1.5,1.425,0.6,1.78995557515917,1.74032076948608
1.5,1.425,0.625,1.79646795383263,1.75013735741517
1.5,1.425,0.65,1.80265335707014,1.75959131269599
1.5,1.425,0.675,1.80862417219817,1.7686938477417
1.5,1.425,0.7,1.81429497568077,1.77734714747966
1.5,1.425,0.725,1.8196263897275,1.78550066357463
1.5,1.425,0.75,1.82471580445275,1.79324105893809
1.5,1.425,0.775,1.82957360224485,1.80059556347795
1.5,1.425,0.8,1.83416994592694,1.80752502622918
1.5,1.425,0.825,1.83847714555853,1.81401448734781
1.5,1.425,0.85,1.84258026043854,1.82014452000968
1.5,1.425,0.875,1.84649449215608,1.82594958589132
1.5,1.425,0.9,1.85019733546069,1.83141000844354
1.5,1.425,0.925,1.85368729627688,1.83652651405293
1.5,1.425,0.95,1.85697353260715,1.84134888259154
1.5,1.425,0.975,1.86011261580294,1.84593502948862
1.5,1.425,1,1.86312675392467,1.85023436157672
1.5,1.45,0.6,1.79159579174072,1.74153338666547
1.5,1.45,0.625,1.79813663046968,1.75139664122162
1.5,1.45,0.65,1.80434886012336,1.76090898367383
1.5,1.45,0.675,1.81030845159077,1.76998728677175
1.5,1.45,0.7,1.81597089531183,1.77861657519396
1.5,1.45,0.725,1.82133096721426,1.78681072525704
1.5,1.45,0.75,1.82642830865848,1.79458227320934
1.5,1.45,0.775,1.83127284487119,1.80191221751253
1.5,1.45,0.8,1.83585907805129,1.80881857252963
1.5,1.45,0.825,1.84018761426792,1.81533718832931
1.5,1.45,0.85,1.84429535714543,1.82148897428436
1.5,1.45,0.875,1.84819659205186,1.82727216248448
1.5,1.45,0.9,1.85188963797232,1.83271220609503
1.5,1.45,0.925,1.85538813946011,1.83784344877905
1.5,1.45,0.95,1.85868537112799,1.84268907698901
1.5,1.45,0.975,1.86181567755657,1.84725595000248
1.5,1.45,1,1.8648179466546,1.85153848444379
1.5,1.475,0.6,1.79318575517384,1.74271569255385
1.5,1.475,0.625,1.79972187898719,1.75256403795526
1.5,1.475,0.65,1.80592640607311,1.7620458414072
1.5,1.475,0.675,1.8119114258493,1.77116725210243
1.5,1.475,0.7,1.81759308982159,1.77983560983892
1.5,1.475,0.725,1.82293498536328,1.78800352114737
1.5,1.475,0.75,1.82803122602816,1.79575495758271
1.5,1.475,0.775,1.83289383360424,1.80311551802916
1.5,1.475,0.8,1.83749352628044,1.81004945362416
1.5,1.475,0.825,1.84180470973345,1.81654437730854
1.5,1.475,0.85,1.8459095743799,1.82267823236154
1.5,1.475,0.875,1.84982450967246,1.82848386094076
1.5,1.475,0.9,1.85352747669031,1.83394432977951
1.5,1.475,0.925,1.85701786900935,1.83906172656346
1.5,1.475,0.95,1.86030433115352,1.84388564801123
1.5,1.475,0.975,1.86344263341013,1.84847016583319
1.5,1.475,1,1.86645537343864,1.85276793824649
1.5,1.5,0.6,1.79468973711195,1.7438385320859
1.5,1.5,0.625,1.80125131461652,1.75373002648407
1.5,1.5,0.65,1.80748017640352,1.7632661485175
1.5,1.5,0.675,1.81345433238668,1.77236346772601
1.5,1.5,0.7,1.81912814806662,1.78100815827372
1.5,1.5,0.725,1.82449618574803,1.78921408305763
1.5,1.5,0.75,1.82959931279608,1.79699451772648
1.5,1.5,0.775,1.8344493065776,1.80433121284592
1.5,1.5,0.8,1.83903959857022,1.81124282880315
1.5,1.5,0.825,1.84337031158057,1.81776512401214
1.5,1.5,0.85,1.84747918877659,1.82391931109109
1.5,1.5,0.875,1.8513818433617,1.82970389470777
1.5,1.5,0.9,1.85507572770325,1.83514486717491
1.5,1.5,0.925,1.85857382128598,1.84027612736131
1.5,1.5,0.95,1.8618703763147,1.84512187942595
1.5,1.5,0.975,1.86500047182542,1.84968807471861
1.5,1.5,1,1.8680021114093,1.85396975285592
1.525,0.75,0.6,1.68613677272566,1.66796700233082
1.525,0.75,0.625,1.69126282109241,1.67631557989592
1.525,0.75,0.65,1.6963840895253,1.68454622947803
1.525,0.75,0.675,1.70133857646615,1.69260877505886
1.525,0.75,0.7,1.70615272221812,1.70032206262879
1.525,0.75,0.725,1.71080775256759,1.70781105615866
1.525,0.75,0.75,1.71540215742448,1.71499731983635
1.525,0.75,0.775,1.71970537288713,1.72196199825307
1.525,0.75,0.8,1.72388783303363,1.7284780199122
1.525,0.75,0.825,1.72787988275496,1.73472809683109
1.525,0.75,0.85,1.73176657119442,1.74068988665078
1.525,0.75,0.875,1.73543156793303,1.74636236813325
1.525,0.75,0.9,1.73894810328045,1.75166804547079
1.525,0.75,0.925,1.74228607502826,1.75673570546101
1.525,0.75,0.95,1.74553125440422,1.76155560923034
1.525,0.75,0.975,1.74857727443364,1.76612999150454
1.525,0.75,1,1.75150225795311,1.77040098846458
1.525,0.775,0.6,1.69284373738699,1.67235822259685
1.525,0.775,0.625,1.69809351589733,1.68083342569033
1.525,0.775,0.65,1.70333586850007,1.68917176810821
1.525,0.775,0.675,1.70836986262891,1.69732667597261
1.525,0.775,0.7,1.71330353393729,1.70513801816159
1.525,0.775,0.725,1.7180298041564,1.71270259994606
1.525,0.775,0.75,1.72267110275243,1.7199719352295
1.525,0.775,0.775,1.72711642471687,1.72688576829419
1.525,0.775,0.8,1.73130312163057,1.73353195846799
1.525,0.775,0.825,1.73533743903652,1.73982084522502
1.525,0.775,0.85,1.73926922391551,1.74580770842018
1.525,0.775,0.875,1.74295379486618,1.75150582989014
1.525,0.775,0.9,1.74652065461818,1.75684531386482
1.525,0.775,0.925,1.74988125620835,1.7619345733587
1.525,0.775,0.95,1.75315377962841,1.76676423399177
1.525,0.775,0.975,1.75620748071972,1.77135178817782
1.525,0.775,1,1.75916634177419,1.77564364867402
1.525,0.8,0.6,1.69933756547383,1.67639617297723
1.525,0.8,0.625,1.70472184524132,1.68498856914903
1.525,0.8,0.65,1.71006063282702,1.69343121550014
1.525,0.8,0.675,1.71521068220041,1.70168278951098
1.525,0.8,0.7,1.72019991390722,1.70956163707403
1.525,0.8,0.725,1.72500994198417,1.71719249320443
1.525,0.8,0.75,1.72970295449265,1.72452503354249
1.525,0.8,0.775,1.734163722757,1.73155074800622
1.525,0.8,0.8,1.73847802535474,1.73812774120068
1.525,0.8,0.825,1.74251860753507,1.74449637503553
1.525,0.8,0.85,1.74647978451628,1.75051705321005
1.525,0.8,0.875,1.75021261203314,1.75624303468427
1.525,0.8,0.9,1.75378899917063,1.76159680259204
1.525,0.8,0.925,1.75718205006845,1.76670331332358
1.525,0.8,0.95,1.76046764669599,1.77155451677696
1.525,0.8,0.975,1.76355335072316,1.77615703570462
1.525,0.8,1,1.76651317173163,1.78045435031647
1.525,0.825,0.6,1.70535247709339,1.68038479897429
1.525,0.825,0.625,1.71083676613203,1.6890817115806
1.525,0.825,0.65,1.71627454700122,1.69761189441226
1.525,0.825,0.675,1.72148530731527,1.70593747331282
1.525,0.825,0.7,1.72657269966607,1.71389617743327
1.525,0.825,0.725,1.73143829931489,1.72158635309306
1.525,0.825,0.75,1.73618977312703,1.72896190453719
1.525,0.825,0.775,1.74067771063456,1.73602772131176
1.525,0.825,0.8,1.74502330527509,1.74268092212135
1.525,0.825,0.825,1.74919213921307,1.74898203164027
1.525,0.825,0.85,1.75312074749595,1.75508744877836
1.525,0.825,0.875,1.75686648903205,1.76083109351717
1.525,0.825,0.9,1.76048307372257,1.76621084074484
1.525,0.825,0.925,1.76389163884366,1.77133335208185
1.525,0.825,0.95,1.76719787561472,1.77618973433247
1.525,0.825,0.975,1.77028634953822,1.78080149026965
1.525,0.825,1,1.77327280521378,1.78511469534821
1.525,0.85,0.6,1.71116771334642,1.68402624502174
1.525,0.85,0.625,1.71676285361812,1.69282254904319
1.525,0.85,0.65,1.7222768747817,1.70144038501431
1.525,0.85,0.675,1.72758297006752,1.70984687384885
1.525,0.85,0.7,1.7327114538331,1.71786038564955
1.525,0.85,0.725,1.73764425613908,1.72560455750482
1.525,0.85,0.75,1.74243509735043,1.7330311410344
1.525,0.85,0.775,1.74698226370935,1.74014057226458
1.525,0.85,0.8,1.75134330224877,1.74682046019546
1.525,0.85,0.825,1.75549888460505,1.75320226585545
1.525,0.85,0.85,1.75954381983742,1.75923929267269
1.525,0.85,0.875,1.76328171526042,1.76505097714062
1.525,0.85,0.9,1.76690471873196,1.77043889790309
1.525,0.85,0.925,1.77033867323701,1.77557385156377
1.525,0.85,0.95,1.77365293192936,1.78044740263678
1.525,0.85,0.975,1.77676673196298,1.78507027957217
1.525,0.85,1,1.77975124366515,1.78938678038849
1.525,0.875,0.6,1.71654716908429,1.68764377224725
1.525,0.875,0.625,1.72222315278024,1.69652649309329
1.525,0.875,0.65,1.72781822251973,1.70521575758377
1.525,0.875,0.675,1.73317068031914,1.71368181929181
1.525,0.875,0.7,1.73837993846049,1.72176093357023
1.525,0.875,0.725,1.74335570297198,1.72955259419731
1.525,0.875,0.75,1.74819342655182,1.73701203153841
1.525,0.875,0.775,1.75276033213065,1.74415151682891
1.525,0.875,0.8,1.75717114751181,1.75086836947438
1.525,0.875,0.825,1.76134701300341,1.75727576989017
1.525,0.875,0.85,1.7653879193005,1.76335584916178
1.525,0.875,0.875,1.76924992030036,1.76906392854829
1.525,0.875,0.9,1.77281876272453,1.77455865418413
1.525,0.875,0.925,1.77626466470527,1.77970426731026
1.525,0.875,0.95,1.77959479557359,1.78457983083062
1.525,0.875,0.975,1.78270855574471,1.78920901723714
1.525,0.875,1,1.78571425984531,1.79353778109867
1.525,0.9,0.6,1.72174688492552,1.69092750442728
1.525,0.9,0.625,1.72751455938496,1.69989466291355
1.525,0.9,0.65,1.73317001004399,1.7086578722085
1.525,0.9,0.675,1.73860129139503,1.7171920267697
1.525,0.9,0.7,1.74384075847438,1.72531600864355
1.525,0.9,0.725,1.7488708198725,1.7331521151593
1.525,0.9,0.75,1.75373799922847,1.74065386704619
1.525,0.9,0.775,1.75835334078348,1.74782888199369
1.525,0.9,0.8,1.76277438940884,1.75456591789317
1.525,0.9,0.825,1.76698199556121,1.76099510500622
1.525,0.9,0.85,1.77103432843922,1.76710057403226
1.525,0.9,0.875,1.7748552731321,1.77289796292085
1.525,0.9,0.9,1.77854221283995,1.77828297964402
1.525,0.9,0.925,1.78196025640935,1.78348563879364
1.525,0.9,0.95,1.78529670303728,1.78837346333958
1.525,0.9,0.975,1.78843120838882,1.79301061217581
1.525,0.9,1,1.79143335252434,1.7973411727008
1.525,0.925,0.6,1.72655320357975,1.69419761294105
1.525,0.925,0.625,1.73238661392957,1.70323879287869
1.525,0.925,0.65,1.73810919079322,1.71206251886272
1.525,0.925,0.675,1.74357591139337,1.72064635824028
1.525,0.925,0.7,1.74888270694943,1.7288257084531
1.525,0.925,0.725,1.7539461716028,1.73670109427231
1.525,0.925,0.75,1.75885142490531,1.74422892805781
1.525,0.925,0.775,1.76348026526445,1.75142787360606
1.525,0.925,0.8,1.76794256835583,1.75819501786302
1.525,0.925,0.825,1.77216594670131,1.76464370371589
1.525,0.925,0.85,1.77623938465981,1.77075788186928
1.525,0.925,0.875,1.78006141167128,1.77656776028721
1.525,0.925,0.9,1.78374180475326,1.78200201251641
1.525,0.925,0.925,1.78727419069733,1.78710669440142
1.525,0.925,0.95,1.79054923880474,1.7920684013646
1.525,0.925,0.975,1.79368287901501,1.79670888732876
1.525,0.925,1,1.79670256518798,1.80104872386355
1.525,0.95,0.6,1.73120366109271,1.69716324590137
1.525,0.95,0.625,1.73711323002994,1.70627608051541
1.525,0.95,0.65,1.742883816916,1.71516213739738
1.525,0.95,0.675,1.74841613126126,1.7238034479509
1.525,0.95,0.7,1.75374498719485,1.73201961902473
1.525,0.95,0.725,1.75885264699538,1.73993179101779
1.525,0.95,0.75,1.76377994217226,1.74749497197585
1.525,0.95,0.775,1.76844862999559,1.75472325013481
1.525,0.95,0.8,1.77291682123879,1.76150634415601
1.525,0.95,0.825,1.77716578126547,1.76797234539814
1.525,0.95,0.85,1.78124759964955,1.77410671280657
1.525,0.95,0.875,1.7850943075276,1.77993105364039
1.525,0.95,0.9,1.78877180689374,1.78537236370432
1.525,0.95,0.925,1.79225890083866,1.79054510334443
1.525,0.95,0.95,1.79564122926848,1.79541338184151
1.525,0.95,0.975,1.79874516165868,1.80010649152062
1.525,0.95,1,1.80176204196707,1.80444548127925
1.525,0.975,0.6,1.73550202118578,1.7001292151455
1.525,0.975,0.625,1.74146531622886,1.70930449056667
1.525,0.975,0.65,1.74729178098626,1.71824106332622
1.525,0.975,0.675,1.75285130765607,1.72692329524289
1.525,0.975,0.7,1.75823657092545,1.73518597078184
1.525,0.975,0.725,1.76337036764031,1.74313041012736
1.525,0.975,0.75,1.76832881026187,1.75071404391041
1.525,0.975,0.775,1.77300651128064,1.75796129458188
1.525,0.975,0.8,1.77750897999863,1.76476906122637
1.525,0.975,0.825,1.78176960672277,1.77125055420681
1.525,0.975,0.85,1.78586866872303,1.7773903996869
1.525,0.975,0.875,1.78971556509937,1.78322316612214
1.525,0.975,0.9,1.79341429550087,1.78867807062876
1.525,0.975,0.925,1.79690465641681,1.79385933873058
1.525,0.975,0.95,1.80026436321927,1.79875873057144
1.525,0.975,0.975,1.80333246662759,1.80348763211666
1.525,0.975,1,1.80642903065828,1.80776858408714
1.525,1,0.6,1.73966575305136,1.70280551325497
1.525,1,0.625,1.74569289216968,1.71204310690946
1.525,1,0.65,1.75155774293036,1.72103363226006
1.525,1,0.675,1.7571724497042,1.72976543766628
1.525,1,0.7,1.76257368277816,1.73805923418178
1.525,1,0.725,1.76774390769889,1.74603481933446
1.525,1,0.75,1.77271881752438,1.75364874046067
1.525,1,0.775,1.77742975267466,1.76092068402353
1.525,1,0.8,1.78193497589429,1.76774154786798
1.525,1,0.825,1.78621643260376,1.77423718216087
1.525,1,0.85,1.79032085708085,1.78039425169998
1.525,1,0.875,1.79418849485811,1.78623853189402
1.525,1,0.9,1.79788395845745,1.79169812077443
1.525,1,0.925,1.80138628277606,1.79688546294308
1.525,1,0.95,1.80474485656945,1.8017964926774
1.525,1,0.975,1.80790548542662,1.80645142866013
1.525,1,1,1.81096206350687,1.81076766210959
1.525,1.025,0.6,1.74356496631047,1.70545769306361
1.525,1.025,0.625,1.74966646903366,1.71475128386911
1.525,1.025,0.65,1.75554687282505,1.72377585289321
1.525,1.025,0.675,1.76119380248548,1.73255777862825
1.525,1.025,0.7,1.7666261511764,1.74089636869792
1.525,1.025,0.725,1.77184185808319,1.74890093977476
1.525,1.025,0.75,1.7768136586162,1.75652364696969
1.525,1.025,0.775,1.78154141726927,1.76382122121586
1.525,1.025,0.8,1.78606225840576,1.77066761670426
1.525,1.025,0.825,1.79037301201785,1.77717697426231
1.525,1.025,0.85,1.79446624192573,1.78333089045256
1.525,1.025,0.875,1.79834307799047,1.78918789529938
1.525,1.025,0.9,1.80204553108385,1.79466333002761
1.525,1.025,0.925,1.80556817039082,1.79985680006285
1.525,1.025,0.95,1.80891239551298,1.8047603602361
1.525,1.025,0.975,1.81207743023904,1.80942261050135
1.525,1.025,1,1.81510508596581,1.81378097993106
1.525,1.05,0.6,1.74725082591352,1.70792428234239
1.525,1.05,0.625,1.75337591587086,1.71726855490249
1.525,1.05,0.65,1.75931870928538,1.72634772734522
1.525,1.05,0.675,1.76500094027364,1.73515604656019
1.525,1.05,0.7,1.77046145892357,1.74351519814491
1.525,1.05,0.725,1.77568241835886,1.75154382145949
1.525,1.05,0.75,1.78069551096934,1.75919968560663
1.525,1.05,0.775,1.78543999376775,1.76650763864256
1.525,1.05,0.8,1.78997469950808,1.77335952579399
1.525,1.05,0.825,1.79428173457236,1.77987922520652
1.525,1.05,0.85,1.79840357127489,1.78605428027224
1.525,1.05,0.875,1.802287240165,1.79191430181049
1.525,1.05,0.9,1.80599671836178,1.79738811978743
1.525,1.05,0.925,1.80951157167666,1.80258571828067
1.525,1.05,0.95,1.81287664641187,1.80750389605403
1.525,1.05,0.975,1.81604277455417,1.81216672985676
1.525,1.05,1,1.81907246463506,1.81652224365484
1.525,1.075,0.6,1.75075248244501,1.71033766490169
1.525,1.075,0.625,1.75694172237479,1.71972976200453
1.525,1.075,0.65,1.76289532718004,1.72883676260937
1.525,1.075,0.675,1.76860410928966,1.73768809354048
1.525,1.075,0.7,1.77408998044731,1.74608601554214
1.525,1.075,0.725,1.77934993964484,1.7541389342649
1.525,1.075,0.75,1.78435811334211,1.76180070184382
1.525,1.075,0.775,1.7891160789674,1.76913035030036
1.525,1.075,0.8,1.79366303166501,1.77600411567432
1.525,1.075,0.825,1.79799516870863,1.78253505473141
1.525,1.075,0.85,1.80210559499409,1.78870587690073
1.525,1.075,0.875,1.80599644359446,1.79457651333055
1.525,1.075,0.9,1.80971100654472,1.80006384932564
1.525,1.075,0.925,1.81324334657296,1.80526625746194
1.525,1.075,0.95,1.81659487239324,1.81017651732326
1.525,1.075,0.975,1.81976519962704,1.81484444531828
1.525,1.075,1,1.82279586339491,1.81920956171473
1.525,1.1,0.6,1.75406542517226,1.71257902933109
1.525,1.1,0.625,1.76027262977009,1.72201463738798
1.525,1.1,0.65,1.76628013500064,1.73116926102347
1.525,1.1,0.675,1.77201818309568,1.74004242013755
1.525,1.1,0.7,1.77752744855011,1.74845684635164
1.525,1.1,0.725,1.78278991116924,1.75652995851205
1.525,1.1,0.75,1.78783374297063,1.76422067516956
1.525,1.1,0.775,1.79260515661185,1.77155840964589
1.525,1.1,0.8,1.79716338106073,1.77843594678713
1.525,1.1,0.825,1.80149073531827,1.78497525057394
1.525,1.1,0.85,1.80562594616937,1.79116465499843
1.525,1.1,0.875,1.80952196671042,1.79703717000117
1.525,1.1,0.9,1.81324215447435,1.80252232460017
1.525,1.1,0.925,1.81676662768447,1.80772775619916
1.525,1.1,0.95,1.82013642034583,1.81265086017831
1.525,1.1,0.975,1.82330752159263,1.8173183467851
1.525,1.1,1,1.82634111104545,1.82167891553434
1.525,1.125,0.6,1.75721696841296,1.71477668616275
1.525,1.125,0.625,1.76348000495326,1.72425397220729
1.525,1.125,0.65,1.76949481577177,1.733431905622
1.525,1.125,0.675,1.77525496593045,1.74234260786821
1.525,1.125,0.7,1.78078507385628,1.75079110073271
1.525,1.125,0.725,1.78608130492001,1.75888496794281
1.525,1.125,0.75,1.79111907547068,1.76657957519697
1.525,1.125,0.775,1.79590139740862,1.77393597117696
1.525,1.125,0.8,1.80046929068796,1.78083248486779
1.525,1.125,0.825,1.80481837421064,1.78738115727175
1.525,1.125,0.85,1.80894226441993,1.7935656760895
1.525,1.125,0.875,1.81284392547094,1.79944718834051
1.525,1.125,0.9,1.81656777096711,1.80494398972051
1.525,1.125,0.925,1.82010742801216,1.81015327237555
1.525,1.125,0.95,1.82346437047124,1.81506842072332
1.525,1.125,0.975,1.82663875651187,1.81974007737446
1.525,1.125,1,1.82967274802167,1.82410876665681
1.525,1.15,0.6,1.76020138612873,1.71681366643943
1.525,1.15,0.625,1.76647798036561,1.72632936410639
1.525,1.15,0.65,1.77253979917991,1.73554979646148
1.525,1.15,0.675,1.77832433929446,1.74447919043135
1.525,1.15,0.7,1.78387415744403,1.75294136068266
1.525,1.15,0.725,1.78917084388242,1.76105264040157
1.525,1.15,0.75,1.79423974032606,1.76877296536151
1.525,1.15,0.775,1.79903290549158,1.77613587477087
1.525,1.15,0.8,1.80361014665295,1.7830350188026
1.525,1.15,0.825,1.80795374143391,1.78959063155356
1.525,1.15,0.85,1.81209934432587,1.79579170797092
1.525,1.15,0.875,1.81600487365596,1.80167434026876
1.525,1.15,0.9,1.8197333334046,1.80716867618589
1.525,1.15,0.925,1.82326514475518,1.81238022962369
1.525,1.15,0.95,1.82663818089438,1.81730687648761
1.525,1.15,0.975,1.82981283098041,1.82197764945854
1.525,1.15,1,1.83284932225513,1.82634178578211
1.525,1.175,0.6,1.7630456555433,1.7188236767799
1.525,1.175,0.625,1.76937117512506,1.72837497296017
1.525,1.175,0.65,1.7754375197653,1.73761425586557
1.525,1.175,0.675,1.7812406364402,1.74657602901491
1.525,1.175,0.7,1.78680757295105,1.75506787765652
1.525,1.175,0.725,1.79213375118944,1.76319663798399
1.525,1.175,0.75,1.79719578096795,1.77091902682281
1.525,1.175,0.775,1.8019978782471,1.77829786750747
1.525,1.175,0.8,1.80658267775148,1.78521340612625
1.525,1.175,0.825,1.81094526724424,1.79177673744512
1.525,1.175,0.85,1.81507974637712,1.79797241185243
1.525,1.175,0.875,1.81898976437463,1.80386264126674
1.525,1.175,0.9,1.82272072196211,1.80936701009566
1.525,1.175,0.925,1.82626585019072,1.81458160916589
1.525,1.175,0.95,1.82962670657877,1.81950035301383
1.525,1.175,0.975,1.8328039212879,1.82417458131903
1.525,1.175,1,1.83584023121474,1.8285457135858
1.525,1.2,0.6,1.76574106321351,1.72068002906242
1.525,1.2,0.625,1.77207669421182,1.73026518443973
1.525,1.2,0.65,1.77818432053017,1.73954239549028
1.525,1.2,0.675,1.78400790196637,1.74852015290811
1.525,1.2,0.7,1.7895915840804,1.75702329354618
1.525,1.2,0.725,1.79491670308297,1.76516710031968
1.525,1.2,0.75,1.80000609191728,1.7729124259623
1.525,1.2,0.775,1.80481697867497,1.78029649432182
1.525,1.2,0.8,1.80940960080509,1.78721378145113
1.525,1.2,0.825,1.81376626333313,1.79378288818934
1.525,1.2,0.85,1.81791989499206,1.79999340721284
1.525,1.2,0.875,1.82183278286669,1.80588417415256
1.525,1.2,0.9,1.82556756032503,1.81138593356732
1.525,1.2,0.925,1.82910496524043,1.81660222320113
1.525,1.2,0.95,1.83248008524453,1.82153134572198
1.525,1.2,0.975,1.83565716370875,1.82620441035643
1.525,1.2,1,1.83869556302452,1.83057115875306
1.525,1.225,0.6,1.7683145895913,1.72252164716309
1.525,1.225,0.625,1.77469335015244,1.73213750734736
1.525,1.225,0.65,1.78080337292889,1.74143009657658
1.525,1.225,0.675,1.7866426723036,1.75043602081841
1.525,1.225,0.7,1.79224048010308,1.75896523411995
1.525,1.225,0.725,1.79759155155034,1.76712388976461
1.525,1.225,0.75,1.80267359993585,1.77486991115964
1.525,1.225,0.775,1.80749185494228,1.78226768875775
1.525,1.225,0.8,1.81209038596003,1.78919922401585
1.525,1.225,0.825,1.8164637918494,1.79577473323096
1.525,1.225,0.85,1.82060662840952,1.80197952989504
1.525,1.225,0.875,1.82452310909613,1.80787676382831
1.525,1.225,0.9,1.82825950857925,1.81338719709861
1.525,1.225,0.925,1.83180869267385,1.81860590074033
1.525,1.225,0.95,1.8351723150162,1.82352725702985
1.525,1.225,0.975,1.8383513984076,1.828203214975
1.525,1.225,1,1.84138918938948,1.83257601387333
1.525,1.25,0.6,1.77075557354076,1.72421989607024
1.525,1.25,0.625,1.77714156196852,1.73386524357582
1.525,1.25,0.65,1.78328806302276,1.74319141472937
1.525,1.25,0.675,1.78914449869617,1.7522107536284
1.525,1.25,0.7,1.7947566842012,1.76074905608946
1.525,1.25,0.725,1.80010549424651,1.76892058627338
1.525,1.25,0.75,1.80521178405924,1.77668699165078
1.525,1.25,0.775,1.81003711192085,1.78408884105464
1.525,1.25,0.8,1.81464229979396,1.79102134475231
1.525,1.25,0.825,1.81900948086444,1.79760160603207
1.525,1.25,0.85,1.82316936199895,1.80381970843575
1.525,1.25,0.875,1.82708788866622,1.80971699104543
1.525,1.25,0.9,1.83082753195646,1.81522471139775
1.525,1.25,0.925,1.83436915216407,1.82044462430642
1.525,1.25,0.95,1.83774552642863,1.82537537164602
1.525,1.25,0.975,1.84092414389928,1.8300499604983
1.525,1.25,1,1.84396373317146,1.83441856771854
1.525,1.275,0.6,1.77308987754695,1.72590822817738
1.525,1.275,0.625,1.7795142710476,1.73558063927028
1.525,1.275,0.65,1.78566154010371,1.74491975471178
1.525,1.275,0.675,1.79153149905016,1.75396403317373
1.525,1.275,0.7,1.797155347003,1.76252561066951
1.525,1.275,0.725,1.80252723836562,1.77071001313636
1.525,1.275,0.75,1.80762590678757,1.77847624328036
1.525,1.275,0.775,1.81245743780645,1.78589007967885
1.525,1.275,0.8,1.81706718038462,1.792835131988
1.525,1.275,0.825,1.82144928277378,1.79942080286781
1.525,1.275,0.85,1.8255987309958,1.80563308311812
1.525,1.275,0.875,1.82952020319351,1.81153595200651
1.525,1.275,0.9,1.83326075185462,1.81705124874024
1.525,1.275,0.925,1.83681290442849,1.8222731030566
1.525,1.275,0.95,1.84017841972305,1.82719631127549
1.525,1.275,0.975,1.84335864333902,1.83187336106762
1.525,1.275,1,1.84639727559692,1.83624724369856
1.525,1.3,0.6,1.77530577126315,1.72746171442359
1.525,1.3,0.625,1.78173517385152,1.73716057178844
1.525,1.3,0.65,1.78791489903309,1.74653015358698
1.525,1.3,0.675,1.79379932427826,1.75558615296665
1.525,1.3,0.7,1.79943562910319,1.7641553710996
1.525,1.3,0.725,1.8048044090717,1.7723511110247
1.525,1.3,0.75,1.80992470458481,1.78013579359589
1.525,1.3,0.775,1.81476196453665,1.78755294354175
1.525,1.3,0.8,1.81937743696958,1.79449851648565
1.525,1.3,0.825,1.82375318457302,1.80108821037164
1.525,1.3,0.85,1.82791790280244,1.80731258371363
1.525,1.3,0.875,1.83184080111489,1.81321519271596
1.525,1.3,0.9,1.83558414341536,1.81872781181387
1.525,1.3,0.925,1.83912895485876,1.82395053703965
1.525,1.3,0.95,1.84250594227965,1.82888233408946
1.525,1.3,0.975,1.84568547297919,1.83355789943634
1.525,1.3,1,1.84872567498191,1.83792783924449
1.525,1.325,0.6,1.77742890678925,1.72901655396606
1.525,1.325,0.625,1.78389262513342,1.73873864549508
1.525,1.325,0.65,1.79007183426556,1.74811851169922
1.525,1.325,0.675,1.79596792025682,1.75719623949145
1.525,1.325,0.7,1.80161385824332,1.76578596751161
1.525,1.325,0.725,1.8070032594881,1.77399263969262
1.525,1.325,0.75,1.81211580116932,1.78177622551302
1.525,1.325,0.775,1.81695829342933,1.78920373670777
1.525,1.325,0.8,1.82157723062905,1.79616025712384
1.525,1.325,0.825,1.82596634527243,1.80275443583528
1.525,1.325,0.85,1.83012102877356,1.80897286688386
1.525,1.325,0.875,1.8340463420386,1.81488026563946
1.525,1.325,0.9,1.83779003300698,1.82039945762327
1.525,1.325,0.925,1.84134431505489,1.82562370454574
1.525,1.325,0.95,1.84471105839061,1.83054817042211
1.525,1.325,0.975,1.84789187263826,1.83522582177391
1.525,1.325,1,1.85093086464744,1.8396003398927
1.525,1.35,0.6,1.77944554078015,1.73044210516525
1.525,1.35,0.625,1.78591243039365,1.74018775027915
1.525,1.35,0.65,1.79212072338433,1.74959512972552
1.525,1.35,0.675,1.79802899771277,1.75868299285197
1.525,1.35,0.7,1.80368586587452,1.76727901895315
1.525,1.35,0.725,1.80907148236812,1.77549563741172
1.525,1.35,0.75,1.81420347408299,1.78329590406974
1.525,1.35,0.775,1.81905055118096,1.79072606422319
1.525,1.35,0.8,1.82367451693696,1.7976827068465
1.525,1.35,0.825,1.82805720664311,1.80428027918576
1.525,1.35,0.85,1.8322256876404,1.81050970669589
1.525,1.35,0.875,1.83615189889132,1.81641660130099
1.525,1.35,0.9,1.83989806842758,1.82193315684538
1.525,1.35,0.925,1.84344523028222,1.82715800074028
1.525,1.35,0.95,1.84682238422362,1.83209033333243
1.525,1.35,0.975,1.8500023103894,1.83676642951605
1.525,1.35,1,1.8530427289826,1.84113723648175
1.525,1.375,0.6,1.78138129976604,1.73187561724096
1.525,1.375,0.625,1.78787911054157,1.74164147866509
1.525,1.375,0.65,1.79408587815151,1.75105715907321
1.525,1.375,0.675,1.80000436714293,1.76016416949842
1.525,1.375,0.7,1.80566916014177,1.76877848186249
1.525,1.375,0.725,1.81107337636699,1.77700449618297
1.525,1.375,0.75,1.81619756661806,1.78480304907429
1.525,1.375,0.775,1.82104915684162,1.79224225038125
1.525,1.375,0.8,1.82567567047903,1.79920853682537
1.525,1.375,0.825,1.83007045642346,1.80580985966129
1.525,1.375,0.85,1.83422928805462,1.81203335200848
1.525,1.375,0.875,1.83815754180417,1.81794438442011
1.525,1.375,0.9,1.84190359009791,1.82346668694422
1.525,1.375,0.925,1.84545935468125,1.82869272107916
1.525,1.375,0.95,1.8488268211252,1.83361797845106
1.525,1.375,0.975,1.85200781434912,1.83829585275622
1.525,1.375,1,1.85504680736496,1.84267065905156
1.525,1.4,0.6,1.78322104208391,1.73318594656217
1.525,1.4,0.625,1.78972058444062,1.74297292425752
1.525,1.4,0.65,1.7959535597371,1.75241361744938
1.525,1.4,0.675,1.80188237332405,1.76152947596245
1.525,1.4,0.7,1.80755682234094,1.77014903856147
1.525,1.4,0.725,1.81295677697897,1.77838385509151
1.525,1.4,0.75,1.81809854842139,1.78619759929624
1.525,1.4,0.775,1.82295381037116,1.79363892865263
1.525,1.4,0.8,1.82758477065803,1.80060508142607
1.525,1.4,0.825,1.83197314683119,1.80720928929131
1.525,1.4,0.85,1.83614450220907,1.81344285764422
1.525,1.4,0.875,1.84007325363321,1.81935320299012
1.525,1.4,0.9,1.84382151853714,1.82487297304499
1.525,1.4,0.925,1.84737041034523,1.83009938743212
1.525,1.4,0.95,1.85074736156992,1.83503190576956
1.525,1.4,0.975,1.85392734123334,1.83970817696058
1.525,1.4,1,1.8569676384045,1.84407952790181
1.525,1.425,0.6,1.78499036455271,1.73451092410875
1.525,1.425,0.625,1.79151786963316,1.74431542690731
1.525,1.425,0.65,1.79774852918096,1.753762668611
1.525,1.425,0.675,1.80368632028958,1.76289539594289
1.525,1.425,0.7,1.80936728401526,1.7715312531637
1.525,1.425,0.725,1.81478409260428,1.77977412806367
1.525,1.425,0.75,1.81991810621148,1.78758563502207
1.525,1.425,0.775,1.82477727546025,1.79503486384175
1.525,1.425,0.8,1.82941005136178,1.80200949386144
1.525,1.425,0.825,1.83380942843863,1.80861682978222
1.525,1.425,0.85,1.83797153972021,1.81484448793914
1.525,1.425,0.875,1.84190202161057,1.82075842367
1.525,1.425,0.9,1.8456498093725,1.82628319778524
1.525,1.425,0.925,1.84920655374168,1.83151053383177
1.525,1.425,0.95,1.85257435764651,1.83643621632137
1.525,1.425,0.975,1.85575522095123,1.84111402107657
1.525,1.425,1,1.85879394791214,1.84548884594862
1.525,1.45,0.6,1.78667294059526,1.73571971256907
1.525,1.45,0.625,1.79320091126573,1.74554284535447
1.525,1.45,0.65,1.79945530035998,1.7550126042044
1.525,1.45,0.675,1.8054017685805,1.76415284821276
1.525,1.45,0.7,1.81109134536009,1.77279288971159
1.525,1.45,0.725,1.81650349265452,1.78104344302475
1.525,1.45,0.75,1.82165350132721,1.7888687061618
1.525,1.45,0.775,1.82651553879994,1.7963195476887
1.525,1.45,0.8,1.8311523147092,1.80329377091128
1.525,1.45,0.825,1.83554531168239,1.80990351304667
1.525,1.45,0.85,1.83971887457986,1.81614037919868
1.525,1.45,0.875,1.84364949969841,1.82205346141653
1.525,1.45,0.9,1.84739932462026,1.82757578102785
1.525,1.45,0.925,1.85094942446147,1.83280330606062
1.525,1.45,0.95,1.85432593700523,1.83773568439799
1.525,1.45,0.975,1.85750567143884,1.84241185548777
1.525,1.45,1,1.86054563443487,1.84678344843112
1.525,1.475,0.6,1.78829369804964,1.7369448822541
1.525,1.475,0.625,1.79484719118991,1.74678355934527
1.525,1.475,0.65,1.8010986659661,1.75625868517085
1.525,1.475,0.675,1.80705316990638,1.7654140668978
1.525,1.475,0.7,1.81274807051723,1.77406886895891
1.525,1.475,0.725,1.81817563277031,1.78232649258888
1.525,1.475,0.75,1.82331796767146,1.79014925022134
1.525,1.475,0.775,1.82818347409989,1.7976071076723
1.525,1.475,0.8,1.83282144182545,1.80458888705068
1.525,1.475,0.825,1.83722453774641,1.81120129377862
1.525,1.475,0.85,1.84138923349262,1.81743237863754
1.525,1.475,0.875,1.84532137949597,1.82334862015453
1.525,1.475,0.9,1.84907042007472,1.82887534345527
1.525,1.475,0.925,1.85262775401502,1.83410359125344
1.525,1.475,0.95,1.85599560207901,1.8390294107482
1.525,1.475,0.975,1.85917610571675,1.84370692033989
1.525,1.475,1,1.86221436998987,1.84808155459148
1.525,1.5,0.6,1.78983580120912,1.73805964008653
1.525,1.5,0.625,1.79638879507394,1.74791525963135
1.525,1.5,0.65,1.80266188303672,1.75741115680671
1.525,1.5,0.675,1.80862372359644,1.76657323282288
1.525,1.5,0.7,1.81432637236971,1.7752315797125
1.525,1.5,0.725,1.81974901637941,1.78349611671507
1.525,1.5,0.75,1.82490598318886,1.79133155608213
1.525,1.5,0.775,1.82977372026586,1.79879072420657
1.525,1.5,0.8,1.83441532477651,1.80577199672989
1.525,1.5,0.825,1.83881212819281,1.81238648409709
1.525,1.5,0.85,1.8429873477716,1.81862609178202
1.525,1.5,0.875,1.84691936998146,1.82454139928157
1.525,1.5,0.9,1.85067030512121,1.83006580902179
1.525,1.5,0.925,1.85422123629327,1.83529412046143
1.525,1.5,0.95,1.85759711671975,1.84022617242032
1.525,1.5,0.975,1.86077641968089,1.84490205194169
1.525,1.5,1,1.86381586688872,1.84927369400751
1.55,0.75,0.6,1.68013000682933,1.6619783108827
1.55,0.75,0.625,1.68519710737495,1.67022475917828
1.55,0.75,0.65,1.69012437151659,1.67824069830233
1.55,0.75,0.675,1.69492982284912,1.68606002969618
1.55,0.75,0.7,1.69972540884873,1.69384481286164
1.55,0.75,0.725,1.70439459753816,1.7013588168879
1.55,0.75,0.75,1.70887500700953,1.70846541696596
1.55,0.75,0.775,1.71310942904518,1.71530862675934
1.55,0.75,0.8,1.71730762069118,1.72201010904238
1.55,0.75,0.825,1.72136105385347,1.72831227551753
1.55,0.75,0.85,1.72513590056249,1.73423102376793
1.55,0.75,0.875,1.72882784723358,1.73988340432806
1.55,0.75,0.9,1.73238172934735,1.7453881809413
1.55,0.75,0.925,1.73579976227959,1.75053277642264
1.55,0.75,0.95,1.73896826424249,1.7553452762353
1.55,0.75,0.975,1.74205882426281,1.75992636565556
1.55,0.75,1,1.74502704489988,1.76438745874232
1.55,0.775,0.6,1.68691605713642,1.66628015531054
1.55,0.775,0.625,1.69204840474202,1.67457502542072
1.55,0.775,0.65,1.69717477190942,1.68278630423821
1.55,0.775,0.675,1.70215672206607,1.69082855722601
1.55,0.775,0.7,1.70698163993599,1.69862690741243
1.55,0.775,0.725,1.71167079522181,1.70614729710727
1.55,0.775,0.75,1.71626326908187,1.71340905480393
1.55,0.775,0.775,1.72070391376714,1.72033045144151
1.55,0.775,0.8,1.72483794284941,1.72706214484331
1.55,0.775,0.825,1.72889793897301,1.73335366105769
1.55,0.775,0.85,1.73280092072482,1.73938194614584
1.55,0.775,0.875,1.73655132886474,1.74512325277471
1.55,0.775,0.9,1.74008810469875,1.75058564074226
1.55,0.775,0.925,1.74349561766746,1.75571316677594
1.55,0.775,0.95,1.74676017442922,1.76060515142423
1.55,0.775,0.975,1.74988917807924,1.76524994241506
1.55,0.775,1,1.75283549705865,1.76966596157937
1.55,0.8,0.6,1.69326804426099,1.67043589789728
1.55,0.8,0.625,1.69858898350458,1.67889676455028
1.55,0.8,0.65,1.70376632729529,1.68717458455692
1.55,0.8,0.675,1.70878980649153,1.69524104051201
1.55,0.8,0.7,1.71377262824496,1.70316025767662
1.55,0.8,0.725,1.71859147230297,1.71079517067177
1.55,0.8,0.75,1.72320205260703,1.71808490846464
1.55,0.8,0.775,1.72760590719498,1.72504264698176
1.55,0.8,0.8,1.73195806369483,1.73173221296129
1.55,0.8,0.825,1.73604488216687,1.73817786666983
1.55,0.8,0.85,1.73991461648375,1.74419475527081
1.55,0.8,0.875,1.74369074126994,1.74992801312251
1.55,0.8,0.9,1.74729028183278,1.75545098296143
1.55,0.8,0.925,1.75077674040716,1.76062624628497
1.55,0.8,0.95,1.75400142945357,1.76550112851209
1.55,0.8,0.975,1.7571435952978,1.77013121278165
1.55,0.8,1,1.76013443672042,1.77459254363369
1.55,0.825,0.6,1.69945994541053,1.67428332822019
1.55,0.825,0.625,1.70484149719388,1.68281511302903
1.55,0.825,0.65,1.71017936937952,1.69123146172604
1.55,0.825,0.675,1.7153473832632,1.69945662345164
1.55,0.825,0.7,1.72034696071141,1.70741585817373
1.55,0.825,0.725,1.72518699777148,1.71507586282346
1.55,0.825,0.75,1.72990216474498,1.72245546335291
1.55,0.825,0.775,1.73440867887527,1.729521027887
1.55,0.825,0.8,1.73870704609183,1.73627584434965
1.55,0.825,0.825,1.74291834635973,1.74258351098422
1.55,0.825,0.85,1.74681162442125,1.74875534113408
1.55,0.825,0.875,1.75062766764182,1.75454551931382
1.55,0.825,0.9,1.75422493155364,1.76005192970175
1.55,0.825,0.925,1.75768725383314,1.76521902886292
1.55,0.825,0.95,1.76099275415153,1.77014348033227
1.55,0.825,0.975,1.76415674556842,1.77481597548126
1.55,0.825,1,1.76713880558581,1.77925489252815
1.55,0.85,0.6,1.70516598961966,1.67804993382599
1.55,0.85,0.625,1.71070827437412,1.68672415654884
1.55,0.85,0.65,1.71608193555878,1.69519598238628
1.55,0.85,0.675,1.72127601425835,1.703437073483
1.55,0.85,0.7,1.72641037130076,1.71149714980843
1.55,0.85,0.725,1.73135981482309,1.71925278609835
1.55,0.85,0.75,1.73608483403639,1.72665170558538
1.55,0.85,0.775,1.74058718179439,1.73370787778181
1.55,0.85,0.8,1.74495919159928,1.74053648625866
1.55,0.85,0.825,1.74920218636979,1.74696349593979
1.55,0.85,0.85,1.75319430823965,1.75298733857967
1.55,0.85,0.875,1.75695547457019,1.75883929820759
1.55,0.85,0.9,1.76060576930306,1.76439609000792
1.55,0.85,0.925,1.76413490862841,1.76960194431442
1.55,0.85,0.95,1.76740073898392,1.77450883857573
1.55,0.85,0.975,1.77057232398743,1.779166024552
1.55,0.85,1,1.77359172541405,1.7836433257903
1.55,0.875,0.6,1.71072138614705,1.68153911509367
1.55,0.875,0.625,1.71630797376443,1.69027106710011
1.55,0.875,0.65,1.72181767412095,1.69885897077672
1.55,0.875,0.675,1.727135489299,1.70723589116258
1.55,0.875,0.7,1.73227507394775,1.71532706129623
1.55,0.875,0.725,1.73723538945483,1.72310030975797
1.55,0.875,0.75,1.74204790690455,1.73057351667698
1.55,0.875,0.775,1.74663783492842,1.737721243422
1.55,0.875,0.8,1.75101148635706,1.74454734651439
1.55,0.875,0.825,1.75523134887137,1.75097665174992
1.55,0.875,0.85,1.75926083802613,1.75711480656229
1.55,0.875,0.875,1.76316759189406,1.76290093388394
1.55,0.875,0.9,1.76674391534497,1.76850697930119
1.55,0.875,0.925,1.77024989653796,1.77370122959145
1.55,0.875,0.95,1.77358579288708,1.77864915767838
1.55,0.875,0.975,1.77677490241497,1.78334179115227
1.55,0.875,1,1.77978282480519,1.78779704009898
1.55,0.9,0.6,1.71583477990152,1.68495389869604
1.55,0.9,0.625,1.72155889335386,1.69380771527948
1.55,0.9,0.65,1.72709275775024,1.70244138631717
1.55,0.9,0.675,1.73242509232967,1.7108276244966
1.55,0.9,0.7,1.73768054231718,1.71900319430901
1.55,0.9,0.725,1.74273363137155,1.72685699587688
1.55,0.9,0.75,1.74754903587997,1.73434408488749
1.55,0.9,0.775,1.75212922307866,1.74147928207648
1.55,0.9,0.8,1.75656746763924,1.7483656371936
1.55,0.9,0.825,1.76086507396559,1.75484457505417
1.55,0.9,0.85,1.76485312856242,1.7609732746432
1.55,0.9,0.875,1.76872194168458,1.76679691667364
1.55,0.9,0.9,1.7724871628532,1.77230197425072
1.55,0.9,0.925,1.77595833883388,1.77762013874296
1.55,0.9,0.95,1.7792575643993,1.78254890242463
1.55,0.9,0.975,1.78245054468995,1.78722612113464
1.55,0.9,1,1.78549039486676,1.79171427373259
1.55,0.925,0.6,1.72081384513173,1.68811191423913
1.55,0.925,0.625,1.72656955351489,1.6970138303691
1.55,0.925,0.65,1.73221939699721,1.70574616835376
1.55,0.925,0.675,1.73765840971145,1.71424997881692
1.55,0.925,0.7,1.74291079128652,1.72245038822673
1.55,0.925,0.725,1.74796728716135,1.73031677054886
1.55,0.925,0.75,1.75285662225738,1.73786620890341
1.55,0.925,0.775,1.75751208420481,1.74508027917864
1.55,0.925,0.8,1.7619465593963,1.75196138320338
1.55,0.925,0.825,1.7662201625658,1.75843930788994
1.55,0.925,0.85,1.77028801787663,1.76461856984526
1.55,0.925,0.875,1.77417951391077,1.77048630136869
1.55,0.925,0.9,1.77785841512255,1.77604969672917
1.55,0.925,0.925,1.78145524943263,1.78120682608727
1.55,0.925,0.95,1.78473248688199,1.7862533605623
1.55,0.925,0.975,1.787942583291,1.79095795497685
1.55,0.925,1,1.7909698376801,1.79542446354779
1.55,0.95,0.6,1.72539465181775,1.69121235988243
1.55,0.95,0.625,1.73126861395484,1.70021803145487
1.55,0.95,0.65,1.73693383315983,1.70898823108731
1.55,0.95,0.675,1.7423787889687,1.71749648332352
1.55,0.95,0.7,1.74773164303919,1.7257672810495
1.55,0.95,0.725,1.75286741793328,1.73370150746685
1.55,0.95,0.75,1.7577547155474,1.74126100589996
1.55,0.95,0.775,1.76239649277641,1.7484610587815
1.55,0.95,0.8,1.7668866092463,1.75539287958415
1.55,0.95,0.825,1.77122793072077,1.76191127918289
1.55,0.95,0.85,1.7752571576179,1.76807846970164
1.55,0.95,0.875,1.77915487324103,1.77393476605211
1.55,0.95,0.9,1.78286977130892,1.77953747245635
1.55,0.95,0.925,1.78645529604977,1.78478177152402
1.55,0.95,0.95,1.78983691192693,1.78967054430258
1.55,0.95,0.975,1.79297152097742,1.7944369382607
1.55,0.95,1,1.79602704976423,1.7989311447344
1.55,0.975,0.6,1.72985842894299,1.69406892627212
1.55,0.975,0.625,1.73575431274393,1.703115917265
1.55,0.975,0.65,1.74151914654542,1.71197062560278
1.55,0.975,0.675,1.74705688226134,1.72058131295877
1.55,0.975,0.7,1.75240078432045,1.72887293977257
1.55,0.975,0.725,1.75753475259718,1.73681666964372
1.55,0.975,0.75,1.7624851663457,1.74442887071928
1.55,0.975,0.775,1.76719237153629,1.75169729682116
1.55,0.975,0.8,1.77167497824454,1.75862273621651
1.55,0.975,0.825,1.77599117471787,1.76513938317895
1.55,0.975,0.85,1.78009017787534,1.77134975930603
1.55,0.975,0.875,1.78400714805396,1.77724333849699
1.55,0.975,0.9,1.78770874801387,1.78283012515285
1.55,0.975,0.925,1.79126568396736,1.78806832660683
1.55,0.975,0.95,1.7946396340891,1.79304801290098
1.55,0.975,0.975,1.79791119806105,1.7977152580948
1.55,0.975,1,1.80088519183401,1.8022573012873
1.55,1,0.6,1.73396477062856,1.69687985662269
1.55,1,0.625,1.73996301095414,1.70601696647031
1.55,1,0.65,1.74573668971052,1.71490434323173
1.55,1,0.675,1.75127411996753,1.72351681995433
1.55,1,0.7,1.75670594739576,1.73186816274198
1.55,1,0.725,1.76190830672533,1.73987001649811
1.55,1,0.75,1.76685329723232,1.74748992599624
1.55,1,0.775,1.77154428496093,1.75474401709295
1.55,1,0.8,1.77607527651809,1.76171291482877
1.55,1,0.825,1.78045075904417,1.76826332193407
1.55,1,0.85,1.78451251948903,1.77446164749141
1.55,1,0.875,1.78843300623913,1.78034348915055
1.55,1,0.9,1.792168029606,1.78596222650078
1.55,1,0.925,1.79576806328155,1.79122271296352
1.55,1,0.95,1.79910419086361,1.79618975842662
1.55,1,0.975,1.8023229156619,1.80089505441601
1.55,1,1,1.80531389616715,1.80546905709821
1.55,1.025,0.6,1.73797243843034,1.69947453896803
1.55,1.025,0.625,1.74398519613703,1.70864604295699
1.55,1.025,0.65,1.74984503074728,1.71760508826381
1.55,1.025,0.675,1.75546378478801,1.72630643536715
1.55,1.025,0.7,1.76088251451863,1.73467483614443
1.55,1.025,0.725,1.76607938555555,1.74268336053384
1.55,1.025,0.75,1.77107877939073,1.7503477083981
1.55,1.025,0.775,1.77582717897737,1.75766111206841
1.55,1.025,0.8,1.78034810130089,1.76462275850629
1.55,1.025,0.825,1.7846980296539,1.77117089026199
1.55,1.025,0.85,1.78882129980523,1.77740624680828
1.55,1.025,0.875,1.7927579944476,1.78332015699516
1.55,1.025,0.9,1.79647895928851,1.78892332336072
1.55,1.025,0.925,1.800052585761,1.79417663961403
1.55,1.025,0.95,1.8034355707228,1.79916974475411
1.55,1.025,0.975,1.80666326337381,1.80389855089804
1.55,1.025,1,1.80971687473437,1.80837720028088
1.55,1.05,0.6,1.74165945260073,1.70203120777292
1.55,1.05,0.625,1.74776135757625,1.7112803157224
1.55,1.05,0.65,1.75362515684316,1.72026749295232
1.55,1.05,0.675,1.7592390033428,1.72896855000948
1.55,1.05,0.7,1.76473534163573,1.73738724441441
1.55,1.05,0.725,1.76999167776299,1.74544536003215
1.55,1.05,0.75,1.77498334658678,1.75311568465177
1.55,1.05,0.775,1.77971392816944,1.76041489115698
1.55,1.05,0.8,1.78427726942467,1.76741372262369
1.55,1.05,0.825,1.7886795768461,1.77398990347687
1.55,1.05,0.85,1.79276711206885,1.78021373456016
1.55,1.05,0.875,1.79670512451824,1.78611625230837
1.55,1.05,0.9,1.80045576120479,1.79174676741239
1.55,1.05,0.925,1.8040680689973,1.79701809410812
1.55,1.05,0.95,1.80741726578128,1.80199765447129
1.55,1.05,0.975,1.81064244876813,1.80671379581751
1.55,1.05,1,1.81371546350813,1.81121606132432
1.55,1.075,0.6,1.74525453416052,1.70435273355956
1.55,1.075,0.625,1.75140422367333,1.71369050761447
1.55,1.075,0.65,1.75730555975443,1.7226908428946
1.55,1.075,0.675,1.76295655191857,1.73139568691952
1.55,1.075,0.7,1.76847478218374,1.73988159137839
1.55,1.075,0.725,1.77375654812174,1.74799433139102
1.55,1.075,0.75,1.77876616779485,1.75566397663448
1.55,1.075,0.775,1.78351701289296,1.76295532149439
1.55,1.075,0.8,1.7881021518228,1.76999801731008
1.55,1.075,0.825,1.79250491192841,1.77660516787878
1.55,1.075,0.85,1.79660617961499,1.78281704120728
1.55,1.075,0.875,1.80054935963773,1.78871311089443
1.55,1.075,0.9,1.80431293598899,1.79437207674166
1.55,1.075,0.925,1.80792175418581,1.79966291391778
1.55,1.075,0.95,1.81127863187341,1.80462967764192
1.55,1.075,0.975,1.81450503847643,1.80933817371163
1.55,1.075,1,1.81758567869156,1.81386031519663
1.55,1.1,0.6,1.74858147389905,1.70672018055214
1.55,1.1,0.625,1.75477040073995,1.71606582624269
1.55,1.1,0.65,1.760709528358,1.72513837668099
1.55,1.1,0.675,1.76638701066717,1.7339150679711
1.55,1.1,0.7,1.77193637781046,1.74239087756357
1.55,1.1,0.725,1.77723683339332,1.7504964756701
1.55,1.1,0.75,1.78226652881652,1.75820899731115
1.55,1.1,0.775,1.78702925993683,1.76554598381199
1.55,1.1,0.8,1.7916184410364,1.77256941376444
1.55,1.1,0.825,1.79604189738888,1.7791667610408
1.55,1.1,0.85,1.80015000851569,1.78541148068923
1.55,1.1,0.875,1.80410154486471,1.79133075306812
1.55,1.1,0.9,1.80786416152803,1.7969703069254
1.55,1.1,0.925,1.81148574003181,1.80224993849459
1.55,1.1,0.95,1.8148452078638,1.80723917368077
1.55,1.1,0.975,1.81807568856106,1.81196291824181
1.55,1.1,1,1.82115315920591,1.81646760376295
1.55,1.125,0.6,1.75182168435557,1.70883044978268
1.55,1.125,0.625,1.75804995216728,1.71825778459167
1.55,1.125,0.65,1.76402135140099,1.72733773580324
1.55,1.125,0.675,1.76973145097456,1.73611358363239
1.55,1.125,0.7,1.77529716438768,1.74465182224084
1.55,1.125,0.725,1.78061779656702,1.75280797049869
1.55,1.125,0.75,1.78566272944302,1.76051665881599
1.55,1.125,0.775,1.79044331738563,1.76784347862633
1.55,1.125,0.8,1.79504993221568,1.77490762508635
1.55,1.125,0.825,1.79947165937784,1.78153427234713
1.55,1.125,0.85,1.80359191349335,1.78776559386929
1.55,1.125,0.875,1.80754774287301,1.79367720661756
1.55,1.125,0.9,1.81132044929063,1.79934332003146
1.55,1.125,0.925,1.81493738798964,1.80464167693842
1.55,1.125,0.95,1.81830376728692,1.80961745211431
1.55,1.125,0.975,1.82153525433743,1.81433295148951
1.55,1.125,1,1.82461872550132,1.81885599018836
1.55,1.15,0.6,1.75482140060484,1.71099011992356
1.55,1.15,0.625,1.76108393762602,1.72042048403841
1.55,1.15,0.65,1.76708664151778,1.7295679151989
1.55,1.15,0.675,1.7728175213673,1.73841070971689
1.55,1.15,0.7,1.77841094651247,1.7469356709933
1.55,1.15,0.725,1.78374776688846,1.75508195825698
1.55,1.15,0.75,1.78880878823441,1.76283070896441
1.55,1.15,0.775,1.79359783283644,1.77020009621249
1.55,1.15,0.8,1.79820779097909,1.77724397753152
1.55,1.15,0.825,1.80264811147725,1.78385885438401
1.55,1.15,0.85,1.80677278375628,1.79012114699186
1.55,1.15,0.875,1.81073484732472,1.79605435002119
1.55,1.15,0.9,1.81450663310401,1.80170084105394
1.55,1.15,0.925,1.81813517606325,1.8069868635615
1.55,1.15,0.95,1.82150262597852,1.81198393863889
1.55,1.15,0.975,1.82473686692257,1.81671368308893
1.55,1.15,1,1.82781766607325,1.82121931377479
1.55,1.175,0.6,1.75774875513925,1.71291235168819
1.55,1.175,0.625,1.76404372398397,1.72241843976748
1.55,1.175,0.65,1.77007442245051,1.73156847635407
1.55,1.175,0.675,1.77583418830681,1.74040662721727
1.55,1.175,0.7,1.78143956292072,1.74898999638451
1.55,1.175,0.725,1.78679235298933,1.75718341961856
1.55,1.175,0.75,1.79186647231704,1.7649257803997
1.55,1.175,0.775,1.79667142406772,1.77228318247899
1.55,1.175,0.8,1.80129533012985,1.77936514313738
1.55,1.175,0.825,1.80573231120552,1.78600796961638
1.55,1.175,0.85,1.80986785674861,1.79225575824907
1.55,1.175,0.875,1.81383356788783,1.79818036752897
1.55,1.175,0.9,1.81761318968313,1.8038518503047
1.55,1.175,0.925,1.82123628574314,1.80915599765457
1.55,1.175,0.95,1.8246100290303,1.81413915367731
1.55,1.175,0.975,1.8278451214495,1.81886024786154
1.55,1.175,1,1.83093044949423,1.82338318846674
1.55,1.2,0.6,1.76046073395803,1.71489407934683
1.55,1.2,0.625,1.76678585759323,1.72439787026332
1.55,1.2,0.65,1.77284243493912,1.73360976886571
1.55,1.2,0.675,1.77861840841015,1.74250941346603
1.55,1.2,0.7,1.78424855849319,1.75107649402839
1.55,1.2,0.725,1.7896155243676,1.75925748870621
1.55,1.2,0.75,1.79470244593226,1.76703686405914
1.55,1.2,0.775,1.79951317287406,1.77443364934901
1.55,1.2,0.8,1.80413993938545,1.78149454243157
1.55,1.2,0.825,1.80859369388094,1.78812400963264
1.55,1.2,0.85,1.81273176100287,1.79440083165476
1.55,1.2,0.875,1.8167020041481,1.80034543148937
1.55,1.2,0.9,1.8204808119674,1.80599727230071
1.55,1.2,0.925,1.82411449769233,1.81128828571342
1.55,1.2,0.95,1.82748813139139,1.81629157003516
1.55,1.2,0.975,1.83072492641599,1.82102594722027
1.55,1.2,1,1.83380796969075,1.82553177334473
1.55,1.225,0.6,1.76311182304371,1.71664742177121
1.55,1.225,0.625,1.76946371204638,1.72622201628635
1.55,1.225,0.65,1.7755449159498,1.73543282102302
1.55,1.225,0.675,1.78134682558267,1.74432490982975
1.55,1.225,0.7,1.78698536638278,1.75294706453791
1.55,1.225,0.725,1.79236487929382,1.76117236533672
1.55,1.225,0.75,1.79746328304202,1.76894341521185
1.55,1.225,0.775,1.8022884243155,1.77632688217391
1.55,1.225,0.8,1.80692627775351,1.78342362769893
1.55,1.225,0.825,1.81137543942373,1.79007994300145
1.55,1.225,0.85,1.81552344249863,1.79634147975793
1.55,1.225,0.875,1.81949690647108,1.80227682728647
1.55,1.225,0.9,1.82328169775013,1.80795232273078
1.55,1.225,0.925,1.82690931797377,1.81326097491165
1.55,1.225,0.95,1.8302888220815,1.81825006092968
1.55,1.225,0.975,1.83352641815102,1.82297554136512
1.55,1.225,1,1.83661275181311,1.82749780576405
1.55,1.25,0.6,1.76556974692991,1.71846868367654
1.55,1.25,0.625,1.77194839784179,1.72803670897627
1.55,1.25,0.65,1.77805092509156,1.73730504043027
1.55,1.25,0.675,1.78386518159023,1.74625437663987
1.55,1.25,0.7,1.78952619315987,1.75485773369788
1.55,1.25,0.725,1.79491830798905,1.76306850514246
1.55,1.25,0.75,1.80002681268671,1.770874223362
1.55,1.25,0.775,1.80485549748446,1.77829458199859
1.55,1.25,0.8,1.80949591609016,1.78536962747788
1.55,1.25,0.825,1.81396046441022,1.79201119141366
1.55,1.25,0.85,1.81810942121612,1.79830028156139
1.55,1.25,0.875,1.82208604364415,1.80425437339808
1.55,1.25,0.9,1.82587019507941,1.80991023126268
1.55,1.25,0.925,1.82950766236356,1.81520502660174
1.55,1.25,0.95,1.83288608677495,1.82021335425299
1.55,1.25,0.975,1.83612453997809,1.82495138265851
1.55,1.25,1,1.83920896186491,1.8294568093678
1.55,1.275,0.6,1.76797664642668,1.72007198235095
1.55,1.275,0.625,1.7743773619597,1.72970639555384
1.55,1.275,0.65,1.78050173113001,1.73897040916238
1.55,1.275,0.675,1.78633943282942,1.74790969518209
1.55,1.275,0.7,1.79200599180487,1.75656518937302
1.55,1.275,0.725,1.79740787796055,1.76481779062198
1.55,1.275,0.75,1.80252656485758,1.77261356204498
1.55,1.275,0.775,1.80736841682154,1.78001952125171
1.55,1.275,0.8,1.81201760942731,1.78712848448727
1.55,1.275,0.825,1.81647665105343,1.79379595395589
1.55,1.275,0.85,1.82063476818324,1.800069154255
1.55,1.275,0.875,1.82461429245351,1.80601347977597
1.55,1.275,0.9,1.82840294948275,1.81169184073171
1.55,1.275,0.925,1.83203394247167,1.81700386977685
1.55,1.275,0.95,1.83541788799264,1.82199781687705
1.55,1.275,0.975,1.83865712583416,1.82672678139129
1.55,1.275,1,1.8417438565621,1.83124790567063
1.55,1.3,0.6,1.7702456196912,1.72171062800368
1.55,1.3,0.625,1.77664400952014,1.73132450024397
1.55,1.3,0.65,1.78281154390501,1.74064978410337
1.55,1.3,0.675,1.78868859058213,1.74966544694145
1.55,1.3,0.7,1.79434182861147,1.75829448608615
1.55,1.3,0.725,1.79973259175022,1.76652043148803
1.55,1.3,0.75,1.80487898731944,1.77435669364035
1.55,1.3,0.775,1.80974868092725,1.78181659124484
1.55,1.3,0.8,1.81438096491239,1.78889201503501
1.55,1.3,0.825,1.81882683385852,1.79553793406335
1.55,1.3,0.85,1.82301628479781,1.80184907569736
1.55,1.3,0.875,1.82700403390184,1.80782252354005
1.55,1.3,0.9,1.83077625494194,1.81346990204272
1.55,1.3,0.925,1.83439381025136,1.81876262098885
1.55,1.3,0.95,1.83780209643903,1.82378489098172
1.55,1.3,0.975,1.84104664704237,1.82853550794641
1.55,1.3,1,1.84411860222196,1.83302925009065
1.55,1.325,0.6,1.77240053923405,1.7232197659119
1.55,1.325,0.625,1.77884334744251,1.73290643879405
1.55,1.325,0.65,1.78500486807987,1.74221678489728
1.55,1.325,0.675,1.79087327688422,1.75119715312517
1.55,1.325,0.7,1.79656352537264,1.75988146610905
1.55,1.325,0.725,1.80198421276834,1.76815756898433
1.55,1.325,0.75,1.80711996975335,1.77597452217976
1.55,1.325,0.775,1.81197582791724,1.78339976981172
1.55,1.325,0.8,1.81663424452689,1.79051891619857
1.55,1.325,0.825,1.82110122398552,1.79719572529844
1.55,1.325,0.85,1.82526766140814,1.80347870803923
1.55,1.325,0.875,1.82925194565743,1.80943047046796
1.55,1.325,0.9,1.8330434270572,1.81511086551395
1.55,1.325,0.925,1.83667681216918,1.820425467858
1.55,1.325,0.95,1.84006422640684,1.82542330577396
1.55,1.325,0.975,1.84330447894493,1.83015496616708
1.55,1.325,1,1.84639112576202,1.83467468381213
1.55,1.35,0.6,1.77446776501775,1.72472810662081
1.55,1.35,0.625,1.78090785682302,1.73439355371586
1.55,1.35,0.65,1.78710765692215,1.74376070254176
1.55,1.35,0.675,1.79301124810936,1.75281197350682
1.55,1.35,0.7,1.79868853861461,1.76147010072279
1.55,1.35,0.725,1.80409868183154,1.76972004509002
1.55,1.35,0.75,1.8092589865077,1.77757459054951
1.55,1.35,0.775,1.81413979656086,1.78504992167764
1.55,1.35,0.8,1.8187824010787,1.792136894416
1.55,1.35,0.825,1.82323690927298,1.79879267380046
1.55,1.35,0.85,1.82743160494186,1.80511102303123
1.55,1.35,0.875,1.83142298525434,1.81108978232522
1.55,1.35,0.9,1.83519919982421,1.81674074414766
1.55,1.35,0.925,1.83881999706921,1.82203669180784
1.55,1.35,0.95,1.84222941853799,1.82706097290604
1.55,1.35,0.975,1.84547425957219,1.83181273977101
1.55,1.35,1,1.84854722532453,1.83630659334039
1.55,1.375,0.6,1.77643250652381,1.72611401846087
1.55,1.375,0.625,1.782911912919,1.73584734046728
1.55,1.375,0.65,1.78910562545771,1.74519920595226
1.55,1.375,0.675,1.79500045189408,1.75421630392509
1.55,1.375,0.7,1.80071101367214,1.76292596521354
1.55,1.375,0.725,1.80614766412149,1.7712226760357
1.55,1.375,0.75,1.81129787584663,1.77905831225377
1.55,1.375,0.775,1.8161654654657,1.78650055841828
1.55,1.375,0.8,1.82083146963027,1.79362832088776
1.55,1.375,0.825,1.82530496691834,1.80031300569109
1.55,1.375,0.85,1.82947821917499,1.8066044619197
1.55,1.375,0.875,1.83346623005295,1.81256256471195
1.55,1.375,0.9,1.83725977265635,1.81824434489002
1.55,1.375,0.925,1.84089489187966,1.82356084181381
1.55,1.375,0.95,1.84428495583427,1.82856191914039
1.55,1.375,0.975,1.84752573626838,1.83329573051898
1.55,1.375,1,1.85061197997797,1.8378138376652
1.55,1.4,0.6,1.77832090053911,1.72750857283371
1.55,1.4,0.625,1.7847973210772,1.73721959129466
1.55,1.4,0.65,1.79102506912933,1.74662364090927
1.55,1.4,0.675,1.79695153726502,1.75570623879366
1.55,1.4,0.7,1.80264947259819,1.76438984402877
1.55,1.4,0.725,1.80807614474061,1.77266074931507
1.55,1.4,0.75,1.81324817536857,1.78053113904665
1.55,1.4,0.775,1.8181382733047,1.78801979671644
1.55,1.4,0.8,1.82278947852294,1.79511662629567
1.55,1.4,0.825,1.82725111141129,1.80178078827741
1.55,1.4,0.85,1.83144999067837,1.80810517405019
1.55,1.4,0.875,1.83544414687749,1.81408828944825
1.55,1.4,0.9,1.83922348226001,1.81974207975834
1.55,1.4,0.925,1.84284674753313,1.82504057373936
1.55,1.4,0.95,1.84625682394453,1.83006633734624
1.55,1.4,0.975,1.84950158799992,1.83481883007898
1.55,1.4,1,1.85257513339714,1.83931249083754
1.55,1.425,0.6,1.78011650810875,1.72878465380267
1.55,1.425,0.625,1.78662783848041,1.73855900173567
1.55,1.425,0.65,1.7928495787687,1.74794732269171
1.55,1.425,0.675,1.79876734018247,1.75699666101088
1.55,1.425,0.7,1.80449526846107,1.76572848605091
1.55,1.425,0.725,1.80994548760127,1.77404312637808
1.55,1.425,0.75,1.81510799671354,1.78189493932343
1.55,1.425,0.775,1.8199855307772,1.78935189980504
1.55,1.425,0.8,1.8246577560363,1.79648691250305
1.55,1.425,0.825,1.82913650498226,1.80317827288197
1.55,1.425,0.85,1.83331541179452,1.80947689178168
1.55,1.425,0.875,1.83730633383885,1.81544028489144
1.55,1.425,0.9,1.84110130944943,1.82112294630835
1.55,1.425,0.925,1.8447375571663,1.82644085331614
1.55,1.425,0.95,1.84812967270528,1.83144451244664
1.55,1.425,0.975,1.85137062048555,1.83617996071777
1.55,1.425,1,1.85445620587669,1.8406963478109
1.55,1.45,0.6,1.781845519952,1.73007581335744
1.55,1.45,0.625,1.78835373761802,1.73982716485171
1.55,1.45,0.65,1.79460581293761,1.74926381718803
1.55,1.45,0.675,1.80055209546403,1.75837405521793
1.55,1.45,0.7,1.80626783692101,1.76708004983323
1.55,1.45,0.725,1.81170867403168,1.77536932675175
1.55,1.45,0.75,1.81689063580964,1.78325349435434
1.55,1.45,0.775,1.82178852623345,1.79075369843805
1.55,1.45,0.8,1.82644692642253,1.79785896776494
1.55,1.45,0.825,1.83091445192437,1.80453027706667
1.55,1.45,0.85,1.83511666472624,1.81085972675294
1.55,1.45,0.875,1.83911292025271,1.81684641105142
1.55,1.45,0.9,1.84289468081329,1.82250241696285
1.55,1.45,0.925,1.84651980097422,1.82780290260667
1.55,1.45,0.95,1.84993016533156,1.83282972385043
1.55,1.45,0.975,1.8531745800321,1.83758260661349
1.55,1.45,1,1.85624837451919,1.84207584404807
1.55,1.475,0.6,1.78349054265056,1.73125514186287
1.55,1.475,0.625,1.79002980964016,1.74106529882715
1.55,1.475,0.65,1.79627596115541,1.75048565540715
1.55,1.475,0.675,1.80221358094674,1.75956338091915
1.55,1.475,0.7,1.80795649283692,1.76831434768004
1.55,1.475,0.725,1.8134183108815,1.77664442984255
1.55,1.475,0.75,1.81859128288414,1.78451030168961
1.55,1.475,0.775,1.82347718623624,1.79198008507623
1.55,1.475,0.8,1.82815454044686,1.79912106704026
1.55,1.475,0.825,1.83263760066001,1.80581792485517
1.55,1.475,0.85,1.83682114074919,1.81212267456437
1.55,1.475,0.875,1.84081429701071,1.81809050317109
1.55,1.475,0.9,1.84461023533661,1.82377355937928
1.55,1.475,0.925,1.84824721369947,1.82909236734373
1.55,1.475,0.95,1.85164084726981,1.83409812930856
1.55,1.475,0.975,1.8548816721636,1.83883481946373
1.55,1.475,1,1.85796643436945,1.84334936685322
1.55,1.5,0.6,1.78507692987071,1.732450781872
1.55,1.5,0.625,1.79161310566283,1.74223787612572
1.55,1.5,0.65,1.79788645756715,1.75170339588524
1.55,1.5,0.675,1.80384998494641,1.76083808852126
1.55,1.5,0.7,1.80958115663376,1.76956382096697
1.55,1.5,0.725,1.81503418923682,1.777869254465
1.55,1.5,0.75,1.82022459950011,1.78576544277254
1.55,1.5,0.775,1.82512905369895,1.7932756833484
1.55,1.5,0.8,1.82979349452282,1.80038820066263
1.55,1.5,0.825,1.83426590587467,1.80706562022918
1.55,1.5,0.85,1.83847076871075,1.81339932270287
1.55,1.5,0.875,1.8424685870599,1.81938892485849
1.55,1.5,0.9,1.84625221661798,1.82504664703162
1.55,1.5,0.925,1.84987870474196,1.83034867187914
1.55,1.5,0.95,1.85328907743314,1.83537620847272
1.55,1.5,0.975,1.85653294286241,1.84012921520252
1.55,1.5,1,1.85960673373809,1.84462185566167
1.575,0.75,0.6,1.67416562603952,1.6562755344952
1.575,0.75,0.625,1.67909562945486,1.66425127060829
1.575,0.75,0.65,1.68382920336601,1.67211571549017
1.575,0.75,0.675,1.68862056135753,1.67988500345432
1.575,0.75,0.7,1.69329281895413,1.68758124001033
1.575,0.75,0.725,1.69786681510319,1.69493068092899
1.575,0.75,0.75,1.70229864733363,1.70203394506707
1.575,0.75,0.775,1.70659167359222,1.70898018519014
1.575,0.75,0.8,1.71070484040485,1.71561143012245
1.575,0.75,0.825,1.71471742595639,1.72188299752981
1.575,0.75,0.85,1.7185239308228,1.72790519187202
1.575,0.75,0.875,1.72226295297893,1.73365699786348
1.575,0.75,0.9,1.7257565075562,1.73907030730936
1.575,0.75,0.925,1.72917968488739,1.74430222220151
1.575,0.75,0.95,1.73244555524127,1.74926325681353
1.575,0.75,0.975,1.73554880896842,1.75392626794273
1.575,0.75,1,1.73848142966748,1.75832821901941
1.575,0.775,0.6,1.68104789428384,1.66047653914784
1.575,0.775,0.625,1.68611311821373,1.66862093019618
1.575,0.775,0.65,1.69097928131689,1.67657622299059
1.575,0.775,0.675,1.69587417237095,1.6844262782057
1.575,0.775,0.7,1.70068707819786,1.69226643345531
1.575,0.775,0.725,1.70532734192889,1.69969403934094
1.575,0.775,0.75,1.70981729327139,1.70691467623333
1.575,0.775,0.775,1.71425666766436,1.7138524897627
1.575,0.775,0.8,1.71841609991503,1.72058903365602
1.575,0.775,0.825,1.72246606188962,1.72689807943325
1.575,0.775,0.85,1.72633686483452,1.73296194051233
1.575,0.775,0.875,1.73011298819787,1.73875701997248
1.575,0.775,0.9,1.7336421215573,1.74417886216828
1.575,0.775,0.925,1.73710450443408,1.74945706205928
1.575,0.775,0.95,1.74041290917047,1.75445851702673
1.575,0.775,0.975,1.74353493018292,1.75913082372359
1.575,0.775,1,1.74648866834787,1.76353142026729
1.575,0.8,0.6,1.68738668810488,1.66460955194351
1.575,0.8,0.625,1.69260698958895,1.6728541228491
1.575,0.8,0.65,1.69760154172362,1.68096730318865
1.575,0.8,0.675,1.70261630243243,1.68895761113765
1.575,0.8,0.7,1.70749308501882,1.69684079766575
1.575,0.8,0.725,1.71224641714956,1.70436016874045
1.575,0.8,0.75,1.7168022018709,1.71165139571926
1.575,0.8,0.775,1.72128433252802,1.71866798526679
1.575,0.8,0.8,1.72558169674589,1.72535115054745
1.575,0.8,0.825,1.72963327357596,1.73178749632836
1.575,0.8,0.85,1.73354403573115,1.73788815868379
1.575,0.8,0.875,1.73736337224497,1.74370698971565
1.575,0.8,0.9,1.74093225208541,1.74918572153544
1.575,0.8,0.925,1.74442209574784,1.75446461056471
1.575,0.8,0.95,1.74774691017528,1.75946573026245
1.575,0.8,0.975,1.75090088490275,1.76416883480789
1.575,0.8,1,1.7538795546011,1.76860863092352
1.575,0.825,0.6,1.69360949034521,1.66843058109928
1.575,0.825,0.625,1.69893812501349,1.67682389905076
1.575,0.825,0.65,1.70404301739639,1.68500726622403
1.575,0.825,0.675,1.70914149983206,1.69305974947029
1.575,0.825,0.7,1.71413249789991,1.70106788863881
1.575,0.825,0.725,1.71893584365227,1.70864957303595
1.575,0.825,0.75,1.72357088670869,1.71600285155578
1.575,0.825,0.775,1.72810110838621,1.72307942977239
1.575,0.825,0.8,1.73241174237591,1.72987115773276
1.575,0.825,0.825,1.73658770470975,1.73623722234464
1.575,0.825,0.85,1.74050297611995,1.74241605942025
1.575,0.825,0.875,1.74435039008104,1.74826748099759
1.575,0.825,0.9,1.74794717786352,1.75374728358342
1.575,0.825,0.925,1.75146499875826,1.75906586072453
1.575,0.825,0.95,1.75482151144138,1.76410140834525
1.575,0.825,0.975,1.75798825318963,1.76880824091831
1.575,0.825,1,1.76098274348652,1.77324250348175
1.575,0.85,0.6,1.69932267965632,1.67220452128891
1.575,0.85,0.625,1.70478314422202,1.68067554375527
1.575,0.85,0.65,1.70999253400432,1.68899746177895
1.575,0.85,0.675,1.71518827571081,1.69717136423207
1.575,0.85,0.7,1.72022914820865,1.7052065955606
1.575,0.85,0.725,1.7251260542612,1.7128633972741
1.575,0.85,0.75,1.72981288950196,1.72027233012206
1.575,0.85,0.775,1.73439856135275,1.72738904433415
1.575,0.85,0.8,1.73873396495488,1.73421873370548
1.575,0.85,0.825,1.74293980693141,1.74065886750889
1.575,0.85,0.85,1.74698063998677,1.74677015818173
1.575,0.85,0.875,1.75079518375451,1.75270475399908
1.575,0.85,0.9,1.75442253677888,1.75823256771298
1.575,0.85,0.925,1.75796151001145,1.7635457555661
1.575,0.85,0.95,1.76132924102723,1.7685760352514
1.575,0.85,0.975,1.76452022629602,1.77330900050236
1.575,0.85,1,1.76753228808592,1.77777756126776
1.575,0.875,0.6,1.70492343469597,1.67566697907217
1.575,0.875,0.625,1.7104701742587,1.68427064450203
1.575,0.875,0.65,1.71577160384998,1.69264623175354
1.575,0.875,0.675,1.72103530201598,1.70086773000276
1.575,0.875,0.7,1.72616901246353,1.70901315768348
1.575,0.875,0.725,1.73110299717189,1.7167208524231
1.575,0.875,0.75,1.73585390580692,1.72418064715781
1.575,0.875,0.775,1.74047652290871,1.73134608517627
1.575,0.875,0.8,1.74486925877913,1.73821760520826
1.575,0.875,0.825,1.74908904443838,1.74468309445241
1.575,0.875,0.85,1.75311659639485,1.75087306650503
1.575,0.875,0.875,1.75704532475719,1.75673995582791
1.575,0.875,0.9,1.76064921476007,1.76230945039745
1.575,0.875,0.925,1.76420959728807,1.76765613785046
1.575,0.875,0.95,1.76760145015391,1.77271626319836
1.575,0.875,0.975,1.77080138885866,1.77744879765803
1.575,0.875,1,1.77382570207321,1.78190894513641
1.575,0.9,0.6,1.71014842800661,1.6790430432777
1.575,0.9,0.625,1.71573105770501,1.68767443052041
1.575,0.9,0.65,1.72120483473048,1.69621793998512
1.575,0.9,0.675,1.7265613866419,1.7045883957025
1.575,0.9,0.7,1.73169460602444,1.71271775441587
1.575,0.9,0.725,1.73668457403939,1.72049342528193
1.575,0.9,0.75,1.74150967545163,1.72800135108989
1.575,0.9,0.775,1.74613916549882,1.73518831155732
1.575,0.9,0.8,1.75056540166673,1.74210230898587
1.575,0.9,0.825,1.75481673324095,1.7486091869892
1.575,0.9,0.85,1.75889262844929,1.7548251465599
1.575,0.9,0.875,1.7627842394505,1.76072482030803
1.575,0.9,0.9,1.76654363288053,1.76628266115597
1.575,0.9,0.925,1.77001181440323,1.77166450029826
1.575,0.9,0.95,1.77338561274601,1.77668677567565
1.575,0.9,0.975,1.7766278041597,1.78146096489387
1.575,0.9,1,1.77969893536641,1.78598372432773
1.575,0.925,0.6,1.71509117995941,1.68224405771759
1.575,0.925,0.625,1.72081813007026,1.69102599929761
1.575,0.925,0.65,1.72628172997996,1.69956359672367
1.575,0.925,0.675,1.73167992747674,1.70792640473084
1.575,0.925,0.7,1.73692835828231,1.71618497344522
1.575,0.925,0.725,1.74196713409548,1.72399657356706
1.575,0.925,0.75,1.74681046540858,1.73154326794725
1.575,0.925,0.775,1.75150575397469,1.73878013217529
1.575,0.925,0.8,1.75596388071202,1.74571448344422
1.575,0.925,0.825,1.76024157888469,1.75223509075951
1.575,0.925,0.85,1.76431962589814,1.75847107851566
1.575,0.925,0.875,1.76825529397212,1.76440505038814
1.575,0.925,0.9,1.77194086257494,1.76996828403065
1.575,0.925,0.925,1.77556459073499,1.77530419312875
1.575,0.925,0.95,1.77893523191253,1.78042962240604
1.575,0.925,0.975,1.7821629577418,1.78517849649832
1.575,0.925,1,1.78521003016608,1.7896580898989
1.575,0.95,0.6,1.71978336878943,1.685308714847
1.575,0.95,0.625,1.72553664778275,1.69411000705811
1.575,0.95,0.65,1.73114905900134,1.70279838447143
1.575,0.95,0.675,1.73662488360924,1.71129366893273
1.575,0.95,0.7,1.74186757985676,1.71953138692387
1.575,0.95,0.725,1.7469516906515,1.72740131135894
1.575,0.95,0.75,1.75185703681772,1.73498817323633
1.575,0.95,0.775,1.75655437993405,1.7422408128803
1.575,0.95,0.8,1.7610387267188,1.74921062235356
1.575,0.95,0.825,1.76534133091211,1.75576609036312
1.575,0.95,0.85,1.76946029574892,1.7620224668356
1.575,0.95,0.875,1.773386157316,1.76795705366431
1.575,0.95,0.9,1.77712279480667,1.77359537799249
1.575,0.95,0.925,1.78069153162583,1.77892951416135
1.575,0.95,0.95,1.7841538817984,1.78390844444195
1.575,0.95,0.975,1.78733225472762,1.78877928743447
1.575,0.95,1,1.79042168023638,1.79331281145184
1.575,0.975,0.6,1.72422211439954,1.68820921917336
1.575,0.975,0.625,1.73009912663355,1.697144890767
1.575,0.975,0.65,1.73569702926733,1.70582220660955
1.575,0.975,0.675,1.74120546273928,1.71430592810484
1.575,0.975,0.7,1.7465468464059,1.72265957330291
1.575,0.975,0.725,1.75167055469948,1.73055855342062
1.575,0.975,0.75,1.75658812409324,1.73817772157155
1.575,0.975,0.775,1.76134107137171,1.74547345139768
1.575,0.975,0.8,1.76585077699331,1.75245925202979
1.575,0.975,0.825,1.77017436363096,1.75902464980281
1.575,0.975,0.85,1.77429294808091,1.7652966738446
1.575,0.975,0.875,1.77825766133592,1.77125918610372
1.575,0.975,0.9,1.78197166643323,1.77685363566586
1.575,0.975,0.925,1.78558361892199,1.78224091650562
1.575,0.975,0.95,1.78902277654992,1.78733057871262
1.575,0.975,0.975,1.79229636599446,1.79206718042644
1.575,0.975,1,1.79531569766161,1.79660691763663
1.575,1,0.6,1.72843893906841,1.69100091348384
1.575,1,0.625,1.73433471662102,1.69994808683866
1.575,1,0.65,1.74006182360374,1.70876008382124
1.575,1,0.675,1.74563550087343,1.71736117607563
1.575,1,0.7,1.75096770432048,1.72569003935455
1.575,1,0.725,1.75612820808696,1.73363890000684
1.575,1,0.75,1.76109813399584,1.74129137274434
1.575,1,0.775,1.76584969319057,1.74859816531778
1.575,1,0.8,1.77038013555736,1.75561356020346
1.575,1,0.825,1.77472329648967,1.76220850671627
1.575,1,0.85,1.77887633220016,1.76849703301305
1.575,1,0.875,1.78283030847383,1.77445777921577
1.575,1,0.9,1.78658863957077,1.7801193226318
1.575,1,0.925,1.79017762915898,1.78547400176798
1.575,1,0.95,1.79359485152599,1.79053268422732
1.575,1,0.975,1.79686812781419,1.79533295936963
1.575,1,1,1.8000194772702,1.79982603559986
1.575,1.025,0.6,1.73242880701314,1.69363370777798
1.575,1.025,0.625,1.73843108553319,1.70270135945765
1.575,1.025,0.65,1.74414109278907,1.71149797046751
1.575,1.025,0.675,1.74974049027292,1.72008437334349
1.575,1.025,0.7,1.75515774540154,1.72851780459387
1.575,1.025,0.725,1.7603505937023,1.73649025316328
1.575,1.025,0.75,1.7653283306764,1.7441698038626
1.575,1.025,0.775,1.77012722849677,1.75151411536085
1.575,1.025,0.8,1.77467803408255,1.75854212559547
1.575,1.025,0.825,1.77903791905926,1.76514430576565
1.575,1.025,0.85,1.78318857932337,1.77144540671492
1.575,1.025,0.875,1.78717577073158,1.77743040063658
1.575,1.025,0.9,1.79091275285298,1.78304937035243
1.575,1.025,0.925,1.79454082058867,1.78845045518284
1.575,1.025,0.95,1.79799122741954,1.79355327621557
1.575,1.025,0.975,1.80124615335238,1.79833414829572
1.575,1.025,1,1.80432185133307,1.80284255284229
1.575,1.05,0.6,1.73622320075279,1.6961785215535
1.575,1.05,0.625,1.74223862695147,1.70525156329419
1.575,1.05,0.65,1.74806123903115,1.71416965600576
1.575,1.05,0.675,1.75371576432762,1.72286101773191
1.575,1.05,0.7,1.75912168181644,1.73126710968358
1.575,1.05,0.725,1.76434465973288,1.73928259180999
1.575,1.05,0.75,1.76936697231718,1.74699006147044
1.575,1.05,0.775,1.77416220406443,1.75434190941146
1.575,1.05,0.8,1.77872948042148,1.76139491867943
1.575,1.05,0.825,1.78310491158157,1.76802233032253
1.575,1.05,0.85,1.78728483172734,1.7743369737695
1.575,1.05,0.875,1.79126085548548,1.78031863811099
1.575,1.05,0.9,1.79503612372411,1.78599848510572
1.575,1.05,0.925,1.79864244342625,1.79136756148706
1.575,1.05,0.95,1.80207358588991,1.79643902647158
1.575,1.05,0.975,1.80535413760374,1.8012501078634
1.575,1.05,1,1.80845882155348,1.80580575562365
1.575,1.075,0.6,1.73974361471448,1.69864007067185
1.575,1.075,0.625,1.7458698095597,1.70778522020477
1.575,1.075,0.65,1.75166753804222,1.71672189628247
1.575,1.075,0.675,1.7573454983867,1.7254251899691
1.575,1.075,0.7,1.76281510464532,1.73388476089512
1.575,1.075,0.725,1.76808126873245,1.74192354614412
1.575,1.075,0.75,1.7731012278196,1.74965243767786
1.575,1.075,0.775,1.7779439148972,1.75703093348228
1.575,1.075,0.8,1.78251580072175,1.76408944956938
1.575,1.075,0.825,1.78691794112723,1.77072540672301
1.575,1.075,0.85,1.79108851712442,1.77704992060099
1.575,1.075,0.875,1.7950990685978,1.78304666319826
1.575,1.075,0.9,1.79885105335935,1.78870699240794
1.575,1.075,0.925,1.80249554217415,1.79409726826983
1.575,1.075,0.95,1.80595445821532,1.79919085070872
1.575,1.075,0.975,1.80922122043838,1.8039935895583
1.575,1.075,1,1.8123023625864,1.80853060611321
1.575,1.1,0.6,1.7432356417459,1.70089578624876
1.575,1.1,0.625,1.74935211928305,1.71007796016316
1.575,1.1,0.65,1.75525478403735,1.7190876100725
1.575,1.1,0.675,1.76097658195753,1.72785645401686
1.575,1.1,0.7,1.76644364564168,1.73632842543144
1.575,1.1,0.725,1.77171810441104,1.74440053234546
1.575,1.1,0.75,1.77678324139864,1.75215444851081
1.575,1.1,0.775,1.78161393132817,1.75954407742671
1.575,1.1,0.8,1.78621086421688,1.7666283801425
1.575,1.1,0.825,1.79061215993492,1.77328271998523
1.575,1.1,0.85,1.79481341141793,1.77961879194439
1.575,1.1,0.875,1.79880676313008,1.78561739905848
1.575,1.1,0.9,1.80259510784126,1.79131201611853
1.575,1.1,0.925,1.80621503088004,1.79669230979459
1.575,1.1,0.95,1.80965735293864,1.80177329203946
1.575,1.1,0.975,1.81294449297777,1.80659120703583
1.575,1.1,1,1.81605405787557,1.8111537347671
1.575,1.125,0.6,1.74641017941555,1.70314434976511
1.575,1.125,0.625,1.75262500450515,1.71238811169693
1.575,1.125,0.65,1.75850148669189,1.72141346169581
1.575,1.125,0.675,1.76424146144005,1.73019207198684
1.575,1.125,0.7,1.76976470920938,1.73871023211884
1.575,1.125,0.725,1.77507649523012,1.74680143109738
1.575,1.125,0.75,1.78013743920837,1.75457329352147
1.575,1.125,0.775,1.78500976269469,1.76198591540377
1.575,1.125,0.8,1.78960924153612,1.76907400848398
1.575,1.125,0.825,1.79403361345736,1.77573470466448
1.575,1.125,0.85,1.79822507415596,1.7820787757419
1.575,1.125,0.875,1.80224883384677,1.78809024362336
1.575,1.125,0.9,1.80601453766432,1.79376669356359
1.575,1.125,0.925,1.80966892938082,1.79916493905603
1.575,1.125,0.95,1.81313600660598,1.80426494523845
1.575,1.125,0.975,1.81640984545388,1.80907497128162
1.575,1.125,1,1.8194973751526,1.81361994173545
1.575,1.15,0.6,1.74956573692583,1.7052018162245
1.575,1.15,0.625,1.75576804184754,1.71447901871393
1.575,1.15,0.65,1.76173823287158,1.72356806348986
1.575,1.15,0.675,1.7675163832734,1.73240377006957
1.575,1.15,0.7,1.77303451231609,1.74093227443586
1.575,1.15,0.725,1.778351693531,1.74905280810215
1.575,1.15,0.75,1.7834520880424,1.75684620562072
1.575,1.15,0.775,1.78831177593316,1.76426772906487
1.575,1.15,0.8,1.79293275293612,1.77137824620856
1.575,1.15,0.825,1.79735492062948,1.77805507827523
1.575,1.15,0.85,1.80157319572228,1.78440885885094
1.575,1.15,0.875,1.80558022978175,1.79042128920005
1.575,1.15,0.9,1.80937868025254,1.79612792520582
1.575,1.15,0.925,1.8130092376683,1.80151708337154
1.575,1.15,0.95,1.81646024595941,1.80660546970225
1.575,1.15,0.975,1.81975221445193,1.81142846656868
1.575,1.15,1,1.82286545376074,1.81599596055183
1.575,1.175,0.6,1.75243443151927,1.70726298127203
1.575,1.175,0.625,1.75872465760659,1.71659210674025
1.575,1.175,0.65,1.76466799641853,1.72569435229331
1.575,1.175,0.675,1.77046015082417,1.73453792762234
1.575,1.175,0.7,1.77602817398582,1.74310599556723
1.575,1.175,0.725,1.78137796906906,1.75124194952842
1.575,1.175,0.75,1.78647283465472,1.75905027658851
1.575,1.175,0.775,1.79136936409732,1.76649157395724
1.575,1.175,0.8,1.79599128219607,1.77360444564929
1.575,1.175,0.825,1.80043363931823,1.78028579338103
1.575,1.175,0.85,1.80464190660068,1.78664601283452
1.575,1.175,0.875,1.8086759545561,1.79266939534114
1.575,1.175,0.9,1.81245249838908,1.79835925145727
1.575,1.175,0.925,1.81611440859476,1.80376349869075
1.575,1.175,0.95,1.81958759194528,1.80886822987234
1.575,1.175,0.975,1.82286672991383,1.81368397136732
1.575,1.175,1,1.8259590730537,1.81823530525415
1.575,1.2,0.6,1.75529239895895,1.70914029262245
1.575,1.2,0.625,1.76156806685422,1.7185005962177
1.575,1.2,0.65,1.76759561398245,1.72765881607043
1.575,1.2,0.675,1.77342131012204,1.7365525191741
1.575,1.2,0.7,1.77898239200426,1.74512980973385
1.575,1.2,0.725,1.78433528949426,1.75329199939155
1.575,1.2,0.75,1.78946492588032,1.76111916022065
1.575,1.2,0.775,1.79434850458356,1.7685677749659
1.575,1.2,0.8,1.79898911380137,1.77570038745928
1.575,1.2,0.825,1.80342824065855,1.78239612222244
1.575,1.2,0.85,1.80766018243999,1.78876462543605
1.575,1.2,0.875,1.81167807462875,1.79478839609454
1.575,1.2,0.9,1.81548435117335,1.80050486519886
1.575,1.2,0.925,1.81912323363038,1.80590106265084
1.575,1.2,0.95,1.82258095837154,1.81099526018025
1.575,1.2,0.975,1.82587635886842,1.8158220690619
1.575,1.2,1,1.82899212100674,1.82039331380406
1.575,1.225,0.6,1.75789018411344,1.71102826759201
1.575,1.225,0.625,1.76424490483835,1.72043328316895
1.575,1.225,0.65,1.77024540818474,1.72960343380998
1.575,1.225,0.675,1.77608184171094,1.73850417133394
1.575,1.225,0.7,1.78168754758729,1.74711601722314
1.575,1.225,0.725,1.78706916605151,1.75529102115014
1.575,1.225,0.75,1.79219238048335,1.76313098169081
1.575,1.225,0.775,1.79710880136121,1.77059696709693
1.575,1.225,0.8,1.80174919027034,1.77773105084785
1.575,1.225,0.825,1.80620614792778,1.78443000658113
1.575,1.225,0.85,1.81042807225778,1.79080384136549
1.575,1.225,0.875,1.81447014505001,1.79683709606054
1.575,1.225,0.9,1.81825532474085,1.80253815672861
1.575,1.225,0.925,1.82192292901014,1.8079471567213
1.575,1.225,0.95,1.82540066297324,1.81305554166152
1.575,1.225,0.975,1.82868373719904,1.81787573167713
1.575,1.225,1,1.83177966364127,1.8224321700513
1.575,1.25,0.6,1.7604762780631,1.71272334262396
1.575,1.25,0.625,1.76684264097116,1.72219874015401
1.575,1.25,0.65,1.77287528607384,1.73136350881094
1.575,1.25,0.675,1.77873166783518,1.74026198059867
1.575,1.25,0.7,1.78435867405839,1.74893098201012
1.575,1.25,0.725,1.78974191197449,1.75712106596285
1.575,1.25,0.75,1.7948820622156,1.76497651807356
1.575,1.25,0.775,1.79980213494647,1.7724589564796
1.575,1.25,0.8,1.80445922424311,1.77960551220176
1.575,1.25,0.825,1.80891270049041,1.78631057323782
1.575,1.25,0.85,1.81314418236457,1.79269075256185
1.575,1.25,0.875,1.8171853604666,1.79873386693843
1.575,1.25,0.9,1.82097833287856,1.80441986162388
1.575,1.25,0.925,1.82464351100077,1.80985108154331
1.575,1.25,0.95,1.82812268225586,1.81497749151595
1.575,1.25,0.975,1.83140713980716,1.81978798198604
1.575,1.25,1,1.83450790073362,1.82433062253054
1.575,1.275,0.6,1.76284336442526,1.71448598510289
1.575,1.275,0.625,1.76925358211848,1.72395701919963
1.575,1.275,0.65,1.77530317633059,1.73318638572276
1.575,1.275,0.675,1.78117733270261,1.74213676295192
1.575,1.275,0.7,1.78681489064111,1.75078618798827
1.575,1.275,0.725,1.79222335880975,1.75899482063072
1.575,1.275,0.75,1.79737032925454,1.76686187233104
1.575,1.275,0.775,1.802303201527,1.77434878624132
1.575,1.275,0.8,1.8069587859845,1.78150081051806
1.575,1.275,0.825,1.81142768696936,1.78821460235275
1.575,1.275,0.85,1.81566071164739,1.7945997801384
1.575,1.275,0.875,1.81970905732721,1.80064106670774
1.575,1.275,0.9,1.82350110440987,1.80635152967362
1.575,1.275,0.925,1.82717298612801,1.81176405646317
1.575,1.275,0.95,1.83065404452559,1.8168750664829
1.575,1.275,0.975,1.83394000473317,1.82169873895694
1.575,1.275,1,1.83703854557005,1.826259315719
1.575,1.3,0.6,1.7651960983997,1.71603791962543
1.575,1.3,0.625,1.77161444416444,1.7255754511319
1.575,1.3,0.65,1.7776930798511,1.73479643048721
1.575,1.3,0.675,1.78358499401576,1.7437421364463
1.575,1.3,0.7,1.78924017486421,1.75244540042813
1.575,1.3,0.725,1.79464905680851,1.7606674422784
1.575,1.3,0.75,1.79981067974228,1.76854818819319
1.575,1.3,0.775,1.80474597376349,1.77604992241169
1.575,1.3,0.8,1.80941621689219,1.78321292784287
1.575,1.3,0.825,1.81388124558514,1.78993216960619
1.575,1.3,0.85,1.8181224943764,1.79632278655535
1.575,1.3,0.875,1.82216941092263,1.8023730465235
1.575,1.3,0.9,1.82596875793897,1.8080681943686
1.575,1.3,0.925,1.82963743049926,1.81350223194088
1.575,1.3,0.95,1.83311902530284,1.81863057717121
1.575,1.3,0.975,1.83640629563203,1.82344430083056
1.575,1.3,1,1.83950946521608,1.82799110232758
1.575,1.325,0.6,1.76735106954823,1.71766635390061
1.575,1.325,0.625,1.77380917446287,1.72719544463059
1.575,1.325,0.65,1.77990116982301,1.73647655634369
1.575,1.325,0.675,1.78580763069256,1.74547015890418
1.575,1.325,0.7,1.79147227495621,1.75415227967224
1.575,1.325,0.725,1.79690346556767,1.76239007776465
1.575,1.325,0.75,1.8020704709883,1.77028047692825
1.575,1.325,0.775,1.80701699190005,1.77778527878108
1.575,1.325,0.8,1.81168518519395,1.78495256500975
1.575,1.325,0.825,1.81616385928839,1.79167894478308
1.575,1.325,0.85,1.82040596017285,1.79807361706829
1.575,1.325,0.875,1.82445918374201,1.804121483679
1.575,1.325,0.9,1.82825672219573,1.80983975533345
1.575,1.325,0.925,1.83193176946529,1.81525498416978
1.575,1.325,0.95,1.83541521621447,1.82036792954848
1.575,1.325,0.975,1.83870324506199,1.82519422350854
1.575,1.325,1,1.84180366551355,1.82975807193654
1.575,1.35,0.6,1.76949688352566,1.719091080613
1.575,1.35,0.625,1.77596016810652,1.7286830113216
1.575,1.35,0.65,1.78207862364349,1.73795307681517
1.575,1.35,0.675,1.78800104596698,1.74693989749796
1.575,1.35,0.7,1.79368019556999,1.75567281322589
1.575,1.35,0.725,1.79911085042513,1.76392254605189
1.575,1.35,0.75,1.80429062227687,1.77182504555176
1.575,1.35,0.775,1.80923857589456,1.77934323586371
1.575,1.35,0.8,1.81391972375793,1.78652019371404
1.575,1.35,0.825,1.81839425472876,1.79325147202688
1.575,1.35,0.85,1.82264349465544,1.79965080079933
1.575,1.35,0.875,1.82669487994864,1.80570687881698
1.575,1.35,0.9,1.83049935253908,1.81140968492275
1.575,1.35,0.925,1.83417054326315,1.81684577392432
1.575,1.35,0.95,1.83765377818863,1.82197542511134
1.575,1.35,0.975,1.84094310838477,1.82679160828062
1.575,1.35,1,1.84404802571136,1.83134175699316
1.575,1.375,0.6,1.77146216314071,1.72059240525948
1.575,1.375,0.625,1.77796201018502,1.73017338953398
1.575,1.375,0.65,1.78409086183694,1.73950093727089
1.575,1.375,0.675,1.79002524185147,1.74853320544321
1.575,1.375,0.7,1.79571308789684,1.75724425588516
1.575,1.375,0.725,1.80116370427382,1.76550786407276
1.575,1.375,0.75,1.80634774056759,1.77341882226615
1.575,1.375,0.775,1.81130570522769,1.78093924622187
1.575,1.375,0.8,1.81598441491234,1.78811979347349
1.575,1.375,0.825,1.82047117824744,1.79485705509431
1.575,1.375,0.85,1.82472074405219,1.80125984223271
1.575,1.375,0.875,1.8287777896101,1.80731319995017
1.575,1.375,0.9,1.83257972265167,1.81303816639029
1.575,1.375,0.925,1.83625710353691,1.81845539163657
1.575,1.375,0.95,1.83974222098479,1.82356968989189
1.575,1.375,0.975,1.84303171078836,1.82839804495377
1.575,1.375,1,1.84613343980154,1.83296457972458
1.575,1.4,0.6,1.77342384220739,1.72190294806598
1.575,1.4,0.625,1.77992646200956,1.7315435344924
1.575,1.4,0.65,1.78607954780209,1.74085777068918
1.575,1.4,0.675,1.79202836808101,1.74988146346699
1.575,1.4,0.7,1.79772812193505,1.75864062409706
1.575,1.4,0.725,1.80317747553347,1.76691492010257
1.575,1.4,0.75,1.80837268543382,1.77483661555976
1.575,1.4,0.775,1.81333131032969,1.78236919827228
1.575,1.4,0.8,1.81802152991218,1.78955829937039
1.575,1.4,0.825,1.82250398805843,1.79630001164242
1.575,1.4,0.85,1.82675978527303,1.80270679947397
1.575,1.4,0.875,1.83081470166833,1.80876771928225
1.575,1.4,0.9,1.83462324389051,1.81447714195257
1.575,1.4,0.925,1.83829629369106,1.81991465512548
1.575,1.4,0.95,1.84178061322306,1.82504510892866
1.575,1.4,0.975,1.84507140598847,1.82986324619797
1.575,1.4,1,1.84817750715847,1.83441618858966
1.575,1.425,0.6,1.77526726911345,1.72325253709307
1.575,1.425,0.625,1.78176688235199,1.73287909742487
1.575,1.425,0.65,1.78796845559548,1.74225817441714
1.575,1.425,0.675,1.79393602628528,1.75133546428011
1.575,1.425,0.7,1.79962343722272,1.76006496721717
1.575,1.425,0.725,1.805079967851,1.76835637099024
1.575,1.425,0.75,1.81029318688622,1.77628665284788
1.575,1.425,0.775,1.81524363414433,1.78381697092718
1.575,1.425,0.8,1.81993809401962,1.79101469932793
1.575,1.425,0.825,1.82442285917126,1.79776571268896
1.575,1.425,0.85,1.82869064654153,1.80417596342794
1.575,1.425,0.875,1.83273584894066,1.8102309658422
1.575,1.425,0.9,1.83656086601383,1.81597417737547
1.575,1.425,0.925,1.84021930286493,1.82138773382256
1.575,1.425,0.95,1.84369219741316,1.82649577331229
1.575,1.425,0.975,1.84699342011324,1.83133049730373
1.575,1.425,1,1.8501126240238,1.83590975820576
1.575,1.45,0.6,1.77701823863569,1.7245020961929
1.575,1.45,0.625,1.78355528426903,1.73418563076361
1.575,1.45,0.65,1.78973872045875,1.74353876281345
1.575,1.45,0.675,1.79571049408043,1.75259489371555
1.575,1.45,0.7,1.80142799722655,1.76137702924742
1.575,1.45,0.725,1.806893415855,1.76967284734627
1.575,1.45,0.75,1.81210182617713,1.77761126138761
1.575,1.45,0.775,1.81706942436625,1.78515627190426
1.575,1.45,0.8,1.82176724076216,1.79235580250265
1.575,1.45,0.825,1.82625627574151,1.79910647206222
1.575,1.45,0.85,1.83051747625969,1.80551955603812
1.575,1.45,0.875,1.83457512378625,1.81158444664811
1.575,1.45,0.9,1.8383869460614,1.8172994511079
1.575,1.45,0.925,1.84206125254779,1.82273793368731
1.575,1.45,0.95,1.84554618807612,1.82786882182358
1.575,1.45,0.975,1.84883798860411,1.8326884123219
1.575,1.45,1,1.85194488262402,1.83724359692361
1.575,1.475,0.6,1.77870917185016,1.72575340197543
1.575,1.475,0.625,1.78524283677389,1.7354218932396
1.575,1.475,0.65,1.79147018623142,1.74483544606888
1.575,1.475,0.675,1.79745840209104,1.75394113469443
1.575,1.475,0.7,1.80316423101013,1.7626940999369
1.575,1.475,0.725,1.80863557263224,1.77100522837045
1.575,1.475,0.75,1.8138603608016,1.77895104237638
1.575,1.475,0.775,1.81881991043067,1.78649334537423
1.575,1.475,0.8,1.8235214315797,1.79370044086759
1.575,1.475,0.825,1.82801211069423,1.80045933292776
1.575,1.475,0.85,1.83228425030292,1.80687532218663
1.575,1.475,0.875,1.83633261721147,1.81293433076389
1.575,1.475,0.9,1.8401594143482,1.81868093360088
1.575,1.475,0.925,1.84381999644385,1.82409641945616
1.575,1.475,0.95,1.84729437181502,1.82920590693147
1.575,1.475,0.975,1.85059554701962,1.83404105779013
1.575,1.475,1,1.85371438695695,1.83862089474904
1.575,1.5,0.6,1.78031569338893,1.72691060992687
1.575,1.5,0.625,1.7868830256799,1.73663169759071
1.575,1.5,0.65,1.79309301223774,1.74601915615013
1.575,1.5,0.675,1.79908473978215,1.75510382943225
1.575,1.5,0.7,1.80481760232911,1.76390589600179
1.575,1.5,0.725,1.81029690961351,1.77222051337404
1.575,1.5,0.75,1.81551660119698,1.78017344119848
1.575,1.5,0.775,1.82049180129464,1.7877291200109
1.575,1.5,0.8,1.82519594787546,1.79493757205446
1.575,1.5,0.825,1.82969048946588,1.8016958868055
1.575,1.5,0.85,1.8339561176563,1.80811425482074
1.575,1.5,0.875,1.83801588988654,1.81418234079069
1.575,1.5,0.9,1.841830286761,1.81990211160233
1.575,1.5,0.925,1.84550544341337,1.8253410872957
1.575,1.5,0.95,1.84899066164578,1.83047203691206
1.575,1.5,0.975,1.85228309114733,1.83529270949724
1.575,1.5,1,1.85539042079959,1.83984972911246
1.6,0.75,0.6,1.6685981295936,1.65058072192801
1.6,0.75,0.625,1.67327671934693,1.65831303309038
1.6,0.75,0.65,1.67798586962177,1.66606571258611
1.6,0.75,0.675,1.68264569029523,1.67373298421907
1.6,0.75,0.7,1.68723246884341,1.68127347576902
1.6,0.75,0.725,1.69168165358855,1.68860084480803
1.6,0.75,0.75,1.69608061249788,1.69563576204626
1.6,0.75,0.775,1.70029139518325,1.7025852134074
1.6,0.75,0.8,1.70441574265101,1.70919230881749
1.6,0.75,0.825,1.70834891585776,1.71554900986468
1.6,0.75,0.85,1.71216635956333,1.72156016475152
1.6,0.75,0.875,1.71586413392912,1.72734042885761
1.6,0.75,0.9,1.71943168539499,1.73286214044761
1.6,0.75,0.925,1.72279772931956,1.73813087025287
1.6,0.75,0.95,1.72605751431029,1.74308896019056
1.6,0.75,0.975,1.72918448222431,1.74783131397161
1.6,0.75,1,1.73218196626437,1.75233921178717
1.6,0.775,0.6,1.67534100901476,1.65482315851866
1.6,0.775,0.625,1.68018399506107,1.66268653934019
1.6,0.775,0.65,1.68499682966278,1.67056909088648
1.6,0.775,0.675,1.68982697986994,1.67836846916141
1.6,0.775,0.7,1.69445848224773,1.68589938458886
1.6,0.775,0.725,1.69908608101495,1.69340538261109
1.6,0.775,0.75,1.70359440095739,1.70065456289691
1.6,0.775,0.775,1.70792249145884,1.70751373679457
1.6,0.775,0.8,1.71201462965684,1.71412841319572
1.6,0.775,0.825,1.71608079393113,1.72062014741541
1.6,0.775,0.85,1.72001229884728,1.72673258274504
1.6,0.775,0.875,1.72367601516408,1.73248120134122
1.6,0.775,0.9,1.72726662768507,1.73798112784435
1.6,0.775,0.925,1.73072871999992,1.74335016765348
1.6,0.775,0.95,1.73402401186144,1.74832079223959
1.6,0.775,0.975,1.73715808405257,1.75308422694637
1.6,0.775,1,1.74021656148146,1.75762943828259
1.6,0.8,0.6,1.68178722669581,1.6588582111666
1.6,0.8,0.625,1.68677216311111,1.66687586577056
1.6,0.8,0.65,1.69175547919325,1.67488529698767
1.6,0.8,0.675,1.69665806605104,1.68278028402397
1.6,0.8,0.7,1.70145770262778,1.69052549164084
1.6,0.8,0.725,1.70610780860572,1.69803784755126
1.6,0.8,0.75,1.71063019488103,1.7052877479605
1.6,0.8,0.775,1.71506557337913,1.71229701142651
1.6,0.8,0.8,1.71935944907825,1.71898617444569
1.6,0.8,0.825,1.72335816338666,1.72550543360346
1.6,0.8,0.85,1.7272935501497,1.73160485122365
1.6,0.8,0.875,1.73108318414628,1.73746076987782
1.6,0.8,0.9,1.73473061169703,1.74304829876625
1.6,0.8,0.925,1.73817412130436,1.74837423306651
1.6,0.8,0.95,1.74150073991999,1.75338343716442
1.6,0.8,0.975,1.74468693416965,1.75816892897756
1.6,0.8,1,1.74773549933521,1.76271351574514
1.6,0.825,0.6,1.68779456948139,1.6627906268925
1.6,0.825,0.625,1.69294807576965,1.67092598711485
1.6,0.825,0.65,1.6980001762276,1.67904249096469
1.6,0.825,0.675,1.70305455909526,1.68704525704008
1.6,0.825,0.7,1.7078889640187,1.69480744027406
1.6,0.825,0.725,1.71268957428515,1.70243560555896
1.6,0.825,0.75,1.71733613356336,1.70979547769889
1.6,0.825,0.775,1.72178542483157,1.71682889562386
1.6,0.825,0.8,1.72603955531864,1.72355100833017
1.6,0.825,0.825,1.73025256202969,1.73002676427409
1.6,0.825,0.85,1.73421281009152,1.73627795160486
1.6,0.825,0.875,1.73796741822295,1.74212115177612
1.6,0.825,0.9,1.74163901094257,1.74769949181994
1.6,0.825,0.925,1.74514414704102,1.75308507830552
1.6,0.825,0.95,1.74851530712275,1.75810827797212
1.6,0.825,0.975,1.75169437214964,1.76290981183658
1.6,0.825,1,1.75479972087659,1.76747821270158
1.6,0.85,0.6,1.69373888336614,1.66641985537698
1.6,0.85,0.625,1.69898009384346,1.67468130576264
1.6,0.85,0.65,1.7041900028049,1.6829077460683
1.6,0.85,0.675,1.70929117804682,1.69099313342683
1.6,0.85,0.7,1.7142631300704,1.69890772456831
1.6,0.85,0.725,1.7190763942907,1.70656987085712
1.6,0.85,0.75,1.72374013350819,1.71395043306436
1.6,0.85,0.775,1.72829044935709,1.72107036531089
1.6,0.85,0.8,1.73264441642812,1.72789751119767
1.6,0.85,0.825,1.73680250908171,1.73443548309042
1.6,0.85,0.85,1.74088410000944,1.7405487727637
1.6,0.85,0.875,1.74466133578722,1.74654519774037
1.6,0.85,0.9,1.74837206781048,1.75217955648302
1.6,0.85,0.925,1.75187418468677,1.75754821845699
1.6,0.85,0.95,1.75525053586355,1.76259586663075
1.6,0.85,0.975,1.75848020559877,1.76741341060605
1.6,0.85,1,1.76156574668064,1.77198485979035
1.6,0.875,0.6,1.69916218102138,1.6700012463357
1.6,0.875,0.625,1.7045465982504,1.67836261713054
1.6,0.875,0.65,1.70980949685755,1.68668009507586
1.6,0.875,0.675,1.71503955797254,1.69485808571212
1.6,0.875,0.7,1.72003212135396,1.70278315692574
1.6,0.875,0.725,1.72497503633867,1.71054215337783
1.6,0.875,0.75,1.72974414353799,1.71801505953745
1.6,0.875,0.775,1.73430149699293,1.72515138657421
1.6,0.875,0.8,1.7386490261156,1.73196700164817
1.6,0.875,0.825,1.74287859189071,1.73857731264616
1.6,0.875,0.85,1.74699127149323,1.74480791069152
1.6,0.875,0.875,1.75086451606052,1.7506571977345
1.6,0.875,0.9,1.75452036925329,1.75635173816525
1.6,0.875,0.925,1.7580748533776,1.7617703106675
1.6,0.875,0.95,1.76148714512465,1.76682723451293
1.6,0.875,0.975,1.76470719159405,1.77165656518384
1.6,0.875,1,1.76784021533288,1.77624733347065
1.6,0.9,0.6,1.70452101933242,1.6733079371592
1.6,0.9,0.625,1.70997604534186,1.68177790778826
1.6,0.9,0.65,1.71537300171327,1.69018831392802
1.6,0.9,0.675,1.72063662142602,1.69843368430284
1.6,0.9,0.7,1.72574810976713,1.70648947185101
1.6,0.9,0.725,1.73069299910578,1.71427505715205
1.6,0.9,0.75,1.73547025181746,1.72176213707589
1.6,0.9,0.775,1.74011257261243,1.72897040548517
1.6,0.9,0.8,1.74454573975314,1.7358756493222
1.6,0.9,0.825,1.74877578934663,1.74248199934053
1.6,0.9,0.85,1.7528643408859,1.74871382747967
1.6,0.9,0.875,1.75677541915256,1.75467544766819
1.6,0.9,0.9,1.76057421768963,1.76030591980593
1.6,0.9,0.925,1.76405527768946,1.76577273499357
1.6,0.9,0.95,1.7674718910254,1.7708468076583
1.6,0.9,0.975,1.77073437814017,1.77568788006514
1.6,0.9,1,1.77384715857639,1.78027900272774
1.6,0.925,0.6,1.70940454445813,1.67657082621223
1.6,0.925,0.625,1.71498138757109,1.68512485840325
1.6,0.925,0.65,1.7204188670712,1.69361212956193
1.6,0.925,0.675,1.72579236181229,1.70193680087921
1.6,0.925,0.7,1.73091435628423,1.70999755106951
1.6,0.925,0.725,1.73597117531511,1.71786463220541
1.6,0.925,0.75,1.74083821954415,1.7254299286549
1.6,0.925,0.775,1.74548153765249,1.73264982025976
1.6,0.925,0.8,1.74990348171321,1.73954091264262
1.6,0.925,0.825,1.75419661511549,1.74620661677183
1.6,0.925,0.85,1.75836187739984,1.75248747894694
1.6,0.925,0.875,1.76223083666751,1.75843903024893
1.6,0.925,0.9,1.76599239084062,1.76410539528311
1.6,0.925,0.925,1.76965907654294,1.76947395109219
1.6,0.925,0.95,1.77301546763163,1.77464358014064
1.6,0.925,0.975,1.77626817178329,1.77949214917785
1.6,0.925,1,1.77942117521171,1.78409912721292
1.6,0.95,0.6,1.71421796601315,1.67955886162059
1.6,0.95,0.625,1.71985321649569,1.68819187932847
1.6,0.95,0.65,1.72537547034418,1.69675733988614
1.6,0.95,0.675,1.73080419561876,1.70515051394585
1.6,0.95,0.7,1.73598160614803,1.71323286185883
1.6,0.95,0.725,1.74108456513054,1.72118484045001
1.6,0.95,0.75,1.74600026250884,1.72882025323545
1.6,0.95,0.775,1.75067428633233,1.73605321475067
1.6,0.95,0.8,1.75512768960813,1.74294696263718
1.6,0.95,0.825,1.75946276292749,1.74966954813342
1.6,0.95,0.85,1.76363956006666,1.75598883912855
1.6,0.95,0.875,1.76753033480921,1.76193609456148
1.6,0.95,0.9,1.77130157663705,1.76760319412385
1.6,0.95,0.925,1.77492134344741,1.77308240826869
1.6,0.95,0.95,1.77839595952309,1.77813840085042
1.6,0.95,0.975,1.78161827065117,1.78304325822442
1.6,0.95,1,1.78477633116742,1.78766125142525
1.6,0.975,0.6,1.71862442393375,1.68255284690386
1.6,0.975,0.625,1.72436231814183,1.69127201838961
1.6,0.975,0.65,1.7299446642321,1.69990376225112
1.6,0.975,0.675,1.7354359112199,1.70835220707245
1.6,0.975,0.7,1.74066388358846,1.71652750060975
1.6,0.975,0.725,1.7458128487619,1.72448407955304
1.6,0.975,0.75,1.75075851197235,1.73212542224764
1.6,0.975,0.775,1.7554706491268,1.73941431585924
1.6,0.975,0.8,1.75995188324057,1.74636769939061
1.6,0.975,0.825,1.76429520558062,1.75307726112037
1.6,0.975,0.85,1.76850300546702,1.7593964935223
1.6,0.975,0.875,1.77241235472713,1.76538567748562
1.6,0.975,0.9,1.77620238718092,1.77108424256274
1.6,0.975,0.925,1.7798205589455,1.77654837272548
1.6,0.975,0.95,1.78328694070705,1.78165157215373
1.6,0.975,0.975,1.78662297096992,1.78645631763911
1.6,0.975,1,1.78971745118735,1.79114815339268
1.6,1,0.6,1.72295848783755,1.6852667674481
1.6,1,0.625,1.72874335959677,1.69405383536635
1.6,1,0.65,1.73439695180873,1.70275319884685
1.6,1,0.675,1.73993272978417,1.71126047977349
1.6,1,0.7,1.74520775445084,1.71944926332763
1.6,1,0.725,1.7503925365816,1.72748294547937
1.6,1,0.75,1.75537711464154,1.73518765485544
1.6,1,0.775,1.76011411366961,1.74248363676128
1.6,1,0.8,1.76462175342644,1.7494350168916
1.6,1,0.825,1.76899881300161,1.75619607269628
1.6,1,0.85,1.77321351614446,1.76255039760797
1.6,1,0.875,1.77714113778983,1.7685319079125
1.6,1,0.9,1.78093917410839,1.77422765147857
1.6,1,0.925,1.7845782217256,1.77972571067622
1.6,1,0.95,1.78804018002434,1.78483485919215
1.6,1,0.975,1.79132949577806,1.78970684331988
1.6,1,1,1.79453089029149,1.79430400164681
1.6,1.025,0.6,1.7269255891456,1.68799085541981
1.6,1.025,0.625,1.73279862891023,1.69685420672996
1.6,1.025,0.65,1.73850201788678,1.70561129626365
1.6,1.025,0.675,1.74409050320264,1.71416637233585
1.6,1.025,0.7,1.7494059186594,1.72243986000169
1.6,1.025,0.725,1.75462999478701,1.73047243834255
1.6,1.025,0.75,1.7596393369926,1.73817800557664
1.6,1.025,0.775,1.76440703028478,1.74552473717304
1.6,1.025,0.8,1.76893594089709,1.75253027708433
1.6,1.025,0.825,1.77331910371719,1.75927580788035
1.6,1.025,0.85,1.77756041978899,1.76562634923493
1.6,1.025,0.875,1.78150192853196,1.77164615972732
1.6,1.025,0.9,1.78531463022792,1.77737006977167
1.6,1.025,0.925,1.78895295942505,1.7828503707168
1.6,1.025,0.95,1.79243484653503,1.78797185968301
1.6,1.025,0.975,1.7957263683191,1.79285160007603
1.6,1.025,1,1.79890469658961,1.79747885992556
1.6,1.05,0.6,1.73083235818004,1.69045874068089
1.6,1.05,0.625,1.73674323307514,1.69938076780627
1.6,1.05,0.65,1.74250686617497,1.7081966168666
1.6,1.05,0.675,1.7481313626673,1.71680254675024
1.6,1.05,0.7,1.75348729407558,1.72508300475896
1.6,1.05,0.725,1.75873890808868,1.73318626062738
1.6,1.05,0.75,1.76377936747255,1.74094961969284
1.6,1.05,0.775,1.768567522939,1.74829876142097
1.6,1.05,0.8,1.7731190575512,1.75529869795209
1.6,1.05,0.825,1.77752938248708,1.76209128841262
1.6,1.05,0.85,1.78177394692224,1.76847440482143
1.6,1.05,0.875,1.78573104513422,1.77448411080214
1.6,1.05,0.9,1.78955006059143,1.7802031251138
1.6,1.05,0.925,1.79320518167993,1.78571425350601
1.6,1.05,0.95,1.79668274669164,1.79083953089971
1.6,1.05,0.975,1.79998538895133,1.79572457338644
1.6,1.05,1,1.80316192221443,1.80036304183125
1.6,1.075,0.6,1.7344810314902,1.69289811054853
1.6,1.075,0.625,1.74044533191341,1.70189447690234
1.6,1.075,0.65,1.7462806108051,1.71076213880462
1.6,1.075,0.675,1.75191894141667,1.71940036883286
1.6,1.075,0.7,1.75734778802625,1.72779849657837
1.6,1.075,0.725,1.7625872151085,1.73587674488259
1.6,1.075,0.75,1.76761540876161,1.74361332951411
1.6,1.075,0.775,1.77245768827213,1.75102636725659
1.6,1.075,0.8,1.77706134253345,1.75810982461457
1.6,1.075,0.825,1.78144949561283,1.76486217589824
1.6,1.075,0.85,1.78567828213901,1.77122239763013
1.6,1.075,0.875,1.78969224743011,1.77729020650968
1.6,1.075,0.9,1.79353012687689,1.78305532231805
1.6,1.075,0.925,1.79716212411795,1.78852665213081
1.6,1.075,0.95,1.80064592349754,1.79366688835643
1.6,1.075,0.975,1.80396821492962,1.79855757491444
1.6,1.075,1,1.80713000148029,1.80318802598847
1.6,1.1,0.6,1.73793534299884,1.69519865289873
1.6,1.1,0.625,1.74395322099661,1.70423753891863
1.6,1.1,0.65,1.74980945934736,1.71315380790711
1.6,1.1,0.675,1.75550815223348,1.72184417867579
1.6,1.1,0.7,1.76093140283825,1.7302033539406
1.6,1.1,0.725,1.76623820129826,1.73836524969507
1.6,1.1,0.75,1.77132439094141,1.74617781845391
1.6,1.1,0.775,1.77615437562955,1.75357182076339
1.6,1.1,0.8,1.78074152080351,1.76061280038753
1.6,1.1,0.825,1.78517838763586,1.76743104347134
1.6,1.1,0.85,1.78944678535242,1.77383760478933
1.6,1.1,0.875,1.79342745767895,1.77987075186755
1.6,1.1,0.9,1.79726285495729,1.78560887927998
1.6,1.1,0.925,1.80093035229817,1.79112979329921
1.6,1.1,0.95,1.80442029375486,1.79626768890855
1.6,1.1,0.975,1.80773421146337,1.80116183350704
1.6,1.1,1,1.81091632556545,1.80580666895756
1.6,1.125,0.6,1.74123242365626,1.69743088597051
1.6,1.125,0.625,1.74729545970082,1.70653568741939
1.6,1.125,0.65,1.75321397183851,1.71549655467234
1.6,1.125,0.675,1.75892239731288,1.72421353493213
1.6,1.125,0.7,1.76440925210764,1.73267950060974
1.6,1.125,0.725,1.76970281508553,1.74081509338204
1.6,1.125,0.75,1.7747763042188,1.74860012015805
1.6,1.125,0.775,1.77965315789562,1.75605173189544
1.6,1.125,0.8,1.78428577183494,1.76316861025238
1.6,1.125,0.825,1.78870130509205,1.76994767395765
1.6,1.125,0.85,1.79295418730407,1.77633129089619
1.6,1.125,0.875,1.79698489354537,1.78241739345532
1.6,1.125,0.9,1.80083617744337,1.78819723558529
1.6,1.125,0.925,1.8044819487913,1.79368014863481
1.6,1.125,0.95,1.80797650318748,1.79883092603963
1.6,1.125,0.975,1.81130745783423,1.80372959191526
1.6,1.125,1,1.81447579814908,1.8083660548787
1.6,1.15,0.6,1.74435590302347,1.6995348471518
1.6,1.15,0.625,1.75046480649862,1.70867509186688
1.6,1.15,0.65,1.75639940077733,1.71767799088373
1.6,1.15,0.675,1.76216033769753,1.72644081706516
1.6,1.15,0.7,1.76764007439859,1.73486751827895
1.6,1.15,0.725,1.77299251968348,1.74307920537553
1.6,1.15,0.75,1.77811630775523,1.75093337464966
1.6,1.15,0.775,1.78298074058706,1.75836517828339
1.6,1.15,0.8,1.78759710432753,1.7654408026735
1.6,1.15,0.825,1.79205524046718,1.77228011242733
1.6,1.15,0.85,1.79634260167153,1.77870600957766
1.6,1.15,0.875,1.80034234456511,1.78475857417941
1.6,1.15,0.9,1.80419061265317,1.79051237823087
1.6,1.15,0.925,1.80786755187974,1.79604074124704
1.6,1.15,0.95,1.81136705722039,1.80118877221332
1.6,1.15,0.975,1.81468975050235,1.80608992003985
1.6,1.15,1,1.817876008368,1.81073913885557
1.6,1.175,0.6,1.74734056050535,1.70157726856801
1.6,1.175,0.625,1.75348796127393,1.71077691828858
1.6,1.175,0.65,1.7594771209525,1.71981899999648
1.6,1.175,0.675,1.76524473597514,1.72860430069288
1.6,1.175,0.7,1.77078024994992,1.73712888419181
1.6,1.175,0.725,1.77611907567918,1.74531371169285
1.6,1.175,0.75,1.78123020561731,1.75314018625853
1.6,1.175,0.775,1.78613547434316,1.76062456609929
1.6,1.175,0.8,1.79079172107005,1.76776974293604
1.6,1.175,0.825,1.79522958291363,1.77457117185288
1.6,1.175,0.85,1.799501989499,1.78097432402254
1.6,1.175,0.875,1.80354598216082,1.78707555897379
1.6,1.175,0.9,1.80740771798506,1.79286743846438
1.6,1.175,0.925,1.81106436187315,1.79835961012598
1.6,1.175,0.95,1.8145672531262,1.80351883558276
1.6,1.175,0.975,1.81790482747282,1.80842368388931
1.6,1.175,1,1.82107811919827,1.81306456162052
1.6,1.2,0.6,1.75010979790698,1.70356835482135
1.6,1.2,0.625,1.75631381996866,1.71280140404753
1.6,1.2,0.65,1.76230882968889,1.72187660935273
1.6,1.2,0.675,1.76812890142887,1.73069868714151
1.6,1.2,0.7,1.77365055900319,1.7392177256396
1.6,1.2,0.725,1.77904890651041,1.74743525938065
1.6,1.2,0.75,1.78420407478135,1.75529554160238
1.6,1.2,0.775,1.7890973623425,1.76278231513918
1.6,1.2,0.8,1.79373301402364,1.76991344816627
1.6,1.2,0.825,1.79820348348616,1.77674086926795
1.6,1.2,0.85,1.80251713802096,1.7831623380601
1.6,1.2,0.875,1.80652785885424,1.78925350236607
1.6,1.2,0.9,1.81038737705307,1.79503478322554
1.6,1.2,0.925,1.81406765689771,1.80054662487493
1.6,1.2,0.95,1.81758342124184,1.80570433756263
1.6,1.2,0.975,1.82090925539682,1.81061125833355
1.6,1.2,1,1.8241027570357,1.81525824978643
1.6,1.225,0.6,1.75287855155512,1.70537754865804
1.6,1.225,0.625,1.75909844160206,1.71466045439419
1.6,1.225,0.65,1.76514792475133,1.72377359009069
1.6,1.225,0.675,1.77096583490501,1.73261843142605
1.6,1.225,0.7,1.77654243469601,1.74119391372718
1.6,1.225,0.725,1.78191934950573,1.74942123930789
1.6,1.225,0.75,1.78706196501596,1.75728337410249
1.6,1.225,0.775,1.79199074529318,1.76479574549171
1.6,1.225,0.8,1.79666640556271,1.77196501878941
1.6,1.225,0.825,1.80112259100756,1.77878528283048
1.6,1.225,0.85,1.80541091009594,1.78520484197258
1.6,1.225,0.875,1.80946549709033,1.79131866114971
1.6,1.225,0.9,1.81333540278438,1.79712042485041
1.6,1.225,0.925,1.81700064896436,1.80262002973803
1.6,1.225,0.95,1.8205099951848,1.80778606121126
1.6,1.225,0.975,1.82385257850486,1.8126957309797
1.6,1.225,1,1.82702950730437,1.81733988856197
1.6,1.25,0.6,1.75539171888349,1.70720457274894
1.6,1.25,0.625,1.76166174425548,1.7165163852811
1.6,1.25,0.65,1.76771460778284,1.72565878946442
1.6,1.25,0.675,1.77357923851676,1.73453666246068
1.6,1.25,0.7,1.77914091679445,1.74310687587421
1.6,1.25,0.725,1.78457178945975,1.7513621887532
1.6,1.25,0.75,1.789753755457,1.7592538065028
1.6,1.25,0.775,1.79467036508447,1.76676837309436
1.6,1.25,0.8,1.79932565257765,1.77392465942429
1.6,1.25,0.825,1.8038112574705,1.78076764414236
1.6,1.25,0.85,1.80813703440515,1.78720258641903
1.6,1.25,0.875,1.81216017739947,1.79330724060834
1.6,1.25,0.9,1.81602718379764,1.79909921264796
1.6,1.25,0.925,1.81971389252864,1.80461609361788
1.6,1.25,0.95,1.82323472267874,1.80978013914503
1.6,1.25,0.975,1.82656609255203,1.81469138018776
1.6,1.25,1,1.82976123069539,1.81934078956913
1.6,1.275,0.6,1.75791080843834,1.70886753359097
1.6,1.275,0.625,1.76419332621812,1.71822374168427
1.6,1.275,0.65,1.77029461482836,1.72739927118724
1.6,1.275,0.675,1.77615551928103,1.73629621637198
1.6,1.275,0.7,1.78176702759922,1.74491609072868
1.6,1.275,0.725,1.78717619168084,1.75318027603807
1.6,1.275,0.75,1.79234530713105,1.76107324526404
1.6,1.275,0.775,1.79729366431715,1.7686096474758
1.6,1.275,0.8,1.80198536954291,1.77579954211332
1.6,1.275,0.825,1.80645667899466,1.78263574958472
1.6,1.275,0.85,1.81075803544765,1.78906915732434
1.6,1.275,0.875,1.81482110327063,1.79519348750788
1.6,1.275,0.9,1.81869740299804,1.80100339464814
1.6,1.275,0.925,1.82236946870086,1.80650897963762
1.6,1.275,0.95,1.82588380502391,1.81168050658692
1.6,1.275,0.975,1.82923014622832,1.81659393178907
1.6,1.275,1,1.8324096921672,1.82124050121157
1.6,1.3,0.6,1.76019676941433,1.7105506523965
1.6,1.3,0.625,1.76652398916603,1.7199313284351
1.6,1.3,0.65,1.77262666511508,1.72913234159771
1.6,1.3,0.675,1.77852943868085,1.73805863327095
1.6,1.3,0.7,1.78412529483543,1.74667342678772
1.6,1.3,0.725,1.78958366804445,1.75496117555759
1.6,1.3,0.75,1.79478813735803,1.76287958627527
1.6,1.3,0.775,1.7997243084705,1.77041803171452
1.6,1.3,0.8,1.8043959742866,1.77759595554956
1.6,1.3,0.825,1.80889396561757,1.78445186487268
1.6,1.3,0.85,1.81322956219035,1.79089798285828
1.6,1.3,0.875,1.81726288712545,1.79701405276919
1.6,1.3,0.9,1.8211357918447,1.80281495590476
1.6,1.3,0.925,1.8248274445857,1.80833563401971
1.6,1.3,0.95,1.8283521420351,1.81350478347912
1.6,1.3,0.975,1.83168777133004,1.81841937128561
1.6,1.3,1,1.83488383482787,1.82307043674481
1.6,1.325,0.6,1.76249390663353,1.71207880841102
1.6,1.325,0.625,1.76883081059397,1.72149975840131
1.6,1.325,0.65,1.77497682676833,1.73073027804201
1.6,1.325,0.675,1.78087468824839,1.73967300581249
1.6,1.325,0.7,1.78651602727252,1.74833176625573
1.6,1.325,0.725,1.79195265037356,1.75662807133532
1.6,1.325,0.75,1.79714419598647,1.76454783136598
1.6,1.325,0.775,1.80210894688353,1.77210496355108
1.6,1.325,0.8,1.80681398536354,1.77931258974543
1.6,1.325,0.825,1.81129784244848,1.78616235762936
1.6,1.325,0.85,1.81560992988878,1.79260750834725
1.6,1.325,0.875,1.81967980646833,1.79874065196034
1.6,1.325,0.9,1.82356110844626,1.80455728622598
1.6,1.325,0.925,1.82723858545374,1.81006768529341
1.6,1.325,0.95,1.83075676615121,1.81524365237873
1.6,1.325,0.975,1.83410589307555,1.82015998727872
1.6,1.325,1,1.83728727025829,1.82480829156821
1.6,1.35,0.6,1.76457807509589,1.71363419173409
1.6,1.35,0.625,1.7709550018502,1.72307548944791
1.6,1.35,0.65,1.77710078310532,1.73232796399942
1.6,1.35,0.675,1.78303633940287,1.74129661075893
1.6,1.35,0.7,1.7886615719281,1.74995029532399
1.6,1.35,0.725,1.7941432725064,1.75826630027719
1.6,1.35,0.75,1.7993667391902,1.76620796903424
1.6,1.35,0.775,1.80431939287972,1.77376689715373
1.6,1.35,0.8,1.80900482052589,1.78096338979608
1.6,1.35,0.825,1.8135130108617,1.78783024780133
1.6,1.35,0.85,1.81785654880576,1.79428583798586
1.6,1.35,0.875,1.82189826863056,1.80041147426556
1.6,1.35,0.9,1.8257758144787,1.80621977530618
1.6,1.35,0.925,1.82947126958407,1.81174339468967
1.6,1.35,0.95,1.83299886531602,1.81691667795919
1.6,1.35,0.975,1.83633776690536,1.82183383897455
1.6,1.35,1,1.83953420999808,1.82648598755866
1.6,1.375,0.6,1.76666753793306,1.71501596166148
1.6,1.375,0.625,1.77305374525136,1.72448294511674
1.6,1.375,0.65,1.77922322533318,1.73376280205918
1.6,1.375,0.675,1.78516858135191,1.74275464490003
1.6,1.375,0.7,1.79081386845347,1.75139438509782
1.6,1.375,0.725,1.79629747097452,1.75975859056216
1.6,1.375,0.75,1.80152741100954,1.76773885627459
1.6,1.375,0.775,1.80648865344443,1.77528568512665
1.6,1.375,0.8,1.81118582706259,1.7824662982724
1.6,1.375,0.825,1.81570034032334,1.78936494932298
1.6,1.375,0.85,1.82003729961773,1.79584538031807
1.6,1.375,0.875,1.82408748262845,1.80195442598284
1.6,1.375,0.9,1.82796767298588,1.80775236646073
1.6,1.375,0.925,1.83166620412992,1.81329746064376
1.6,1.375,0.95,1.83518832424617,1.8184722761052
1.6,1.375,0.975,1.83853115495939,1.82339028452261
1.6,1.375,1,1.84172442813652,1.82804778670156
1.6,1.4,0.6,1.76858116215419,1.71647567640472
1.6,1.4,0.625,1.7750016416444,1.72597145881687
1.6,1.4,0.65,1.78118501672595,1.73527015370956
1.6,1.4,0.675,1.78714899813038,1.74427674781462
1.6,1.4,0.7,1.79279963426011,1.75296527582169
1.6,1.4,0.725,1.79830133686913,1.76130625539531
1.6,1.4,0.75,1.80354096722566,1.76926841892468
1.6,1.4,0.775,1.80850764495425,1.77684545352112
1.6,1.4,0.8,1.81320469843395,1.7840583363292
1.6,1.4,0.825,1.81772133256554,1.79093456413517
1.6,1.4,0.85,1.82207137338638,1.79739822322515
1.6,1.4,0.875,1.82612005019309,1.80353215483638
1.6,1.4,0.9,1.83000126973011,1.80934678205807
1.6,1.4,0.925,1.83369962726757,1.81487263402078
1.6,1.4,0.95,1.83722940488773,1.82004930870844
1.6,1.4,0.975,1.84057080409095,1.82496847493518
1.6,1.4,1,1.84376724378079,1.82962128521236
1.6,1.425,0.6,1.77049458249526,1.71774900320118
1.6,1.425,0.625,1.7769224921369,1.72726763303354
1.6,1.425,0.65,1.7831267678196,1.73659097528028
1.6,1.425,0.675,1.78909881814998,1.74561845732029
1.6,1.425,0.7,1.7947679738433,1.7542916143015
1.6,1.425,0.725,1.80026993876019,1.76267869976358
1.6,1.425,0.75,1.80551436027433,1.77067770244548
1.6,1.425,0.775,1.81048890075592,1.7782417409206
1.6,1.425,0.8,1.81519693484974,1.78543821829096
1.6,1.425,0.825,1.81971844362845,1.79234481765458
1.6,1.425,0.85,1.82406148949779,1.79883263433733
1.6,1.425,0.875,1.82811815269287,1.80494973516945
1.6,1.425,0.9,1.83200188159021,1.81075377967922
1.6,1.425,0.925,1.83570239037717,1.81630023671896
1.6,1.425,0.95,1.8392268350627,1.82147839564149
1.6,1.425,0.975,1.84257167184912,1.82639814745319
1.6,1.425,1,1.84576491962367,1.83105598301285
1.6,1.45,0.6,1.77224749869249,1.71910523341093
1.6,1.45,0.625,1.77870619655404,1.72864892741319
1.6,1.45,0.65,1.78492243369574,1.73798824224921
1.6,1.45,0.675,1.79091110484566,1.74702807494083
1.6,1.45,0.7,1.79658380498363,1.75574708984426
1.6,1.45,0.725,1.8021026459462,1.76410994297688
1.6,1.45,0.75,1.80735605535509,1.7720899831345
1.6,1.45,0.775,1.81233467253148,1.77968262057211
1.6,1.45,0.8,1.81704159163924,1.7869096346495
1.6,1.45,0.825,1.82156522670549,1.79379383931344
1.6,1.45,0.85,1.82592054256868,1.80026438326903
1.6,1.45,0.875,1.8299749991449,1.80640528580035
1.6,1.45,0.9,1.83385909631764,1.81222516009009
1.6,1.45,0.925,1.83755964226765,1.8177526940054
1.6,1.45,0.95,1.84109099994341,1.82293210407694
1.6,1.45,0.975,1.84443427863686,1.82785276547837
1.6,1.45,1,1.8476304077488,1.83250588234186
1.6,1.475,0.6,1.77400342161449,1.72027964248058
1.6,1.475,0.625,1.78046806033586,1.72984389380072
1.6,1.475,0.65,1.78670287432069,1.73920563320732
1.6,1.475,0.675,1.79269819247683,1.74826451022782
1.6,1.475,0.7,1.79838816713388,1.75696710257343
1.6,1.475,0.725,1.80390590238868,1.76537427614848
1.6,1.475,0.75,1.80916269664398,1.77338964931761
1.6,1.475,0.775,1.81414861326344,1.78096865131569
1.6,1.475,0.8,1.81886591096953,1.78817892069538
1.6,1.475,0.825,1.82339319601744,1.79509224688884
1.6,1.475,0.85,1.82774118407667,1.80158636569272
1.6,1.475,0.875,1.83180326719006,1.80771031627625
1.6,1.475,0.9,1.83568979399474,1.8135194908763
1.6,1.475,0.925,1.83939170785691,1.819066849362
1.6,1.475,0.95,1.84291787609308,1.82424774525669
1.6,1.475,0.975,1.84626420059882,1.82916877963723
1.6,1.475,1,1.8494571303378,1.83382665960072
1.6,1.5,0.6,1.77565693225247,1.72149867268225
1.6,1.5,0.625,1.78213584765386,1.73109341712347
1.6,1.5,0.65,1.78839788989987,1.74047092701319
1.6,1.5,0.675,1.79439044180412,1.74953584356923
1.6,1.5,0.7,1.80010798178292,1.75829787415766
1.6,1.5,0.725,1.80561297695788,1.76667822436796
1.6,1.5,0.75,1.81085994418863,1.77466759046161
1.6,1.5,0.775,1.81586490430476,1.78227833965474
1.6,1.5,0.8,1.8206022813232,1.78953132936242
1.6,1.5,0.825,1.82511561933985,1.79641478633995
1.6,1.5,0.85,1.82945226475004,1.80288872566282
1.6,1.5,0.875,1.83353760375329,1.80904324244137
1.6,1.5,0.9,1.83742947177917,1.81487568918292
1.6,1.5,0.925,1.84111817235907,1.8203965163801
1.6,1.5,0.95,1.84464377755995,1.82558217395197
1.6,1.5,0.975,1.84799785856927,1.83050408456864
1.6,1.5,1,1.85118167323687,1.83515506766059
1.625,0.75,0.6,1.66309034213838,1.64510041813343
1.625,0.75,0.625,1.66758493933371,1.65266750157065
1.625,0.75,0.65,1.67211134104909,1.6602256638119
1.625,0.75,0.675,1.6766591015952,1.6677503232704
1.625,0.75,0.7,1.68117894764057,1.67519011313246
1.625,0.75,0.725,1.68553495105944,1.68246842426617
1.625,0.75,0.75,1.68986697279453,1.68941614713124
1.625,0.75,0.775,1.69400484636719,1.69631773408052
1.625,0.75,0.8,1.6980848131795,1.70289884642159
1.625,0.75,0.825,1.70201750597277,1.70927909695683
1.625,0.75,0.85,1.70582147677791,1.71531148297062
1.625,0.75,0.875,1.70947142351368,1.72110568461833
1.625,0.75,0.9,1.71304066446758,1.72666119869681
1.625,0.75,0.925,1.71644894902638,1.73195482856049
1.625,0.75,0.95,1.71969670610987,1.73699670368976
1.625,0.75,0.975,1.72281266056634,1.74178437105221
1.625,0.75,1,1.72583125512145,1.74635015210261
1.625,0.775,0.6,1.66963808965737,1.64931043050166
1.625,0.775,0.625,1.67438498933788,1.65706948426334
1.625,0.775,0.65,1.67912524371996,1.66481692796612
1.625,0.775,0.675,1.68369311242434,1.67240283420935
1.625,0.775,0.7,1.6883195457364,1.67989540834513
1.625,0.775,0.725,1.692830351973,1.68732115792657
1.625,0.775,0.75,1.6972949042771,1.6944551066771
1.625,0.775,0.775,1.70153214581632,1.70126831714777
1.625,0.775,0.8,1.70568476725103,1.70798633646088
1.625,0.775,0.825,1.70966723001856,1.71440678187984
1.625,0.775,0.85,1.71355832329428,1.72048635660191
1.625,0.775,0.875,1.71731057598767,1.72637004994618
1.625,0.775,0.9,1.72088959732537,1.73193015531919
1.625,0.775,0.925,1.72429016036494,1.73720412440973
1.625,0.775,0.95,1.72762858903817,1.74231200354419
1.625,0.775,0.975,1.73081834788624,1.74716351208776
1.625,0.775,1,1.73379816868078,1.75171209863408
1.625,0.8,0.6,1.67613492140307,1.65320310249245
1.625,0.8,0.625,1.68104065332809,1.66115264410144
1.625,0.8,0.65,1.68593556912828,1.66906321156416
1.625,0.8,0.675,1.69062520316943,1.67672969877343
1.625,0.8,0.7,1.69534586186828,1.6842946072488
1.625,0.8,0.725,1.69998926860627,1.691856846512
1.625,0.8,0.75,1.70452855230935,1.69909247485157
1.625,0.8,0.775,1.70880287003745,1.70598813114186
1.625,0.8,0.8,1.71309708751029,1.71269354557834
1.625,0.8,0.825,1.71712159493618,1.7192160943827
1.625,0.8,0.85,1.72104687980117,1.72533034128099
1.625,0.8,0.875,1.7248618368829,1.73127553244802
1.625,0.8,0.9,1.72847460351869,1.73685518738101
1.625,0.8,0.925,1.73190900151554,1.74213632224937
1.625,0.8,0.95,1.73528508241009,1.74728955710758
1.625,0.8,0.975,1.73851602688585,1.7521808329446
1.625,0.8,1,1.74152123202917,1.75673109015266
1.625,0.825,0.6,1.68219631274448,1.65716162833886
1.625,0.825,0.625,1.68723832819327,1.66519215397167
1.625,0.825,0.65,1.69224168236806,1.67318516043448
1.625,0.825,0.675,1.69705049005603,1.68100037000571
1.625,0.825,0.7,1.70188302004734,1.68869720289334
1.625,0.825,0.725,1.7065833314904,1.69629589984257
1.625,0.825,0.75,1.71121547349055,1.7035844914627
1.625,0.825,0.775,1.71556518132611,1.7105794209332
1.625,0.825,0.8,1.71989843184948,1.7173596998149
1.625,0.825,0.825,1.72405703399984,1.72382659498466
1.625,0.825,0.85,1.72798153472804,1.73006549273868
1.625,0.825,0.875,1.7318277552882,1.73602000696617
1.625,0.825,0.9,1.73548854611536,1.74164778592249
1.625,0.825,0.925,1.73896131657132,1.74698468920299
1.625,0.825,0.95,1.74236369584933,1.75213795216978
1.625,0.825,0.975,1.74561021534154,1.75702839721836
1.625,0.825,1,1.74864361461524,1.76161782920597
1.625,0.85,0.6,1.68809936463557,1.66071504413396
1.625,0.85,0.625,1.69327261507552,1.66891588287354
1.625,0.85,0.65,1.69840411143674,1.67705343004603
1.625,0.85,0.675,1.70331473390215,1.68493063940105
1.625,0.85,0.7,1.70822384382128,1.69268309370262
1.625,0.85,0.725,1.71303253937304,1.70040098354885
1.625,0.85,0.75,1.71772248241455,1.70777650977406
1.625,0.85,0.775,1.72213460173606,1.7148004037353
1.625,0.85,0.8,1.72651264429946,1.72163774877409
1.625,0.85,0.825,1.730682557745,1.72821012270864
1.625,0.85,0.85,1.73472843157785,1.73437777214111
1.625,0.85,0.875,1.73857612744116,1.74043217376045
1.625,0.85,0.9,1.74226515302211,1.74606820273996
1.625,0.85,0.925,1.74576478677738,1.75140533811316
1.625,0.85,0.95,1.74919437136612,1.75659779040294
1.625,0.85,0.975,1.7524719386214,1.7615223704641
1.625,0.85,1,1.75552473352798,1.76610861986056
1.625,0.875,0.6,1.69373157988635,1.66432366455873
1.625,0.875,0.625,1.6989461691099,1.67255473824292
1.625,0.875,0.65,1.70411371128742,1.68071361228466
1.625,0.875,0.675,1.70921738523983,1.68877365847622
1.625,0.875,0.7,1.71423200714286,1.69668874211062
1.625,0.875,0.725,1.71904336885207,1.70439236321706
1.625,0.875,0.75,1.72374320987945,1.71176922857885
1.625,0.875,0.775,1.72829748691421,1.71892344370984
1.625,0.875,0.8,1.73268669940471,1.7257877703245
1.625,0.875,0.825,1.73689670897237,1.73241082386238
1.625,0.875,0.85,1.7409533098333,1.73865481214392
1.625,0.875,0.875,1.74489604127117,1.74456618996439
1.625,0.875,0.9,1.74856770382143,1.7503581745505
1.625,0.875,0.925,1.75214213631428,1.75578495897806
1.625,0.875,0.95,1.75555022006994,1.76094252619418
1.625,0.875,0.975,1.75880731317477,1.76583130051622
1.625,0.875,1,1.76193752849888,1.77048376815285
1.625,0.9,0.6,1.69892631034319,1.66758222207218
1.625,0.9,0.625,1.70432405393448,1.6759975649076
1.625,0.9,0.65,1.70965182680995,1.68432726971112
1.625,0.9,0.675,1.71474523110415,1.69238279913467
1.625,0.9,0.7,1.71980808845481,1.70029252474647
1.625,0.9,0.725,1.72475005079917,1.70813818053422
1.625,0.9,0.75,1.72956120045241,1.71562779342064
1.625,0.9,0.775,1.73408452842257,1.72275615188941
1.625,0.9,0.8,1.73854997721912,1.72967761293811
1.625,0.9,0.825,1.74279801078534,1.73632615264388
1.625,0.9,0.85,1.74688499680672,1.74258996700664
1.625,0.9,0.875,1.75084145614215,1.74864501627635
1.625,0.9,0.9,1.75461039234117,1.75430422367629
1.625,0.9,0.925,1.75811605337038,1.75972960648658
1.625,0.9,0.95,1.76158728043946,1.76494958417524
1.625,0.9,0.975,1.76489953437946,1.76989844961722
1.625,0.9,1,1.76798846229487,1.77451231968329
1.625,0.925,0.6,1.70401309061571,1.67088251195783
1.625,0.925,0.625,1.70944066844095,1.67931734941245
1.625,0.925,0.65,1.71479396548868,1.68765814638313
1.625,0.925,0.675,1.72005406676436,1.69587649626477
1.625,0.925,0.7,1.72520505605076,1.70392945497501
1.625,0.925,0.725,1.73014306454611,1.71175447625407
1.625,0.925,0.75,1.73495743969664,1.71923907054838
1.625,0.925,0.775,1.73960259319948,1.72648287055979
1.625,0.925,0.8,1.74407317334172,1.73342367319091
1.625,0.925,0.825,1.74835335234884,1.74011320232957
1.625,0.925,0.85,1.75247088387061,1.74641732179246
1.625,0.925,0.875,1.75640712835727,1.75244119770064
1.625,0.925,0.9,1.76020677420871,1.758188501757
1.625,0.925,0.925,1.76386613868824,1.76360352164832
1.625,0.925,0.95,1.76724577729285,1.76885760774402
1.625,0.925,0.975,1.77053977768969,1.7737684306714
1.625,0.925,1,1.77369574521741,1.77844062772686
1.625,0.95,0.6,1.70870173648252,1.67385264807351
1.625,0.95,0.625,1.71428725744668,1.68245141208743
1.625,0.95,0.65,1.71977780173527,1.69094430831495
1.625,0.95,0.675,1.72502272705622,1.69915070035643
1.625,0.95,0.7,1.73021139218134,1.70719244269018
1.625,0.95,0.725,1.73526109212077,1.71514384547463
1.625,0.95,0.75,1.74016964233649,1.72272760219125
1.625,0.95,0.775,1.74478268703149,1.72994206204548
1.625,0.95,0.8,1.74931740278914,1.73693149403714
1.625,0.95,0.825,1.75362821194172,1.74364029310345
1.625,0.95,0.85,1.75777111266181,1.74995730149259
1.625,0.95,0.875,1.76177041291647,1.75605469835856
1.625,0.95,0.9,1.7655519954148,1.76178200151924
1.625,0.95,0.925,1.76913831459968,1.7672007955979
1.625,0.95,0.95,1.77267192747371,1.77241040128474
1.625,0.95,0.975,1.77596312751456,1.77742423821307
1.625,0.95,1,1.77908296080269,1.78205632203698
1.625,0.975,0.6,1.71328992133702,1.67686337621136
1.625,0.975,0.625,1.71889665263198,1.68547393667617
1.625,0.975,0.65,1.72440490322202,1.69397072699333
1.625,0.975,0.675,1.72979427264272,1.70232388407601
1.625,0.975,0.7,1.73505697277152,1.7104934045372
1.625,0.975,0.725,1.74009837913879,1.71842017901614
1.625,0.975,0.75,1.74500569248141,1.72599460330253
1.625,0.975,0.775,1.74972373339143,1.73331256183982
1.625,0.975,0.8,1.75425932735328,1.74031604400089
1.625,0.975,0.825,1.75859548520844,1.7470592204128
1.625,0.975,0.85,1.76276272728328,1.75341036718914
1.625,0.975,0.875,1.76674287754261,1.75947442342334
1.625,0.975,0.9,1.77057406510074,1.76525521902324
1.625,0.975,0.925,1.77421144263133,1.77074909643853
1.625,0.975,0.95,1.77769053275179,1.77595629931824
1.625,0.975,0.975,1.78107177022158,1.78082510702
1.625,0.975,1,1.78416487300615,1.78559435217755
1.625,1,0.6,1.71745289970435,1.67968617767061
1.625,1,0.625,1.72320190740332,1.68839297047799
1.625,1,0.65,1.72882283791233,1.69698729319381
1.625,1,0.675,1.73418928679909,1.70536158317335
1.625,1,0.7,1.73948768254594,1.71354588454408
1.625,1,0.725,1.74460972712201,1.72154290444568
1.625,1,0.75,1.74961233173843,1.72917991584923
1.625,1,0.775,1.75429458295489,1.73649701804392
1.625,1,0.8,1.75889216692034,1.74353593689234
1.625,1,0.825,1.76323842535707,1.75028901488172
1.625,1,0.85,1.76744197751414,1.75665442757377
1.625,1,0.875,1.77147223307342,1.76276042845415
1.625,1,0.9,1.77529087180834,1.76853544042796
1.625,1,0.925,1.77890380285551,1.77400738477101
1.625,1,0.95,1.78242867538147,1.77924668280005
1.625,1,0.975,1.78578488924594,1.78420703752284
1.625,1,1,1.78898232445986,1.7888166266123
1.625,1.025,0.6,1.72165952765298,1.68231898831823
1.625,1.025,0.625,1.72741747271104,1.69108163913549
1.625,1.025,0.65,1.7330555485259,1.69971279685854
1.625,1.025,0.675,1.73855231701178,1.70818138014947
1.625,1.025,0.7,1.74390709129186,1.7164500685379
1.625,1.025,0.725,1.74903345172522,1.72446276138412
1.625,1.025,0.75,1.75401668121025,1.73211270389688
1.625,1.025,0.775,1.75879360251981,1.73949261289756
1.625,1.025,0.8,1.76338147295597,1.74654803342621
1.625,1.025,0.825,1.76776233560682,1.75333525862232
1.625,1.025,0.85,1.77196918944561,1.75972482555959
1.625,1.025,0.875,1.77598463449419,1.76582091463995
1.625,1.025,0.9,1.77984177761853,1.77162700554717
1.625,1.025,0.925,1.78350070875894,1.77714395416864
1.625,1.025,0.95,1.78700008986216,1.78237181758422
1.625,1.025,0.975,1.79033757562784,1.78731935937123
1.625,1.025,1,1.79352627703107,1.79201887910924
1.625,1.05,0.6,1.72541480517377,1.68489458306371
1.625,1.05,0.625,1.73129838320161,1.69374062329157
1.625,1.05,0.65,1.73703468432886,1.70245720972224
1.625,1.05,0.675,1.74250602667303,1.71094350430473
1.625,1.05,0.7,1.74788879328645,1.71922431021467
1.625,1.05,0.725,1.75308550809245,1.72729796207203
1.625,1.05,0.75,1.75815234248513,1.73500120506673
1.625,1.05,0.775,1.76289357088426,1.74237909066419
1.625,1.05,0.8,1.76753511419815,1.74946506466759
1.625,1.05,0.825,1.77192271948994,1.75625957334824
1.625,1.05,0.85,1.77616038589662,1.76266011474142
1.625,1.05,0.875,1.78021955907264,1.7687922157072
1.625,1.05,0.9,1.78406358006879,1.77459224177919
1.625,1.05,0.925,1.78769873151254,1.7800880565746
1.625,1.05,0.95,1.79124054173499,1.78534151210815
1.625,1.05,0.975,1.79460914177494,1.79031574079765
1.625,1.05,1,1.7977592373873,1.79500200708745
1.625,1.075,0.6,1.72921686157564,1.68730033443407
1.625,1.075,0.625,1.73510302454129,1.6961951474405
1.625,1.075,0.65,1.74085044686879,1.70494260475284
1.625,1.075,0.675,1.74643699114139,1.71351056864754
1.625,1.075,0.7,1.75186816165883,1.72186415359794
1.625,1.075,0.725,1.75706480040919,1.72994990455641
1.625,1.075,0.75,1.76211048289398,1.73766380956462
1.625,1.075,0.775,1.76693533722151,1.74509588582692
1.625,1.075,0.8,1.77156556261991,1.75219471952402
1.625,1.075,0.825,1.77598236927351,1.7590184713906
1.625,1.075,0.85,1.78022095494291,1.76543980018161
1.625,1.075,0.875,1.78426461712044,1.77156204752246
1.625,1.075,0.9,1.788142116884,1.77738850920806
1.625,1.075,0.925,1.79181804172891,1.7829237700671
1.625,1.075,0.95,1.79533496574709,1.78816622931003
1.625,1.075,0.975,1.79868663736824,1.79312683436908
1.625,1.075,1,1.80188279166242,1.79783857891438
1.625,1.1,0.6,1.73260874799241,1.68965897949831
1.625,1.1,0.625,1.73860651237835,1.69862507956557
1.625,1.1,0.65,1.74444002833027,1.70744663981445
1.625,1.1,0.675,1.74999961387307,1.71602928269326
1.625,1.1,0.7,1.75545267915472,1.72439263693835
1.625,1.1,0.725,1.76071109760742,1.73253094601824
1.625,1.1,0.75,1.76583072063112,1.74028991395742
1.625,1.1,0.775,1.77062047457449,1.74771922852002
1.625,1.1,0.8,1.77529757854885,1.75484438299649
1.625,1.1,0.825,1.77971852876436,1.76167329337223
1.625,1.1,0.85,1.78398357361215,1.76810290547589
1.625,1.1,0.875,1.7880656475143,1.77425604684581
1.625,1.1,0.9,1.79192975895321,1.78007657650029
1.625,1.1,0.925,1.79558245483368,1.78559204715463
1.625,1.1,0.95,1.79913752257911,1.79085604926218
1.625,1.1,0.975,1.80251711918893,1.79583915825896
1.625,1.1,1,1.80567906377434,1.8005367465125
1.625,1.125,0.6,1.73599523870456,1.69176157598557
1.625,1.125,0.625,1.74203607920224,1.7008312113969
1.625,1.125,0.65,1.7479148303174,1.7097383507692
1.625,1.125,0.675,1.75351782816608,1.71832707053509
1.625,1.125,0.7,1.75899911173544,1.72669788275262
1.625,1.125,0.725,1.76429460753561,1.7349055350146
1.625,1.125,0.75,1.769423281984,1.74271571122673
1.625,1.125,0.775,1.77423778301622,1.75013841853473
1.625,1.125,0.8,1.77892446975787,1.75728690305618
1.625,1.125,0.825,1.78337115022857,1.76413465373778
1.625,1.125,0.85,1.78763518058966,1.77057350435464
1.625,1.125,0.875,1.79172898129351,1.77675844195311
1.625,1.125,0.9,1.795599416885,1.78257162189394
1.625,1.125,0.925,1.79926221848018,1.78807389324072
1.625,1.125,0.95,1.80281933902704,1.79336321576908
1.625,1.125,0.975,1.80620510876617,1.79836746632374
1.625,1.125,1,1.80937420027035,1.80305185689008
1.625,1.15,0.6,1.73911947984946,1.69402098046594
1.625,1.15,0.625,1.74521446934585,1.70309175303654
1.625,1.15,0.65,1.75113036467278,1.71200448602498
1.625,1.15,0.675,1.75676463476487,1.72067033151535
1.625,1.15,0.7,1.76227661455738,1.72910460140866
1.625,1.15,0.725,1.76758641433106,1.73729820332506
1.625,1.15,0.75,1.77274963298004,1.74510473146774
1.625,1.15,0.775,1.77757961180646,1.75257765685721
1.625,1.15,0.8,1.78228563514451,1.75973573347352
1.625,1.15,0.825,1.78673374811535,1.766593451978
1.625,1.15,0.85,1.79102084528859,1.77304734753381
1.625,1.15,0.875,1.79512117418219,1.77921780098192
1.625,1.15,0.9,1.79900125091533,1.78505509392069
1.625,1.15,0.925,1.80266787490573,1.79058675420626
1.625,1.15,0.95,1.80623315135845,1.79585898389444
1.625,1.15,0.975,1.80962124485424,1.80084882298727
1.625,1.15,1,1.81279264383136,1.80555521831484
1.625,1.175,0.6,1.74219053672427,1.69593948156212
1.625,1.175,0.625,1.74832049333232,1.70510633944233
1.625,1.175,0.65,1.7542739838287,1.71409831151544
1.625,1.175,0.675,1.75994656104833,1.72276514890436
1.625,1.175,0.7,1.76548295135667,1.73120265892803
1.625,1.175,0.725,1.77082347961569,1.73946051418023
1.625,1.175,0.75,1.77599212280797,1.74731499426306
1.625,1.175,0.775,1.78084393655709,1.75477855247142
1.625,1.175,0.8,1.78555702229427,1.76195716006385
1.625,1.175,0.825,1.79002729231591,1.76883114227584
1.625,1.175,0.85,1.79431224086786,1.77529292634001
1.625,1.175,0.875,1.79842148092694,1.78149323063582
1.625,1.175,0.9,1.80230690038925,1.78732185577964
1.625,1.175,0.925,1.80598264603902,1.79283952792984
1.625,1.175,0.95,1.80954825780228,1.7981358759217
1.625,1.175,0.975,1.81294072951351,1.80314567348344
1.625,1.175,1,1.81611861948682,1.80783834669369
1.625,1.2,0.6,1.7451145490069,1.69797767996036
1.625,1.2,0.625,1.75124362792839,1.70713362262386
1.625,1.2,0.65,1.75719679686292,1.71610934550035
1.625,1.2,0.675,1.76295203468247,1.72487216125637
1.625,1.2,0.7,1.76852509103691,1.73339105069264
1.625,1.2,0.725,1.77385005780106,1.74161664062579
1.625,1.2,0.75,1.77900840287711,1.74945186646316
1.625,1.2,0.775,1.78392009597216,1.75698298597704
1.625,1.2,0.8,1.78862554270843,1.76416332899028
1.625,1.2,0.825,1.79310550535184,1.77105443616569
1.625,1.2,0.85,1.79739917418494,1.77753402418336
1.625,1.2,0.875,1.80149112030101,1.78370316606987
1.625,1.2,0.9,1.80540322028486,1.78956618132295
1.625,1.2,0.925,1.80910776337933,1.79513384511806
1.625,1.2,0.95,1.81265341670974,1.80040050000609
1.625,1.2,0.975,1.81602896940368,1.8053816119698
1.625,1.2,1,1.8192404493469,1.81010995963496
1.625,1.225,0.6,1.74781256841327,1.69976674130331
1.625,1.225,0.625,1.75401937314205,1.70901988148015
1.625,1.225,0.65,1.76003685144957,1.71808698789621
1.625,1.225,0.675,1.76576880757174,1.72682318518169
1.625,1.225,0.7,1.77135193137333,1.73531960452238
1.625,1.225,0.725,1.77673034919335,1.74362114867691
1.625,1.225,0.75,1.78193256980526,1.75151403266457
1.625,1.225,0.775,1.78681559096056,1.7590132657656
1.625,1.225,0.8,1.7915505027359,1.7662177530999
1.625,1.225,0.825,1.79604009154187,1.77311417823191
1.625,1.225,0.85,1.80034221932725,1.77959552729787
1.625,1.225,0.875,1.80446386236326,1.78580856715714
1.625,1.225,0.9,1.80836135743897,1.79165024664025
1.625,1.225,0.925,1.81204741677235,1.79718102467775
1.625,1.225,0.95,1.81561960690833,1.8024827759219
1.625,1.225,0.975,1.81901713498749,1.80749673852982
1.625,1.225,1,1.82220192184177,1.81219626771779
1.625,1.25,0.6,1.75047129895464,1.70164661021964
1.625,1.25,0.625,1.7566755226682,1.71088597096888
1.625,1.25,0.65,1.76269147059299,1.71993445005004
1.625,1.25,0.675,1.76849697141527,1.7287584240112
1.625,1.25,0.7,1.77411178955567,1.73732868316511
1.625,1.25,0.725,1.77947498504413,1.7455977549345
1.625,1.25,0.75,1.78466670993569,1.75347066317808
1.625,1.25,0.775,1.78960301496706,1.7610318379919
1.625,1.25,0.8,1.79432989958893,1.76823660898449
1.625,1.25,0.825,1.79882754458929,1.77514778055976
1.625,1.25,0.85,1.80313661042701,1.78164467341099
1.625,1.25,0.875,1.80724206150132,1.78782762795052
1.625,1.25,0.9,1.81116300018173,1.79370081715919
1.625,1.25,0.925,1.81487463214185,1.79927761354765
1.625,1.25,0.95,1.81842807382217,1.80455088870505
1.625,1.25,0.975,1.82180992982188,1.80953751433513
1.625,1.25,1,1.82502472751234,1.81427001629432
1.625,1.275,0.6,1.75292603072759,1.70328667119859
1.625,1.275,0.625,1.75919923545481,1.71261555471748
1.625,1.275,0.65,1.76527175144234,1.7217484358446
1.625,1.275,0.675,1.77105480324688,1.73054521236648
1.625,1.275,0.7,1.77667779702392,1.73909292942157
1.625,1.275,0.725,1.78208823769349,1.74743223984821
1.625,1.275,0.75,1.78731864557131,1.75535833176403
1.625,1.275,0.775,1.79222802434893,1.76288829312253
1.625,1.275,0.8,1.7969810028379,1.77011484655336
1.625,1.275,0.825,1.80148654301895,1.7770303341043
1.625,1.275,0.85,1.80580276513789,1.78352830008913
1.625,1.275,0.875,1.8099343532719,1.7897519160208
1.625,1.275,0.9,1.81384163129337,1.79560446372422
1.625,1.275,0.925,1.81753601284613,1.80114624648663
1.625,1.275,0.95,1.8211131721258,1.80645218641301
1.625,1.275,0.975,1.824514428636,1.81146928009212
1.625,1.275,1,1.82770467337488,1.81617437312756
1.625,1.3,0.6,1.75534868164974,1.70502243347512
1.625,1.3,0.625,1.76161811738484,1.71433541003662
1.625,1.3,0.65,1.76768827885062,1.72344801485014
1.625,1.3,0.675,1.77353695819221,1.73232572936384
1.625,1.3,0.7,1.77918743436313,1.74094095673495
1.625,1.3,0.725,1.78458317553402,1.74924791967037
1.625,1.3,0.75,1.78980317108885,1.75715356900262
1.625,1.3,0.775,1.79476013457931,1.76474072867962
1.625,1.3,0.8,1.79950492226262,1.77196648435855
1.625,1.3,0.825,1.80401719917776,1.77889476522917
1.625,1.3,0.85,1.80833895070651,1.78540637557816
1.625,1.3,0.875,1.81245545619909,1.79160096800534
1.625,1.3,0.9,1.81638342498405,1.7974825934035
1.625,1.3,0.925,1.82010060307903,1.80306695646376
1.625,1.3,0.95,1.82366021840779,1.80834555573596
1.625,1.3,0.975,1.82704699432848,1.81333657257023
1.625,1.3,1,1.83026415831346,1.81807230511926
1.625,1.325,0.6,1.75753932503469,1.70664454450115
1.625,1.325,0.625,1.76388075131401,1.71599257466844
1.625,1.325,0.65,1.77000307410755,1.72514553366081
1.625,1.325,0.675,1.77582231060832,1.73403110726292
1.625,1.325,0.7,1.78147885145118,1.74265033602956
1.625,1.325,0.725,1.78691310667423,1.75098510853668
1.625,1.325,0.75,1.79218081999447,1.75891231869017
1.625,1.325,0.775,1.79710614558149,1.76649665936143
1.625,1.325,0.8,1.80187956574387,1.77373656426554
1.625,1.325,0.825,1.80639010179942,1.78066488095176
1.625,1.325,0.85,1.81072730053641,1.78717812582811
1.625,1.325,0.875,1.81486807843773,1.79338893554219
1.625,1.325,0.9,1.81878294255396,1.79926626630111
1.625,1.325,0.925,1.82247950234024,1.8048365822572
1.625,1.325,0.95,1.82606563806777,1.81012557903607
1.625,1.325,0.975,1.82947060035586,1.81512855959093
1.625,1.325,1,1.83266121447993,1.81985478317911
1.625,1.35,0.6,1.7597992629635,1.70813436218048
1.625,1.35,0.625,1.76612556377969,1.71751248468743
1.625,1.35,0.65,1.77224277652669,1.72668179716833
1.625,1.35,0.675,1.77812874629196,1.73560691213507
1.625,1.35,0.7,1.78380983543441,1.74426166489793
1.625,1.35,0.725,1.78923343478232,1.75260179428542
1.625,1.35,0.75,1.79447750363196,1.76053602186189
1.625,1.35,0.775,1.79945190399956,1.7681457510686
1.625,1.35,0.8,1.80421172342408,1.77538961839526
1.625,1.35,0.825,1.80873616833521,1.78233255544588
1.625,1.35,0.85,1.8130684214023,1.7888567388725
1.625,1.35,0.875,1.81719401258912,1.79506117902173
1.625,1.35,0.9,1.82112758096535,1.80094981993094
1.625,1.35,0.925,1.824849092358,1.80654046914569
1.625,1.35,0.95,1.82841360190277,1.811823349132
1.625,1.35,0.975,1.83180420603505,1.81681785847679
1.625,1.35,1,1.83502300401265,1.82155608559592
1.625,1.375,0.6,1.76179967118163,1.7096371217373
1.625,1.375,0.625,1.76819166329467,1.71904452229282
1.625,1.375,0.65,1.77435588221278,1.72824878958414
1.625,1.375,0.675,1.78021314288,1.73718074048867
1.625,1.375,0.7,1.78589852023581,1.74583884317395
1.625,1.375,0.725,1.79135704965636,1.75420299707133
1.625,1.375,0.75,1.79664474272626,1.76215521976474
1.625,1.375,0.775,1.80158890427592,1.7697622853689
1.625,1.375,0.8,1.80637467124797,1.77701854282754
1.625,1.375,0.825,1.81089679877805,1.78396097376099
1.625,1.375,0.85,1.81524300638555,1.79048592384974
1.625,1.375,0.875,1.81939067317422,1.79670437933388
1.625,1.375,0.9,1.82331163792236,1.80258912397493
1.625,1.375,0.925,1.82701341609461,1.80816688710618
1.625,1.375,0.95,1.83060252271032,1.81345850958814
1.625,1.375,0.975,1.83400974894575,1.81846341668025
1.625,1.375,1,1.83720359805456,1.82319302870552
1.625,1.4,0.6,1.76386917701631,1.71100853834275
1.625,1.4,0.625,1.77024529615237,1.7204444046574
1.625,1.4,0.65,1.77640354497565,1.72966398032102
1.625,1.4,0.675,1.7823218871949,1.73863102117147
1.625,1.4,0.7,1.78802939750606,1.74732062452498
1.625,1.4,0.725,1.79347696740565,1.75568988848553
1.625,1.4,0.75,1.7987416413815,1.76364915471559
1.625,1.4,0.775,1.80373083751544,1.77127856076522
1.625,1.4,0.8,1.8085033420313,1.77853811959116
1.625,1.4,0.825,1.81303795262795,1.78549365752848
1.625,1.4,0.85,1.81737893683697,1.79202862095838
1.625,1.4,0.875,1.82151202270258,1.79824142175308
1.625,1.4,0.9,1.82545005274063,1.80413590636451
1.625,1.4,0.925,1.82917493902458,1.80973178557571
1.625,1.4,0.95,1.83274332404266,1.81501809905719
1.625,1.4,0.975,1.83613689175727,1.82001537440375
1.625,1.4,1,1.83935675974354,1.82475550395611
1.625,1.425,0.6,1.76569908178339,1.71239912639437
1.625,1.425,0.625,1.77213553827219,1.72185986655554
1.625,1.425,0.65,1.77833639303745,1.7311102760515
1.625,1.425,0.675,1.78422684874798,1.74008405517087
1.625,1.425,0.7,1.78993727186624,1.74877710406537
1.625,1.425,0.725,1.79541670120093,1.75716737635295
1.625,1.425,0.75,1.80072152720133,1.76514174204908
1.625,1.425,0.775,1.80568183698271,1.77276904209757
1.625,1.425,0.8,1.81047802486738,1.78003966490298
1.625,1.425,0.825,1.81500988406361,1.78699443495914
1.625,1.425,0.85,1.81936360594049,1.79352957104563
1.625,1.425,0.875,1.82351688471564,1.79975450268105
1.625,1.425,0.9,1.82744283833524,1.80564562245686
1.625,1.425,0.925,1.83114883540607,1.81122982292853
1.625,1.425,0.95,1.83474016677161,1.81652342492798
1.625,1.425,0.975,1.83814900874287,1.82152972117123
1.625,1.425,1,1.84134538584402,1.82626215209472
1.625,1.45,0.6,1.76756491614604,1.7135899632967
1.625,1.45,0.625,1.77401061305111,1.72312039346329
1.625,1.45,0.65,1.78022472970114,1.73242798261639
1.625,1.45,0.675,1.78613787437506,1.74138634389058
1.625,1.45,0.7,1.791861503752,1.75006939096442
1.625,1.45,0.725,1.79735174353797,1.75850653807463
1.625,1.45,0.75,1.80265164845415,1.76651821332574
1.625,1.45,0.775,1.80762543818898,1.77412796888885
1.625,1.45,0.8,1.81242185762884,1.78141022395343
1.625,1.45,0.825,1.81696486144731,1.78837316470346
1.625,1.45,0.85,1.8213140760171,1.79491246594049
1.625,1.45,0.875,1.82546793427378,1.80116091553929
1.625,1.45,0.9,1.82939714262335,1.8070397460473
1.625,1.45,0.925,1.83310972671958,1.81260829495175
1.625,1.45,0.95,1.83669665525075,1.81792220806194
1.625,1.45,0.975,1.84010462141643,1.82294474740094
1.625,1.45,1,1.84330598772805,1.82766253193521
1.625,1.475,0.6,1.76927649418352,1.71495951878536
1.625,1.475,0.625,1.77575205134735,1.72446727230589
1.625,1.475,0.65,1.78198501397644,1.73375835745537
1.625,1.475,0.675,1.78790455781535,1.74276885120045
1.625,1.475,0.7,1.79363676667523,1.75149250907771
1.625,1.475,0.725,1.79913424177417,1.75990568518009
1.625,1.475,0.75,1.80445372738144,1.76789948735699
1.625,1.475,0.775,1.8094279350347,1.77554434471579
1.625,1.475,0.8,1.8142329046755,1.78282735924259
1.625,1.475,0.825,1.81877296509195,1.78979273657548
1.625,1.475,0.85,1.82313292457029,1.79633661200888
1.625,1.475,0.875,1.82729076092724,1.80256702069558
1.625,1.475,0.9,1.83122077089219,1.8084634283569
1.625,1.475,0.925,1.83493018369261,1.81405302001435
1.625,1.475,0.95,1.83852311896949,1.8193481276747
1.625,1.475,0.975,1.84193305972348,1.8243554165483
1.625,1.475,1,1.84513139797047,1.82909005580662
1.625,1.5,0.6,1.77099226970246,1.71605701022369
1.625,1.5,0.625,1.77747460554893,1.72563118451404
1.625,1.5,0.65,1.78371842544842,1.73497678662138
1.625,1.5,0.675,1.78965905929706,1.74397043962379
1.625,1.5,0.7,1.79540342734948,1.75268300391082
1.625,1.5,0.725,1.80090973330775,1.76114092673424
1.625,1.5,0.75,1.80622350074916,1.7691707898816
1.625,1.5,0.775,1.81121036671555,1.77679754433051
1.625,1.5,0.8,1.81601504143176,1.78409129722314
1.625,1.5,0.825,1.82056512594025,1.79106399822407
1.625,1.5,0.85,1.82492053350733,1.79761176931632
1.625,1.5,0.875,1.82907820445296,1.80386489747444
1.625,1.5,0.9,1.83301134158099,1.80974884408591
1.625,1.5,0.925,1.83672711364882,1.81532282577517
1.625,1.5,0.95,1.84031529377784,1.82063774264366
1.625,1.5,0.975,1.84372391021646,1.82566078570691
1.625,1.5,1,1.84692711165002,1.8303808698872
1.65,0.75,0.6,1.65762018190664,1.63975854805816
1.65,0.75,0.625,1.66204740560606,1.64724239047662
1.65,0.75,0.65,1.66642511252486,1.65455965874763
1.65,0.75,0.675,1.67079225860239,1.66191356200499
1.65,0.75,0.7,1.67521477329785,1.6692107962516
1.65,0.75,0.725,1.67951899649282,1.67640095022778
1.65,0.75,0.75,1.68375209219166,1.68329563469485
1.65,0.75,0.775,1.68788872412583,1.69018060590293
1.65,0.75,0.8,1.69189036174305,1.69668240638489
1.65,0.75,0.825,1.69574015128086,1.70291168312981
1.65,0.75,0.85,1.69955421337873,1.70910393469533
1.65,0.75,0.875,1.70325331478084,1.71494392775212
1.65,0.75,0.9,1.7067029680791,1.72044295817083
1.65,0.75,0.925,1.71014727523866,1.72578951909322
1.65,0.75,0.95,1.71340287735289,1.73090219074498
1.65,0.75,0.975,1.7165442401259,1.7357006430002
1.65,0.75,1,1.71953770301037,1.74031494442658
1.65,0.775,0.6,1.66440919643349,1.64398773617711
1.65,0.775,0.625,1.66891161759568,1.651530281538
1.65,0.775,0.65,1.67344424633645,1.65901023416316
1.65,0.775,0.675,1.6779999405806,1.66650147591166
1.65,0.775,0.7,1.68250447849422,1.67390369206288
1.65,0.775,0.725,1.68691868720949,1.68122464711632
1.65,0.775,0.75,1.69123741057751,1.68825564164475
1.65,0.775,0.775,1.69549233405723,1.69504885718491
1.65,0.775,0.8,1.69956551096388,1.70177171367629
1.65,0.775,0.825,1.70356116339934,1.70816781956664
1.65,0.775,0.85,1.70737409897326,1.71433054580629
1.65,0.775,0.875,1.71107979366843,1.72016515423718
1.65,0.775,0.9,1.71467503468739,1.72578591282188
1.65,0.775,0.925,1.71812666770173,1.73115004703978
1.65,0.775,0.95,1.72142901210758,1.73630481645156
1.65,0.775,0.975,1.7246107410535,1.74114967737267
1.65,0.775,1,1.72766782892569,1.74579183194457
1.65,0.8,0.6,1.67071209832345,1.64788062709372
1.65,0.8,0.625,1.67546398415608,1.65566225686077
1.65,0.8,0.65,1.68014706725636,1.66326184145158
1.65,0.8,0.675,1.68479482154946,1.67087193899242
1.65,0.8,0.7,1.68945971712949,1.67839795818496
1.65,0.8,0.725,1.69398558185995,1.6857988117571
1.65,0.8,0.75,1.69839888494179,1.69290470855575
1.65,0.8,0.775,1.70275661782447,1.69990636899036
1.65,0.8,0.8,1.70694196991171,1.70653401634634
1.65,0.8,0.825,1.71090054522775,1.71293434449045
1.65,0.8,0.85,1.71484246934796,1.71922875575605
1.65,0.8,0.875,1.71865890609348,1.72516210087303
1.65,0.8,0.9,1.72221742532251,1.73074951670806
1.65,0.8,0.925,1.72574872013003,1.73616678917876
1.65,0.8,0.95,1.72908634142174,1.74134367978629
1.65,0.8,0.975,1.73230207030952,1.74620018357298
1.65,0.8,1,1.73536496844924,1.75086299932635
1.65,0.825,0.6,1.67692282499004,1.65177532350817
1.65,0.825,0.625,1.68173302698461,1.65960074995968
1.65,0.825,0.65,1.68654740841442,1.6673433474891
1.65,0.825,0.675,1.6913555061957,1.67507098883096
1.65,0.825,0.7,1.69608401372301,1.68268307986096
1.65,0.825,0.725,1.70069960069305,1.69019371899526
1.65,0.825,0.75,1.70520028516605,1.69739636010757
1.65,0.825,0.775,1.70956680941269,1.70439368156122
1.65,0.825,0.8,1.71385516646662,1.71116680921468
1.65,0.825,0.825,1.71801137516463,1.7176382793861
1.65,0.825,0.85,1.72188285136764,1.72395778068419
1.65,0.825,0.875,1.72570072216367,1.72987592005154
1.65,0.825,0.9,1.7293831064837,1.73556854410029
1.65,0.825,0.925,1.73291444778021,1.74099537078438
1.65,0.825,0.95,1.73628734688585,1.74620528100973
1.65,0.825,0.975,1.7395332948689,1.75109952346602
1.65,0.825,1,1.74264743605044,1.75578352398772
1.65,0.85,0.6,1.68258850814287,1.65545874916714
1.65,0.85,0.625,1.68758376541491,1.66344127677759
1.65,0.85,0.65,1.69255651947129,1.67129162930402
1.65,0.85,0.675,1.6974233001039,1.67911789800935
1.65,0.85,0.7,1.70229665767488,1.68683064299599
1.65,0.85,0.725,1.70698027892298,1.69439621742562
1.65,0.85,0.75,1.71158480359156,1.70166615184495
1.65,0.85,0.775,1.71607101813134,1.70876910066671
1.65,0.85,0.8,1.72036898588592,1.71556318044427
1.65,0.85,0.825,1.72448279366391,1.72206448046823
1.65,0.85,0.85,1.72856490817819,1.72833917019455
1.65,0.85,0.875,1.73240591034187,1.73440695711369
1.65,0.85,0.9,1.73605162023433,1.74008562587576
1.65,0.85,0.925,1.73965661200531,1.7455490464129
1.65,0.85,0.95,1.74303910683554,1.75077086047188
1.65,0.85,0.975,1.7463285237737,1.75567873993632
1.65,0.85,1,1.74943500219358,1.76037854444149
1.65,0.875,0.6,1.68831270178352,1.65892109425531
1.65,0.875,0.625,1.69338393786764,1.66699101029606
1.65,0.875,0.65,1.69843483104654,1.67495862972838
1.65,0.875,0.675,1.70345243452757,1.68288675579726
1.65,0.875,0.7,1.70836506491855,1.69067503141279
1.65,0.875,0.725,1.71314493008122,1.69834283325759
1.65,0.875,0.75,1.71779417323848,1.70568548356809
1.65,0.875,0.775,1.72229345092751,1.71280541176813
1.65,0.875,0.8,1.72668969546285,1.71968270014563
1.65,0.875,0.825,1.73090074286007,1.72628646510638
1.65,0.875,0.85,1.73492703256794,1.73262060759119
1.65,0.875,0.875,1.73888632672369,1.73855053921164
1.65,0.875,0.9,1.74255378751453,1.74438081483157
1.65,0.875,0.925,1.74614924629266,1.74985251703739
1.65,0.875,0.95,1.74957594426658,1.75510390777284
1.65,0.875,0.975,1.75287023103817,1.76003566033031
1.65,0.875,1,1.75602675718553,1.76475110644004
1.65,0.9,0.6,1.69345018364923,1.66229017651066
1.65,0.9,0.625,1.69868223079619,1.67049778996415
1.65,0.9,0.65,1.70386738712549,1.67855753050778
1.65,0.9,0.675,1.70893078639079,1.68656924921071
1.65,0.9,0.7,1.71396642828128,1.69444484170985
1.65,0.9,0.725,1.71880043207083,1.70215665143248
1.65,0.9,0.75,1.72353625407649,1.70955416220569
1.65,0.9,0.775,1.72813721514902,1.71676346247139
1.65,0.9,0.8,1.73253792390181,1.72365447295028
1.65,0.9,0.825,1.73674044246183,1.73024474226307
1.65,0.9,0.85,1.7408361755019,1.73664987221743
1.65,0.9,0.875,1.74482600633621,1.74269517351073
1.65,0.9,0.9,1.74858678665058,1.74837911993974
1.65,0.9,0.925,1.75217295500566,1.75395215634423
1.65,0.9,0.95,1.7556057577794,1.75921031870932
1.65,0.9,0.975,1.75893551299418,1.76415116324165
1.65,0.9,1,1.76208205559075,1.76887841068239
1.65,0.925,0.6,1.69855252642904,1.66536292534241
1.65,0.925,0.625,1.7039156236618,1.67372554775499
1.65,0.925,0.65,1.70916565648661,1.6818698928933
1.65,0.925,0.675,1.71432420194461,1.68996575174425
1.65,0.925,0.7,1.7194233756607,1.69791634997016
1.65,0.925,0.725,1.72434192845902,1.70569917327656
1.65,0.925,0.75,1.72911060824161,1.71314353987137
1.65,0.925,0.775,1.73376996226362,1.72042839400449
1.65,0.925,0.8,1.73820669160692,1.72733784835207
1.65,0.925,0.825,1.7424452909289,1.73393508768493
1.65,0.925,0.85,1.74659197191599,1.74040286233074
1.65,0.925,0.875,1.75059714022871,1.74649154003329
1.65,0.925,0.9,1.75433021827268,1.75222830985185
1.65,0.925,0.925,1.75802927407991,1.75772720720742
1.65,0.925,0.95,1.76144900949573,1.76305090604327
1.65,0.925,0.975,1.76478212116339,1.76799701138003
1.65,0.925,1,1.76795125282635,1.77273453179221
1.65,0.95,0.6,1.70328068397309,1.66854251594341
1.65,0.95,0.625,1.70871249988245,1.67694349462427
1.65,0.95,0.65,1.71407608265911,1.68518181375286
1.65,0.95,0.675,1.71930229603405,1.69335119960058
1.65,0.95,0.7,1.72447166235495,1.70136328341056
1.65,0.95,0.725,1.72942815697713,1.70919759547842
1.65,0.95,0.75,1.73427032895491,1.71670116195479
1.65,0.95,0.775,1.73896400560225,1.72399760326954
1.65,0.95,0.8,1.74344660208137,1.73096794634178
1.65,0.95,0.825,1.74772034710822,1.73763040054842
1.65,0.95,0.85,1.75187713386791,1.74408871670189
1.65,0.95,0.875,1.75591760894958,1.750182698835
1.65,0.95,0.9,1.75967387562188,1.75596641796136
1.65,0.95,0.925,1.76336517022156,1.76150427403595
1.65,0.95,0.95,1.76690622961122,1.76672110949699
1.65,0.95,0.975,1.77018145087426,1.77177259895221
1.65,0.95,1,1.77336043655201,1.77651893952349
1.65,0.975,0.6,1.7078958883774,1.67134429349538
1.65,0.975,0.625,1.71343840349587,1.67988499253579
1.65,0.975,0.65,1.71885424020647,1.68819546134274
1.65,0.975,0.675,1.72416041545005,1.69643695630034
1.65,0.975,0.7,1.7293809869268,1.70451291381141
1.65,0.975,0.725,1.73440865936898,1.71240764889504
1.65,0.975,0.75,1.73927539003957,1.71995006935854
1.65,0.975,0.775,1.74401593576333,1.72731402554551
1.65,0.975,0.8,1.74852746072624,1.73429564747788
1.65,0.975,0.825,1.75283129375637,1.74095932141383
1.65,0.975,0.85,1.75702935512769,1.74747343946032
1.65,0.975,0.875,1.76108082426771,1.75360501531322
1.65,0.975,0.9,1.76485830258584,1.75938395516957
1.65,0.975,0.925,1.76855748582914,1.7649442844282
1.65,0.975,0.95,1.77205499796088,1.77024756159044
1.65,0.975,0.975,1.77544602603207,1.77518754488031
1.65,0.975,1,1.77859495132784,1.77998986957179
1.65,1,0.6,1.71216768884862,1.67425479221592
1.65,1,0.625,1.71776819748265,1.68282342150784
1.65,1,0.65,1.72328172492913,1.6912160402897
1.65,1,0.675,1.72864367506744,1.69952069874053
1.65,1,0.7,1.7339233763165,1.70764896434519
1.65,1,0.725,1.73898041504474,1.7155868947423
1.65,1,0.75,1.74390943664772,1.72317972311069
1.65,1,0.775,1.74867801839184,1.730548498954
1.65,1,0.8,1.75322661915821,1.73758492831428
1.65,1,0.825,1.7575575149193,1.74430746074871
1.65,1,0.85,1.76176290535553,1.75080825666462
1.65,1,0.875,1.76584479904031,1.75693966346814
1.65,1,0.9,1.76964069286035,1.76276026192589
1.65,1,0.925,1.77335805378448,1.76832652339809
1.65,1,0.95,1.77685427199246,1.77364038310328
1.65,1,0.975,1.78023766375603,1.77862720703272
1.65,1,1,1.78349845595035,1.78333141430201
1.65,1.025,0.6,1.71634179440309,1.67680163747401
1.65,1.025,0.625,1.72203585721217,1.68549832430828
1.65,1.025,0.65,1.72759135594328,1.69395378941937
1.65,1.025,0.675,1.7330207833201,1.70232154417514
1.65,1.025,0.7,1.73834187772379,1.71050536847416
1.65,1.025,0.725,1.74345920332367,1.7184957490224
1.65,1.025,0.75,1.74840642251759,1.7261215576462
1.65,1.025,0.775,1.75321272842644,1.73355184769043
1.65,1.025,0.8,1.75778484993715,1.74059424174864
1.65,1.025,0.825,1.76214113094082,1.74731386230493
1.65,1.025,0.85,1.76637996652566,1.75386547424752
1.65,1.025,0.875,1.77046852280559,1.76003143434553
1.65,1.025,0.9,1.77428226732158,1.76584415645282
1.65,1.025,0.925,1.77800566830166,1.77142858524366
1.65,1.025,0.95,1.78152468324832,1.77675523559934
1.65,1.025,0.975,1.78490364352467,1.78174794760254
1.65,1.025,1,1.78811934618361,1.78651799417585
1.65,1.05,0.6,1.72031848610295,1.67944131779203
1.65,1.05,0.625,1.72602310820646,1.68813482116135
1.65,1.05,0.65,1.73163844118405,1.69666930866258
1.65,1.05,0.675,1.73714740456102,1.70509394826346
1.65,1.05,0.7,1.74248481082855,1.7133127849991
1.65,1.05,0.725,1.74763751806334,1.72135694506315
1.65,1.05,0.75,1.75261962615721,1.7290310465572
1.65,1.05,0.775,1.75741344866908,1.73643422194074
1.65,1.05,0.8,1.7620476123998,1.74354672648998
1.65,1.05,0.825,1.7664635911235,1.75035782281408
1.65,1.05,0.85,1.7706793159534,1.7568677425257
1.65,1.05,0.875,1.77475176055791,1.76301086940171
1.65,1.05,0.9,1.7786306501726,1.76888745340588
1.65,1.05,0.925,1.78234161927302,1.77446790356849
1.65,1.05,0.95,1.7858711696328,1.779808275478
1.65,1.05,0.975,1.78925834841762,1.78481881213353
1.65,1.05,1,1.7924963015046,1.78959677463556
1.65,1.075,0.6,1.72398079951601,1.6817954776908
1.65,1.075,0.625,1.72980360464279,1.69062735647398
1.65,1.075,0.65,1.7354771868705,1.69920834528079
1.65,1.075,0.675,1.74101022894777,1.70768473158445
1.65,1.075,0.7,1.74641498290965,1.71596071425722
1.65,1.075,0.725,1.75160665623174,1.72403246149986
1.65,1.075,0.75,1.75662021796637,1.73172908562005
1.65,1.075,0.775,1.76148014426801,1.73921507691399
1.65,1.075,0.8,1.76610170417471,1.7463084320366
1.65,1.075,0.825,1.77050066334549,1.75307497661237
1.65,1.075,0.85,1.77477200496408,1.75965715484664
1.65,1.075,0.875,1.77888995221945,1.765851285744
1.65,1.075,0.9,1.78273288438372,1.77169176124039
1.65,1.075,0.925,1.78647524908187,1.77729524554107
1.65,1.075,0.95,1.79001238710866,1.78263912603741
1.65,1.075,0.975,1.7934071291033,1.78764808127435
1.65,1.075,1,1.79663638356194,1.7924314078569
1.65,1.1,0.6,1.72758077576372,1.6842184194039
1.65,1.1,0.625,1.73340984806035,1.69304170903933
1.65,1.1,0.65,1.73913414943972,1.70169260426092
1.65,1.1,0.675,1.74473599069725,1.71021797846005
1.65,1.1,0.7,1.75015242374405,1.71852261564255
1.65,1.1,0.725,1.75537337860303,1.72664076563576
1.65,1.1,0.75,1.76041584981843,1.73437942404633
1.65,1.1,0.775,1.76526257764131,1.74183712411969
1.65,1.1,0.8,1.76993770117694,1.74899356521997
1.65,1.1,0.825,1.77438843580354,1.75584314997223
1.65,1.1,0.85,1.77863734556058,1.76238442900304
1.65,1.1,0.875,1.7827393865782,1.76855532029768
1.65,1.1,0.9,1.78663932236147,1.77445394124902
1.65,1.1,0.925,1.79036930410303,1.78005226600036
1.65,1.1,0.95,1.79391472396162,1.78540762834114
1.65,1.1,0.975,1.79731591973716,1.79043170868056
1.65,1.1,1,1.80056504239589,1.79522070864271
1.65,1.125,0.6,1.73083937723576,1.68648811692107
1.65,1.125,0.625,1.73675944429221,1.69538554432947
1.65,1.125,0.65,1.74255375600981,1.70408014693327
1.65,1.125,0.675,1.74816628149447,1.71264702665253
1.65,1.125,0.7,1.75364832277345,1.72099776868915
1.65,1.125,0.725,1.75888771023329,1.72913174708748
1.65,1.125,0.75,1.76397277807073,1.73689313444263
1.65,1.125,0.775,1.76887472298185,1.74439599108083
1.65,1.125,0.8,1.77353883458065,1.75155527721959
1.65,1.125,0.825,1.7779690757005,1.75838848530627
1.65,1.125,0.85,1.78225839082172,1.76496463473979
1.65,1.125,0.875,1.78641128846145,1.77116194337895
1.65,1.125,0.9,1.79027405563806,1.77704850212693
1.65,1.125,0.925,1.79403716961907,1.78266090031268
1.65,1.125,0.95,1.79757878669956,1.78801626393851
1.65,1.125,0.975,1.80099675494972,1.79304061842219
1.65,1.125,1,1.8042331507723,1.79783357802639
1.65,1.15,0.6,1.73416184949065,1.68859537664401
1.65,1.15,0.625,1.74009755273275,1.69753242958109
1.65,1.15,0.65,1.74591470611606,1.70628500428511
1.65,1.15,0.675,1.75159515675204,1.71489798606356
1.65,1.15,0.7,1.75707812895475,1.72327689731918
1.65,1.15,0.725,1.76235618540649,1.73145873035659
1.65,1.15,0.75,1.767448959923,1.73925276843036
1.65,1.15,0.775,1.77233954205674,1.74675699195301
1.65,1.15,0.8,1.77704825451403,1.75395066994617
1.65,1.15,0.825,1.78152730326775,1.76083277326618
1.65,1.15,0.85,1.78580324425391,1.76740024969296
1.65,1.15,0.875,1.78992926372114,1.77359427723497
1.65,1.15,0.9,1.79384593951095,1.77951111004832
1.65,1.15,0.925,1.7975909989681,1.78512399917433
1.65,1.15,0.95,1.80114889763469,1.79049138190978
1.65,1.15,0.975,1.80456114657988,1.79552624618302
1.65,1.15,1,1.80781924888252,1.80032353061319
1.65,1.175,0.6,1.73711699313558,1.69068434038923
1.65,1.175,0.625,1.74313339447224,1.69968572874291
1.65,1.175,0.65,1.74901185437361,1.7084750072126
1.65,1.175,0.675,1.75469937713608,1.71712341220631
1.65,1.175,0.7,1.76024014589601,1.72554264573783
1.65,1.175,0.725,1.76553263287768,1.73373697055907
1.65,1.175,0.75,1.77066247436222,1.74154957867648
1.65,1.175,0.775,1.7756018383708,1.74909276315662
1.65,1.175,0.8,1.78029881051391,1.75628840225674
1.65,1.175,0.825,1.78475716406882,1.76315482235266
1.65,1.175,0.85,1.78906909535178,1.76975257339433
1.65,1.175,0.875,1.79324066075395,1.77596881057728
1.65,1.175,0.9,1.79712220225505,1.78187428277386
1.65,1.175,0.925,1.80089659513353,1.78749925346055
1.65,1.175,0.95,1.80445019484867,1.79286597377816
1.65,1.175,0.975,1.80787711307329,1.79790015419731
1.65,1.175,1,1.81112303700948,1.80270038733298
1.65,1.2,0.6,1.74008483735652,1.69252886974427
1.65,1.2,0.625,1.74615416218238,1.70162770443477
1.65,1.2,0.65,1.75205188823375,1.71045611009894
1.65,1.2,0.675,1.75777878879033,1.71914501429715
1.65,1.2,0.7,1.76333963346306,1.72759937372941
1.65,1.2,0.725,1.76866803279522,1.73582696027677
1.65,1.2,0.75,1.77380304817149,1.7436589281364
1.65,1.2,0.775,1.77875984770152,1.75124957487402
1.65,1.2,0.8,1.78346996475314,1.75843906285957
1.65,1.2,0.825,1.78794456386195,1.76529350619497
1.65,1.2,0.85,1.79227262087084,1.77193071042768
1.65,1.2,0.875,1.79644149543443,1.77817535890039
1.65,1.2,0.9,1.80033454577389,1.78406672917032
1.65,1.2,0.925,1.80410900569137,1.78970329610506
1.65,1.2,0.95,1.80767614493113,1.79507661164133
1.65,1.2,0.975,1.8110975993865,1.80011297537825
1.65,1.2,1,1.81435098003898,1.8049160785846
1.65,1.225,0.6,1.74281983711138,1.69453161529871
1.65,1.225,0.625,1.7489193410041,1.7036256831198
1.65,1.225,0.65,1.75487017420658,1.71249917382967
1.65,1.225,0.675,1.76062185383648,1.72121985568303
1.65,1.225,0.7,1.7662125120348,1.72969953015755
1.65,1.225,0.725,1.7715499081659,1.73794683143338
1.65,1.225,0.75,1.77671747661413,1.74580421904613
1.65,1.225,0.775,1.78168805179696,1.75338230139021
1.65,1.225,0.8,1.78641243430354,1.76060951233789
1.65,1.225,0.825,1.79089410032821,1.7675047465103
1.65,1.225,0.85,1.79522448422148,1.77412068387205
1.65,1.225,0.875,1.79941118440625,1.78035281086665
1.65,1.225,0.9,1.80330807144003,1.78627442817445
1.65,1.225,0.925,1.80709132856059,1.79190977866223
1.65,1.225,0.95,1.81065440457421,1.79728584216987
1.65,1.225,0.975,1.8140883049931,1.80232808057757
1.65,1.225,1,1.81734170573574,1.80713412059455
1.65,1.25,0.6,1.74552213379795,1.6962209357169
1.65,1.25,0.625,1.75166680866034,1.70540563688332
1.65,1.25,0.65,1.7576331149191,1.7143136219848
1.65,1.25,0.675,1.76341888583053,1.72307028296559
1.65,1.25,0.7,1.76902600560043,1.73158107557566
1.65,1.25,0.725,1.77439473708901,1.73985782514063
1.65,1.25,0.75,1.77956556112798,1.74773214859794
1.65,1.25,0.775,1.78455006701615,1.75535481771935
1.65,1.25,0.8,1.78928588464757,1.76257385446358
1.65,1.25,0.825,1.7937821956676,1.76945570564953
1.65,1.25,0.85,1.79812566615649,1.77610874438718
1.65,1.25,0.875,1.8023084030487,1.78236812397641
1.65,1.25,0.9,1.80621568814968,1.78827476645947
1.65,1.25,0.925,1.80999821502721,1.79392054819571
1.65,1.25,0.95,1.81357309188145,1.79930215127126
1.65,1.25,0.975,1.81700144335431,1.8043462920183
1.65,1.25,1,1.82026116288314,1.80915457638105
1.65,1.275,0.6,1.74801185425855,1.69807522830474
1.65,1.275,0.625,1.75418334521644,1.70725045184836
1.65,1.275,0.65,1.76019657722547,1.71619762890114
1.65,1.275,0.675,1.76600335489653,1.72498134929859
1.65,1.275,0.7,1.77163653246581,1.73351346192493
1.65,1.275,0.725,1.77701211855677,1.74180665273685
1.65,1.275,0.75,1.78221154569284,1.74970274737718
1.65,1.275,0.775,1.78720827909356,1.75731086537107
1.65,1.275,0.8,1.79195558081033,1.76456500109511
1.65,1.275,0.825,1.79645669419921,1.77148482532779
1.65,1.275,0.85,1.80080221673048,1.77811607019764
1.65,1.275,0.875,1.80500116166728,1.78436159722376
1.65,1.275,0.9,1.80891064491565,1.79029672491339
1.65,1.275,0.925,1.81270083089156,1.79594056223576
1.65,1.275,0.95,1.81627143767682,1.80132424455614
1.65,1.275,0.975,1.81971072067047,1.80637305550101
1.65,1.275,1,1.82296997767335,1.81118368477788
1.65,1.3,0.6,1.75047725082731,1.69962326423497
1.65,1.3,0.625,1.75668741563637,1.70888341117027
1.65,1.3,0.65,1.7627131109273,1.71786136185774
1.65,1.3,0.675,1.76854963433842,1.72667741594488
1.65,1.3,0.7,1.77419635990387,1.73523744290746
1.65,1.3,0.725,1.77959949048301,1.7435569778717
1.65,1.3,0.75,1.78480070369216,1.75146810891626
1.65,1.3,0.775,1.7898084748726,1.75911839907069
1.65,1.3,0.8,1.79456591257449,1.76636283725407
1.65,1.3,0.825,1.79908043252478,1.77326826269611
1.65,1.3,0.85,1.80343651002306,1.77993459519339
1.65,1.3,0.875,1.80763048416385,1.78620641048764
1.65,1.3,0.9,1.81154953451285,1.79212595715485
1.65,1.3,0.925,1.81533839026651,1.79777928709996
1.65,1.3,0.95,1.8189193699078,1.80316765331504
1.65,1.3,0.975,1.82235310114832,1.80821819368812
1.65,1.3,1,1.82561776992566,1.81303057431482
1.65,1.325,0.6,1.75283030402426,1.70130325761392
1.65,1.325,0.625,1.75903673765226,1.71054141292247
1.65,1.325,0.65,1.76508734632778,1.71956232875526
1.65,1.325,0.675,1.77096360520745,1.72840440252112
1.65,1.325,0.7,1.77661040447367,1.73697652440936
1.65,1.325,0.725,1.78202751249823,1.74532188089075
1.65,1.325,0.75,1.78724140992359,1.75325732488081
1.65,1.325,0.775,1.79223621754595,1.76087868863572
1.65,1.325,0.8,1.7970240392159,1.76816571884321
1.65,1.325,0.825,1.80156903574629,1.77512854800964
1.65,1.325,0.85,1.80590665297645,1.78175929742311
1.65,1.325,0.875,1.810086483255,1.78800862360239
1.65,1.325,0.9,1.81404034565471,1.79396875461043
1.65,1.325,0.925,1.81781790186228,1.79961535116902
1.65,1.325,0.95,1.82140205896005,1.80500953120478
1.65,1.325,0.975,1.82483717173607,1.81006832934533
1.65,1.325,1,1.82811345355944,1.81488286594424
1.65,1.35,0.6,1.75500271357521,1.70276664819269
1.65,1.35,0.625,1.76126994252402,1.71209276988954
1.65,1.35,0.65,1.76734729328039,1.72113215699484
1.65,1.35,0.675,1.7732276250159,1.73000019382503
1.65,1.35,0.7,1.77890842744705,1.73860311495081
1.65,1.35,0.725,1.78434091391671,1.74695984206568
1.65,1.35,0.75,1.78956809924009,1.75490293557938
1.65,1.35,0.775,1.79459553277212,1.76257688171624
1.65,1.35,0.8,1.79937119506364,1.76984326161672
1.65,1.35,0.825,1.80390093923394,1.77676910719805
1.65,1.35,0.85,1.80826739959081,1.78344644737171
1.65,1.35,0.875,1.81247062179133,1.78972858962966
1.65,1.35,0.9,1.81639934861232,1.79565916044152
1.65,1.35,0.925,1.82019321220635,1.80131861507096
1.65,1.35,0.95,1.8237789488933,1.80671247578568
1.65,1.35,0.975,1.82721692120512,1.81176824113723
1.65,1.35,1,1.8304854118216,1.81658382713982
1.65,1.375,0.6,1.75715491692951,1.70431943142777
1.65,1.375,0.625,1.76341798368072,1.71362280799698
1.65,1.375,0.65,1.76951687621837,1.72270153202739
1.65,1.375,0.675,1.77543290740725,1.73159278566795
1.65,1.375,0.7,1.78111270139099,1.74020589440049
1.65,1.375,0.725,1.78655740349049,1.74858569967332
1.65,1.375,0.75,1.7917952373238,1.75655074760418
1.65,1.375,0.775,1.79681044891246,1.76419651613974
1.65,1.375,0.8,1.80161308766727,1.771502409522
1.65,1.375,0.825,1.80617018347112,1.77848152589099
1.65,1.375,0.85,1.81051941428014,1.78512481628229
1.65,1.375,0.875,1.814709260113,1.79138512884462
1.65,1.375,0.9,1.81866938054016,1.79735349544715
1.65,1.375,0.925,1.82245247343236,1.80300624773099
1.65,1.375,0.95,1.82604087133692,1.80840518914579
1.65,1.375,0.975,1.82947965243309,1.81346826315863
1.65,1.375,1,1.83275859715114,1.81828564744635
1.65,1.4,0.6,1.75909848050737,1.7057807234066
1.65,1.4,0.625,1.76541276276658,1.71511928325737
1.65,1.4,0.65,1.77154880748227,1.72421553030283
1.65,1.4,0.675,1.77746246047214,1.73312613281339
1.65,1.4,0.7,1.78317825455508,1.74176307102349
1.65,1.4,0.725,1.78862700993178,1.75014701234249
1.65,1.4,0.75,1.79388723239679,1.75811979320188
1.65,1.4,0.775,1.7989334733934,1.7657862941296
1.65,1.4,0.8,1.80372332477979,1.77309334361744
1.65,1.4,0.825,1.80826024081828,1.78006096871986
1.65,1.4,0.85,1.81263345329178,1.78672070442199
1.65,1.4,0.875,1.81685452230076,1.79299102445005
1.65,1.4,0.9,1.82078617515596,1.79895194766775
1.65,1.4,0.925,1.82458834740374,1.80461105352924
1.65,1.4,0.95,1.82817162935883,1.81000809563304
1.65,1.4,0.975,1.83161978238195,1.81506850517534
1.65,1.4,1,1.83488841609557,1.81988683452691
1.65,1.425,0.6,1.76111654368159,1.70710992870696
1.65,1.425,0.625,1.76742942793159,1.71647122824837
1.65,1.425,0.65,1.77357062812663,1.72560131513654
1.65,1.425,0.675,1.77952132399449,1.73453619586958
1.65,1.425,0.7,1.78522976592199,1.74318557638914
1.65,1.425,0.725,1.79069829250179,1.75159575251926
1.65,1.425,0.75,1.7959567221339,1.75958684491168
1.65,1.425,0.775,1.80098939132996,1.76725399770231
1.65,1.425,0.8,1.80580458001628,1.77457630831821
1.65,1.425,0.825,1.81037184519685,1.78156955818383
1.65,1.425,0.85,1.81473082253049,1.78822361712491
1.65,1.425,0.875,1.81892900829554,1.7944933364069
1.65,1.425,0.9,1.82289420485537,1.80046867670122
1.65,1.425,0.925,1.82668175450623,1.8061265506948
1.65,1.425,0.95,1.83027347604692,1.81152937626291
1.65,1.425,0.975,1.83371510680429,1.81659593811991
1.65,1.425,1,1.83699602360649,1.82141554406239
1.65,1.45,0.6,1.76289759894831,1.70846405267255
1.65,1.45,0.625,1.76925709510549,1.71785648763712
1.65,1.45,0.65,1.775431952361,1.72700168940151
1.65,1.45,0.675,1.78137939153783,1.73595387627955
1.65,1.45,0.7,1.78712060600987,1.74462498729277
1.65,1.45,0.725,1.79259194220708,1.75303857057216
1.65,1.45,0.75,1.79787070343304,1.76103609100856
1.65,1.45,0.775,1.80293163685441,1.76872131981352
1.65,1.45,0.8,1.80773440897494,1.77604503048025
1.65,1.45,0.825,1.81228211029555,1.78302792629301
1.65,1.45,0.85,1.81666312165158,1.78969636874478
1.65,1.45,0.875,1.82089022184276,1.79597427693302
1.65,1.45,0.9,1.82482850450012,1.80194304807106
1.65,1.45,0.925,1.82863356420841,1.8076065133363
1.65,1.45,0.95,1.83222019815078,1.81300744175459
1.65,1.45,0.975,1.83567046729198,1.8180711657632
1.65,1.45,1,1.83894156751724,1.8228914909689
1.65,1.475,0.6,1.7647184508373,1.70962061199593
1.65,1.475,0.625,1.77110036462522,1.71908244052901
1.65,1.475,0.65,1.7772804749087,1.72824824354917
1.65,1.475,0.675,1.78324717834848,1.73722297387467
1.65,1.475,0.7,1.78899509070528,1.74591354145765
1.65,1.475,0.725,1.79448479213686,1.75434540871622
1.65,1.475,0.75,1.79976208404567,1.76235307440131
1.65,1.475,0.775,1.8048271251252,1.77007436983882
1.65,1.475,0.8,1.80963733999374,1.77738448302285
1.65,1.475,0.825,1.81419570918478,1.78435051290848
1.65,1.475,0.85,1.818581254685,1.7910490341061
1.65,1.475,0.875,1.82280113463304,1.79735093305173
1.65,1.475,0.9,1.82674732850616,1.80330269439952
1.65,1.475,0.925,1.83054985663846,1.80897335566043
1.65,1.475,0.95,1.83414354578396,1.81437696985844
1.65,1.475,0.975,1.83758849426526,1.81944213117674
1.65,1.475,1,1.84086302189707,1.82426309370262
1.65,1.5,0.6,1.76638862778266,1.71095588384011
1.65,1.5,0.625,1.77278809171735,1.72039571834844
1.65,1.5,0.65,1.77899712783957,1.72958412912893
1.65,1.5,0.675,1.7849742108117,1.73857298623992
1.65,1.5,0.7,1.7907375964055,1.74727412491082
1.65,1.5,0.725,1.79622857462277,1.75571375404246
1.65,1.5,0.75,1.80152335482674,1.76373299467848
1.65,1.5,0.775,1.80659687601668,1.77143462589935
1.65,1.5,0.8,1.81141070604704,1.77877274622586
1.65,1.5,0.825,1.81596761304134,1.78576885895734
1.65,1.5,0.85,1.8203551334166,1.79244475516607
1.65,1.5,0.875,1.82458716202048,1.7987291796698
1.65,1.5,0.9,1.8285309930813,1.80470458066588
1.65,1.5,0.925,1.83233826703131,1.81037162012451
1.65,1.5,0.95,1.83592755368648,1.81577571214539
1.65,1.5,0.975,1.83937938563511,1.82084213939331
1.65,1.5,1,1.84265237452489,1.82566398315289
